JVM info: Oracle Corporation - 21.0.8 - 21.0.8+12-LTS-jvmci-23.1-b72
java.net.preferIPv4Stack=true
Current Time: 24/06/2026 10:00:09
Host: maven.neoforged.net [37.19.194.80, 212.102.56.179, 195.181.175.41, 195.181.170.19, 79.127.211.89, 79.127.216.204, 2a02:6ea0:c77a:0:0:0:0:47, 2a02:6ea0:c77a:0:0:0:0:48, 2a02:6ea0:c700:0:0:0:0:19, 2a02:6ea0:c700:0:0:0:0:11, 2a02:6ea0:c700:0:0:0:0:21, 2a02:6ea0:c700:0:0:0:0:101]
Host: libraries.minecraft.net [150.171.109.101, 2603:1061:14:63:0:0:0:1]
Host: launchermeta.mojang.com [150.171.109.101, 2603:1061:14:64:0:0:0:1]
Host: piston-meta.mojang.com [150.171.109.101, 2603:1061:14:63:0:0:0:1]
Host: sessionserver.mojang.com [150.171.109.101, 2603:1061:14:64:0:0:0:1]
Found java version 21.0.8
Target Directory: .
Following redirect: https://neoforged.net/mirrorlist.json
Considering Minecraft server jar
Downloading library from https://piston-meta.mojang.com/v1/packages/eb8e6accb7544bf7f666ffa18e0140db1136d7ad/1.21.1.json
	Download completed: Checksum validated.
Downloading library from https://piston-data.mojang.com/v1/objects/59353fb40c36d304f2035d51e7d6e6baa98dc05c/server.jar
	Download completed: Checksum validated.
Downloading libraries
Found 0 additional library directories
Considering library net.neoforged.fancymodloader:earlydisplay:4.0.42
Downloading library from https://maven.neoforged.net/releases/net/neoforged/fancymodloader/earlydisplay/4.0.42/earlydisplay-4.0.42.jar
	Download completed: Checksum validated.
Considering library net.neoforged.fancymodloader:loader:4.0.42
Downloading library from https://maven.neoforged.net/releases/net/neoforged/fancymodloader/loader/4.0.42/loader-4.0.42.jar
	Download completed: Checksum validated.
Considering library net.neoforged.accesstransformers:at-modlauncher:10.0.1
Downloading library from https://maven.neoforged.net/releases/net/neoforged/accesstransformers/at-modlauncher/10.0.1/at-modlauncher-10.0.1.jar
	Download completed: Checksum validated.
Considering library net.neoforged:accesstransformers:10.0.1
Downloading library from https://maven.neoforged.net/releases/net/neoforged/accesstransformers/10.0.1/accesstransformers-10.0.1.jar
	Download completed: Checksum validated.
Considering library net.neoforged:bus:8.0.5
Downloading library from https://maven.neoforged.net/releases/net/neoforged/bus/8.0.5/bus-8.0.5.jar
	Download completed: Checksum validated.
Considering library net.neoforged:coremods:7.0.3
Downloading library from https://maven.neoforged.net/releases/net/neoforged/coremods/7.0.3/coremods-7.0.3.jar
	Download completed: Checksum validated.
Considering library cpw.mods:modlauncher:11.0.5
Downloading library from https://maven.neoforged.net/releases/cpw/mods/modlauncher/11.0.5/modlauncher-11.0.5.jar
	Download completed: Checksum validated.
Considering library net.neoforged:mergetool:2.0.0:api
Downloading library from https://maven.neoforged.net/releases/net/neoforged/mergetool/2.0.0/mergetool-2.0.0-api.jar
	Download completed: Checksum validated.
Considering library com.electronwill.night-config:toml:3.8.3
Downloading library from https://maven.neoforged.net/releases/com/electronwill/night-config/toml/3.8.3/toml-3.8.3.jar
	Download completed: Checksum validated.
Considering library com.electronwill.night-config:core:3.8.3
Downloading library from https://maven.neoforged.net/releases/com/electronwill/night-config/core/3.8.3/core-3.8.3.jar
	Download completed: Checksum validated.
Considering library net.neoforged:JarJarSelector:0.4.1
Downloading library from https://maven.neoforged.net/releases/net/neoforged/JarJarSelector/0.4.1/JarJarSelector-0.4.1.jar
	Download completed: Checksum validated.
Considering library net.neoforged:JarJarMetadata:0.4.1
Downloading library from https://maven.neoforged.net/releases/net/neoforged/JarJarMetadata/0.4.1/JarJarMetadata-0.4.1.jar
	Download completed: Checksum validated.
Considering library org.apache.maven:maven-artifact:3.8.5
Downloading library from https://maven.neoforged.net/releases/org/apache/maven/maven-artifact/3.8.5/maven-artifact-3.8.5.jar
	Download completed: Checksum validated.
Considering library net.jodah:typetools:0.6.3
Downloading library from https://maven.neoforged.net/releases/net/jodah/typetools/0.6.3/typetools-0.6.3.jar
	Download completed: Checksum validated.
Considering library net.minecrell:terminalconsoleappender:1.3.0
Downloading library from https://maven.neoforged.net/releases/net/minecrell/terminalconsoleappender/1.3.0/terminalconsoleappender-1.3.0.jar
	Download completed: Checksum validated.
Considering library net.fabricmc:sponge-mixin:0.15.2+mixin.0.8.7
Downloading library from https://maven.neoforged.net/releases/net/fabricmc/sponge-mixin/0.15.2+mixin.0.8.7/sponge-mixin-0.15.2+mixin.0.8.7.jar
	Download completed: Checksum validated.
Considering library org.openjdk.nashorn:nashorn-core:15.4
Downloading library from https://maven.neoforged.net/releases/org/openjdk/nashorn/nashorn-core/15.4/nashorn-core-15.4.jar
	Download completed: Checksum validated.
Considering library org.apache.commons:commons-lang3:3.14.0
Downloading library from https://libraries.minecraft.net/org/apache/commons/commons-lang3/3.14.0/commons-lang3-3.14.0.jar
	Download completed: Checksum validated.
Considering library cpw.mods:bootstraplauncher:2.0.2
Downloading library from https://maven.neoforged.net/releases/cpw/mods/bootstraplauncher/2.0.2/bootstraplauncher-2.0.2.jar
	Download completed: Checksum validated.
Considering library cpw.mods:securejarhandler:3.0.8
Downloading library from https://maven.neoforged.net/releases/cpw/mods/securejarhandler/3.0.8/securejarhandler-3.0.8.jar
	Download completed: Checksum validated.
Considering library org.ow2.asm:asm-commons:9.8
Downloading library from https://maven.neoforged.net/releases/org/ow2/asm/asm-commons/9.8/asm-commons-9.8.jar
	Download completed: Checksum validated.
Considering library org.ow2.asm:asm-util:9.8
Downloading library from https://maven.neoforged.net/releases/org/ow2/asm/asm-util/9.8/asm-util-9.8.jar
	Download completed: Checksum validated.
Considering library org.ow2.asm:asm-analysis:9.8
Downloading library from https://maven.neoforged.net/releases/org/ow2/asm/asm-analysis/9.8/asm-analysis-9.8.jar
	Download completed: Checksum validated.
Considering library org.ow2.asm:asm-tree:9.8
Downloading library from https://maven.neoforged.net/releases/org/ow2/asm/asm-tree/9.8/asm-tree-9.8.jar
	Download completed: Checksum validated.
Considering library org.ow2.asm:asm:9.8
Downloading library from https://maven.neoforged.net/releases/org/ow2/asm/asm/9.8/asm-9.8.jar
	Download completed: Checksum validated.
Considering library net.neoforged:JarJarFileSystems:0.4.1
Downloading library from https://maven.neoforged.net/releases/net/neoforged/JarJarFileSystems/0.4.1/JarJarFileSystems-0.4.1.jar
	Download completed: Checksum validated.
Considering library net.sf.jopt-simple:jopt-simple:5.0.4
Downloading library from https://libraries.minecraft.net/net/sf/jopt-simple/jopt-simple/5.0.4/jopt-simple-5.0.4.jar
	Download completed: Checksum validated.
Considering library org.slf4j:slf4j-api:2.0.9
Downloading library from https://libraries.minecraft.net/org/slf4j/slf4j-api/2.0.9/slf4j-api-2.0.9.jar
	Download completed: Checksum validated.
Considering library org.antlr:antlr4-runtime:4.13.1
Downloading library from https://maven.neoforged.net/releases/org/antlr/antlr4-runtime/4.13.1/antlr4-runtime-4.13.1.jar
	Download completed: Checksum validated.
Considering library com.mojang:logging:1.2.7
Downloading library from https://libraries.minecraft.net/com/mojang/logging/1.2.7/logging-1.2.7.jar
	Download completed: Checksum validated.
Considering library org.apache.logging.log4j:log4j-slf4j2-impl:2.22.1
Downloading library from https://libraries.minecraft.net/org/apache/logging/log4j/log4j-slf4j2-impl/2.22.1/log4j-slf4j2-impl-2.22.1.jar
	Download completed: Checksum validated.
Considering library org.apache.logging.log4j:log4j-core:2.22.1
Downloading library from https://libraries.minecraft.net/org/apache/logging/log4j/log4j-core/2.22.1/log4j-core-2.22.1.jar
	Download completed: Checksum validated.
Considering library org.apache.logging.log4j:log4j-api:2.22.1
Downloading library from https://libraries.minecraft.net/org/apache/logging/log4j/log4j-api/2.22.1/log4j-api-2.22.1.jar
	Download completed: Checksum validated.
Considering library org.jline:jline-reader:3.20.0
Downloading library from https://maven.neoforged.net/releases/org/jline/jline-reader/3.20.0/jline-reader-3.20.0.jar
	Download completed: Checksum validated.
Considering library org.jline:jline-terminal:3.20.0
Downloading library from https://maven.neoforged.net/releases/org/jline/jline-terminal/3.20.0/jline-terminal-3.20.0.jar
	Download completed: Checksum validated.
Considering library commons-io:commons-io:2.15.1
Downloading library from https://libraries.minecraft.net/commons-io/commons-io/2.15.1/commons-io-2.15.1.jar
	Download completed: Checksum validated.
Considering library net.minecraftforge:srgutils:0.4.15
Downloading library from https://maven.neoforged.net/releases/net/minecraftforge/srgutils/0.4.15/srgutils-0.4.15.jar
	Download completed: Checksum validated.
Considering library com.google.guava:guava:32.1.2-jre
Downloading library from https://libraries.minecraft.net/com/google/guava/guava/32.1.2-jre/guava-32.1.2-jre.jar
	Download completed: Checksum validated.
Considering library com.google.guava:failureaccess:1.0.1
Downloading library from https://libraries.minecraft.net/com/google/guava/failureaccess/1.0.1/failureaccess-1.0.1.jar
	Download completed: Checksum validated.
Considering library com.google.guava:listenablefuture:9999.0-empty-to-avoid-conflict-with-guava
Downloading library from https://libraries.minecraft.net/com/google/guava/listenablefuture/9999.0-empty-to-avoid-conflict-with-guava/listenablefuture-9999.0-empty-to-avoid-conflict-with-guava.jar
	Download completed: Checksum validated.
Considering library com.google.code.findbugs:jsr305:3.0.2
Downloading library from https://libraries.minecraft.net/com/google/code/findbugs/jsr305/3.0.2/jsr305-3.0.2.jar
	Download completed: Checksum validated.
Considering library org.checkerframework:checker-qual:3.33.0
Downloading library from https://libraries.minecraft.net/org/checkerframework/checker-qual/3.33.0/checker-qual-3.33.0.jar
	Download completed: Checksum validated.
Considering library com.google.errorprone:error_prone_annotations:2.18.0
Downloading library from https://libraries.minecraft.net/com/google/errorprone/error_prone_annotations/2.18.0/error_prone_annotations-2.18.0.jar
	Download completed: Checksum validated.
Considering library com.google.j2objc:j2objc-annotations:2.8
Downloading library from https://libraries.minecraft.net/com/google/j2objc/j2objc-annotations/2.8/j2objc-annotations-2.8.jar
	Download completed: Checksum validated.
Considering library com.google.code.gson:gson:2.10.1
Downloading library from https://libraries.minecraft.net/com/google/code/gson/gson/2.10.1/gson-2.10.1.jar
	Download completed: Checksum validated.
Considering library org.codehaus.plexus:plexus-utils:3.3.0
Downloading library from https://maven.neoforged.net/releases/org/codehaus/plexus/plexus-utils/3.3.0/plexus-utils-3.3.0.jar
	Download completed: Checksum validated.
Considering library com.machinezoo.noexception:noexception:1.7.1
Downloading library from https://maven.neoforged.net/releases/com/machinezoo/noexception/noexception/1.7.1/noexception-1.7.1.jar
	Download completed: Checksum validated.
Considering library net.neoforged.fancymodloader:earlydisplay:4.0.42
File ./libraries/net/neoforged/fancymodloader/earlydisplay/4.0.42/earlydisplay-4.0.42.jar exists. Checksum valid.
Considering library net.neoforged.fancymodloader:loader:4.0.42
File ./libraries/net/neoforged/fancymodloader/loader/4.0.42/loader-4.0.42.jar exists. Checksum valid.
Considering library net.neoforged.accesstransformers:at-modlauncher:10.0.1
File ./libraries/net/neoforged/accesstransformers/at-modlauncher/10.0.1/at-modlauncher-10.0.1.jar exists. Checksum valid.
Considering library net.neoforged:accesstransformers:10.0.1
File ./libraries/net/neoforged/accesstransformers/10.0.1/accesstransformers-10.0.1.jar exists. Checksum valid.
Considering library net.neoforged:bus:8.0.5
File ./libraries/net/neoforged/bus/8.0.5/bus-8.0.5.jar exists. Checksum valid.
Considering library net.neoforged:coremods:7.0.3
File ./libraries/net/neoforged/coremods/7.0.3/coremods-7.0.3.jar exists. Checksum valid.
Considering library cpw.mods:modlauncher:11.0.5
File ./libraries/cpw/mods/modlauncher/11.0.5/modlauncher-11.0.5.jar exists. Checksum valid.
Considering library net.neoforged:mergetool:2.0.0:api
File ./libraries/net/neoforged/mergetool/2.0.0/mergetool-2.0.0-api.jar exists. Checksum valid.
Considering library com.electronwill.night-config:toml:3.8.3
File ./libraries/com/electronwill/night-config/toml/3.8.3/toml-3.8.3.jar exists. Checksum valid.
Considering library com.electronwill.night-config:core:3.8.3
File ./libraries/com/electronwill/night-config/core/3.8.3/core-3.8.3.jar exists. Checksum valid.
Considering library net.neoforged:JarJarSelector:0.4.1
File ./libraries/net/neoforged/JarJarSelector/0.4.1/JarJarSelector-0.4.1.jar exists. Checksum valid.
Considering library net.neoforged:JarJarMetadata:0.4.1
File ./libraries/net/neoforged/JarJarMetadata/0.4.1/JarJarMetadata-0.4.1.jar exists. Checksum valid.
Considering library org.apache.maven:maven-artifact:3.8.5
File ./libraries/org/apache/maven/maven-artifact/3.8.5/maven-artifact-3.8.5.jar exists. Checksum valid.
Considering library net.jodah:typetools:0.6.3
File ./libraries/net/jodah/typetools/0.6.3/typetools-0.6.3.jar exists. Checksum valid.
Considering library net.minecrell:terminalconsoleappender:1.3.0
File ./libraries/net/minecrell/terminalconsoleappender/1.3.0/terminalconsoleappender-1.3.0.jar exists. Checksum valid.
Considering library net.fabricmc:sponge-mixin:0.15.2+mixin.0.8.7
File ./libraries/net/fabricmc/sponge-mixin/0.15.2+mixin.0.8.7/sponge-mixin-0.15.2+mixin.0.8.7.jar exists. Checksum valid.
Considering library org.openjdk.nashorn:nashorn-core:15.4
File ./libraries/org/openjdk/nashorn/nashorn-core/15.4/nashorn-core-15.4.jar exists. Checksum valid.
Considering library org.apache.commons:commons-lang3:3.14.0
File ./libraries/org/apache/commons/commons-lang3/3.14.0/commons-lang3-3.14.0.jar exists. Checksum valid.
Considering library cpw.mods:bootstraplauncher:2.0.2
File ./libraries/cpw/mods/bootstraplauncher/2.0.2/bootstraplauncher-2.0.2.jar exists. Checksum valid.
Considering library cpw.mods:securejarhandler:3.0.8
File ./libraries/cpw/mods/securejarhandler/3.0.8/securejarhandler-3.0.8.jar exists. Checksum valid.
Considering library org.ow2.asm:asm-commons:9.8
File ./libraries/org/ow2/asm/asm-commons/9.8/asm-commons-9.8.jar exists. Checksum valid.
Considering library org.ow2.asm:asm-util:9.8
File ./libraries/org/ow2/asm/asm-util/9.8/asm-util-9.8.jar exists. Checksum valid.
Considering library org.ow2.asm:asm-analysis:9.8
File ./libraries/org/ow2/asm/asm-analysis/9.8/asm-analysis-9.8.jar exists. Checksum valid.
Considering library org.ow2.asm:asm-tree:9.8
File ./libraries/org/ow2/asm/asm-tree/9.8/asm-tree-9.8.jar exists. Checksum valid.
Considering library org.ow2.asm:asm:9.8
File ./libraries/org/ow2/asm/asm/9.8/asm-9.8.jar exists. Checksum valid.
Considering library net.neoforged:JarJarFileSystems:0.4.1
File ./libraries/net/neoforged/JarJarFileSystems/0.4.1/JarJarFileSystems-0.4.1.jar exists. Checksum valid.
Considering library net.sf.jopt-simple:jopt-simple:5.0.4
File ./libraries/net/sf/jopt-simple/jopt-simple/5.0.4/jopt-simple-5.0.4.jar exists. Checksum valid.
Considering library org.slf4j:slf4j-api:2.0.9
File ./libraries/org/slf4j/slf4j-api/2.0.9/slf4j-api-2.0.9.jar exists. Checksum valid.
Considering library org.antlr:antlr4-runtime:4.13.1
File ./libraries/org/antlr/antlr4-runtime/4.13.1/antlr4-runtime-4.13.1.jar exists. Checksum valid.
Considering library com.mojang:logging:1.2.7
File ./libraries/com/mojang/logging/1.2.7/logging-1.2.7.jar exists. Checksum valid.
Considering library org.apache.logging.log4j:log4j-slf4j2-impl:2.22.1
File ./libraries/org/apache/logging/log4j/log4j-slf4j2-impl/2.22.1/log4j-slf4j2-impl-2.22.1.jar exists. Checksum valid.
Considering library org.apache.logging.log4j:log4j-core:2.22.1
File ./libraries/org/apache/logging/log4j/log4j-core/2.22.1/log4j-core-2.22.1.jar exists. Checksum valid.
Considering library org.apache.logging.log4j:log4j-api:2.22.1
File ./libraries/org/apache/logging/log4j/log4j-api/2.22.1/log4j-api-2.22.1.jar exists. Checksum valid.
Considering library org.jline:jline-reader:3.20.0
File ./libraries/org/jline/jline-reader/3.20.0/jline-reader-3.20.0.jar exists. Checksum valid.
Considering library org.jline:jline-terminal:3.20.0
File ./libraries/org/jline/jline-terminal/3.20.0/jline-terminal-3.20.0.jar exists. Checksum valid.
Considering library commons-io:commons-io:2.15.1
File ./libraries/commons-io/commons-io/2.15.1/commons-io-2.15.1.jar exists. Checksum valid.
Considering library net.minecraftforge:srgutils:0.4.15
File ./libraries/net/minecraftforge/srgutils/0.4.15/srgutils-0.4.15.jar exists. Checksum valid.
Considering library com.google.guava:guava:32.1.2-jre
File ./libraries/com/google/guava/guava/32.1.2-jre/guava-32.1.2-jre.jar exists. Checksum valid.
Considering library com.google.guava:failureaccess:1.0.1
File ./libraries/com/google/guava/failureaccess/1.0.1/failureaccess-1.0.1.jar exists. Checksum valid.
Considering library com.google.guava:listenablefuture:9999.0-empty-to-avoid-conflict-with-guava
File ./libraries/com/google/guava/listenablefuture/9999.0-empty-to-avoid-conflict-with-guava/listenablefuture-9999.0-empty-to-avoid-conflict-with-guava.jar exists. Checksum valid.
Considering library com.google.code.findbugs:jsr305:3.0.2
File ./libraries/com/google/code/findbugs/jsr305/3.0.2/jsr305-3.0.2.jar exists. Checksum valid.
Considering library org.checkerframework:checker-qual:3.33.0
File ./libraries/org/checkerframework/checker-qual/3.33.0/checker-qual-3.33.0.jar exists. Checksum valid.
Considering library com.google.errorprone:error_prone_annotations:2.18.0
File ./libraries/com/google/errorprone/error_prone_annotations/2.18.0/error_prone_annotations-2.18.0.jar exists. Checksum valid.
Considering library com.google.j2objc:j2objc-annotations:2.8
File ./libraries/com/google/j2objc/j2objc-annotations/2.8/j2objc-annotations-2.8.jar exists. Checksum valid.
Considering library com.google.code.gson:gson:2.10.1
File ./libraries/com/google/code/gson/gson/2.10.1/gson-2.10.1.jar exists. Checksum valid.
Considering library org.codehaus.plexus:plexus-utils:3.3.0
File ./libraries/org/codehaus/plexus/plexus-utils/3.3.0/plexus-utils-3.3.0.jar exists. Checksum valid.
Considering library com.machinezoo.noexception:noexception:1.7.1
File ./libraries/com/machinezoo/noexception/noexception/1.7.1/noexception-1.7.1.jar exists. Checksum valid.
Considering library net.neoforged:neoform:1.21.1-20240808.144430@zip
Downloading library from https://maven.neoforged.net/releases/net/neoforged/neoform/1.21.1-20240808.144430/neoform-1.21.1-20240808.144430.zip
	Download completed: Checksum validated.
Considering library net.neoforged.installertools:binarypatcher:2.1.2:fatjar
Downloading library from https://maven.neoforged.net/releases/net/neoforged/installertools/binarypatcher/2.1.2/binarypatcher-2.1.2-fatjar.jar
	Download completed: Checksum validated.
Considering library net.neoforged:AutoRenamingTool:2.0.3:all
Downloading library from https://maven.neoforged.net/releases/net/neoforged/AutoRenamingTool/2.0.3/AutoRenamingTool-2.0.3-all.jar
	Download completed: Checksum validated.
Considering library net.neoforged.installertools:installertools:2.1.2
Downloading library from https://maven.neoforged.net/releases/net/neoforged/installertools/installertools/2.1.2/installertools-2.1.2.jar
	Download completed: Checksum validated.
Considering library net.neoforged:srgutils:1.0.0
Downloading library from https://maven.neoforged.net/releases/net/neoforged/srgutils/1.0.0/srgutils-1.0.0.jar
	Download completed: Checksum validated.
Considering library net.md-5:SpecialSource:1.11.0
Downloading library from https://maven.neoforged.net/releases/net/md-5/SpecialSource/1.11.0/SpecialSource-1.11.0.jar
	Download completed: Checksum validated.
Considering library com.google.code.gson:gson:2.8.9
Downloading library from https://libraries.minecraft.net/com/google/code/gson/gson/2.8.9/gson-2.8.9.jar
	Download completed: Checksum validated.
Considering library de.siegmar:fastcsv:2.0.0
Downloading library from https://maven.neoforged.net/releases/de/siegmar/fastcsv/2.0.0/fastcsv-2.0.0.jar
	Download completed: Checksum validated.
Considering library org.ow2.asm:asm-commons:9.3
Downloading library from https://maven.neoforged.net/releases/org/ow2/asm/asm-commons/9.3/asm-commons-9.3.jar
	Download completed: Checksum validated.
Considering library net.neoforged.installertools:cli-utils:2.1.2
Downloading library from https://maven.neoforged.net/releases/net/neoforged/installertools/cli-utils/2.1.2/cli-utils-2.1.2.jar
	Download completed: Checksum validated.
Considering library com.google.guava:guava:20.0
Downloading library from https://maven.neoforged.net/releases/com/google/guava/guava/20.0/guava-20.0.jar
	Download completed: Checksum validated.
Considering library com.opencsv:opencsv:4.4
Downloading library from https://maven.neoforged.net/releases/com/opencsv/opencsv/4.4/opencsv-4.4.jar
	Download completed: Checksum validated.
Considering library org.ow2.asm:asm-analysis:9.3
Downloading library from https://maven.neoforged.net/releases/org/ow2/asm/asm-analysis/9.3/asm-analysis-9.3.jar
	Download completed: Checksum validated.
Considering library org.ow2.asm:asm-tree:9.3
Downloading library from https://maven.neoforged.net/releases/org/ow2/asm/asm-tree/9.3/asm-tree-9.3.jar
	Download completed: Checksum validated.
Considering library org.ow2.asm:asm:9.3
Downloading library from https://libraries.minecraft.net/org/ow2/asm/asm/9.3/asm-9.3.jar
	Download completed: Checksum validated.
Considering library org.apache.commons:commons-text:1.3
Downloading library from https://maven.neoforged.net/releases/org/apache/commons/commons-text/1.3/commons-text-1.3.jar
	Download completed: Checksum validated.
Considering library org.apache.commons:commons-lang3:3.8.1
Downloading library from https://maven.neoforged.net/releases/org/apache/commons/commons-lang3/3.8.1/commons-lang3-3.8.1.jar
	Download completed: Checksum validated.
Considering library commons-beanutils:commons-beanutils:1.9.3
Downloading library from https://maven.neoforged.net/releases/commons-beanutils/commons-beanutils/1.9.3/commons-beanutils-1.9.3.jar
	Download completed: Checksum validated.
Considering library org.apache.commons:commons-collections4:4.2
Downloading library from https://maven.neoforged.net/releases/org/apache/commons/commons-collections4/4.2/commons-collections4-4.2.jar
	Download completed: Checksum validated.
Considering library commons-logging:commons-logging:1.2
Downloading library from https://libraries.minecraft.net/commons-logging/commons-logging/1.2/commons-logging-1.2.jar
	Download completed: Checksum validated.
Considering library commons-collections:commons-collections:3.2.2
Downloading library from https://maven.neoforged.net/releases/commons-collections/commons-collections/3.2.2/commons-collections-3.2.2.jar
	Download completed: Checksum validated.
Considering library net.neoforged.installertools:jarsplitter:2.1.2
Downloading library from https://maven.neoforged.net/releases/net/neoforged/installertools/jarsplitter/2.1.2/jarsplitter-2.1.2.jar
	Download completed: Checksum validated.
Considering library net.neoforged:neoforge:21.1.228:universal
Downloading library from https://maven.neoforged.net/releases/net/neoforged/neoforge/21.1.228/neoforge-21.1.228-universal.jar
	Download completed: Checksum validated.
Created Temporary Directory: /tmp/neoforge_installer16755220822791031194
  Extracting: /data/server.lzma
Building Processors
===============================================================================
Processor: net.neoforged.installertools:installertools -> EXTRACT_FILES
  MainClass: net.neoforged.installertools.ConsoleTool
  Classpath:
    /home/ubuntu/bettermc/./libraries/net/neoforged/installertools/installertools/2.1.2/installertools-2.1.2.jar
    /home/ubuntu/bettermc/./libraries/net/neoforged/installertools/installertools/2.1.2/installertools-2.1.2.jar
    /home/ubuntu/bettermc/./libraries/net/neoforged/srgutils/1.0.0/srgutils-1.0.0.jar
    /home/ubuntu/bettermc/./libraries/net/md-5/SpecialSource/1.11.0/SpecialSource-1.11.0.jar
    /home/ubuntu/bettermc/./libraries/net/sf/jopt-simple/jopt-simple/5.0.4/jopt-simple-5.0.4.jar
    /home/ubuntu/bettermc/./libraries/com/google/code/gson/gson/2.8.9/gson-2.8.9.jar
    /home/ubuntu/bettermc/./libraries/de/siegmar/fastcsv/2.0.0/fastcsv-2.0.0.jar
    /home/ubuntu/bettermc/./libraries/org/ow2/asm/asm-commons/9.3/asm-commons-9.3.jar
    /home/ubuntu/bettermc/./libraries/net/neoforged/installertools/cli-utils/2.1.2/cli-utils-2.1.2.jar
    /home/ubuntu/bettermc/./libraries/com/google/guava/guava/20.0/guava-20.0.jar
    /home/ubuntu/bettermc/./libraries/com/opencsv/opencsv/4.4/opencsv-4.4.jar
    /home/ubuntu/bettermc/./libraries/org/ow2/asm/asm-analysis/9.3/asm-analysis-9.3.jar
    /home/ubuntu/bettermc/./libraries/org/ow2/asm/asm-tree/9.3/asm-tree-9.3.jar
    /home/ubuntu/bettermc/./libraries/org/ow2/asm/asm/9.3/asm-9.3.jar
    /home/ubuntu/bettermc/./libraries/org/apache/commons/commons-text/1.3/commons-text-1.3.jar
    /home/ubuntu/bettermc/./libraries/org/apache/commons/commons-lang3/3.8.1/commons-lang3-3.8.1.jar
    /home/ubuntu/bettermc/./libraries/commons-beanutils/commons-beanutils/1.9.3/commons-beanutils-1.9.3.jar
    /home/ubuntu/bettermc/./libraries/org/apache/commons/commons-collections4/4.2/commons-collections4-4.2.jar
    /home/ubuntu/bettermc/./libraries/commons-logging/commons-logging/1.2/commons-logging-1.2.jar
    /home/ubuntu/bettermc/./libraries/commons-collections/commons-collections/3.2.2/commons-collections-3.2.2.jar
  Args: --task, EXTRACT_FILES, --archive, /home/ubuntu/bettermc/neoforge-21.1.228-installer.jar, --from, data/run.sh, --to, /home/ubuntu/bettermc/./run.sh, --exec, /home/ubuntu/bettermc/./run.sh, --from, data/run.bat, --to, /home/ubuntu/bettermc/./run.bat, --from, data/user_jvm_args.txt, --to, /home/ubuntu/bettermc/./user_jvm_args.txt, --optional, /home/ubuntu/bettermc/./user_jvm_args.txt, --from, data/win_args.txt, --to, /home/ubuntu/bettermc/./libraries/net/neoforged/neoforge/21.1.228/win_args.txt, --from, data/unix_args.txt, --to, /home/ubuntu/bettermc/./libraries/net/neoforged/neoforge/21.1.228/unix_args.txt
Task: EXTRACT_FILES
Archive: /home/ubuntu/bettermc/neoforge-21.1.228-installer.jar
Extract: data/run.sh
         /home/ubuntu/bettermc/./run.sh
Extract: data/run.bat
         /home/ubuntu/bettermc/./run.bat
Extract: data/user_jvm_args.txt
         /home/ubuntu/bettermc/./user_jvm_args.txt
Extract: data/win_args.txt
         /home/ubuntu/bettermc/./libraries/net/neoforged/neoforge/21.1.228/win_args.txt
Extract: data/unix_args.txt
         /home/ubuntu/bettermc/./libraries/net/neoforged/neoforge/21.1.228/unix_args.txt
Exec:    /home/ubuntu/bettermc/./run.sh
===============================================================================
Processor: net.neoforged.installertools:installertools -> BUNDLER_EXTRACT
  MainClass: net.neoforged.installertools.ConsoleTool
  Classpath:
    /home/ubuntu/bettermc/./libraries/net/neoforged/installertools/installertools/2.1.2/installertools-2.1.2.jar
    /home/ubuntu/bettermc/./libraries/net/neoforged/installertools/installertools/2.1.2/installertools-2.1.2.jar
    /home/ubuntu/bettermc/./libraries/net/neoforged/srgutils/1.0.0/srgutils-1.0.0.jar
    /home/ubuntu/bettermc/./libraries/net/md-5/SpecialSource/1.11.0/SpecialSource-1.11.0.jar
    /home/ubuntu/bettermc/./libraries/net/sf/jopt-simple/jopt-simple/5.0.4/jopt-simple-5.0.4.jar
    /home/ubuntu/bettermc/./libraries/com/google/code/gson/gson/2.8.9/gson-2.8.9.jar
    /home/ubuntu/bettermc/./libraries/de/siegmar/fastcsv/2.0.0/fastcsv-2.0.0.jar
    /home/ubuntu/bettermc/./libraries/org/ow2/asm/asm-commons/9.3/asm-commons-9.3.jar
    /home/ubuntu/bettermc/./libraries/net/neoforged/installertools/cli-utils/2.1.2/cli-utils-2.1.2.jar
    /home/ubuntu/bettermc/./libraries/com/google/guava/guava/20.0/guava-20.0.jar
    /home/ubuntu/bettermc/./libraries/com/opencsv/opencsv/4.4/opencsv-4.4.jar
    /home/ubuntu/bettermc/./libraries/org/ow2/asm/asm-analysis/9.3/asm-analysis-9.3.jar
    /home/ubuntu/bettermc/./libraries/org/ow2/asm/asm-tree/9.3/asm-tree-9.3.jar
    /home/ubuntu/bettermc/./libraries/org/ow2/asm/asm/9.3/asm-9.3.jar
    /home/ubuntu/bettermc/./libraries/org/apache/commons/commons-text/1.3/commons-text-1.3.jar
    /home/ubuntu/bettermc/./libraries/org/apache/commons/commons-lang3/3.8.1/commons-lang3-3.8.1.jar
    /home/ubuntu/bettermc/./libraries/commons-beanutils/commons-beanutils/1.9.3/commons-beanutils-1.9.3.jar
    /home/ubuntu/bettermc/./libraries/org/apache/commons/commons-collections4/4.2/commons-collections4-4.2.jar
    /home/ubuntu/bettermc/./libraries/commons-logging/commons-logging/1.2/commons-logging-1.2.jar
    /home/ubuntu/bettermc/./libraries/commons-collections/commons-collections/3.2.2/commons-collections-3.2.2.jar
  Args: --task, BUNDLER_EXTRACT, --input, /home/ubuntu/bettermc/./libraries/net/minecraft/server/1.21.1/server-1.21.1.jar, --output, /home/ubuntu/bettermc/./libraries/, --libraries
Task: BUNDLER_EXTRACT
Input:   /home/ubuntu/bettermc/./libraries/net/minecraft/server/1.21.1/server-1.21.1.jar
Output:  /home/ubuntu/bettermc/./libraries
All:     false
JarOnly: false
Libs:    true
Extracted: libraries/com/github/oshi/oshi-core/6.4.10/oshi-core-6.4.10.jar
File already exists, and hash verified
File already exists, and hash verified
File already exists, and hash verified
Extracted: libraries/com/mojang/authlib/6.0.54/authlib-6.0.54.jar
Extracted: libraries/com/mojang/brigadier/1.3.10/brigadier-1.3.10.jar
Extracted: libraries/com/mojang/datafixerupper/8.0.16/datafixerupper-8.0.16.jar
File already exists, and hash verified
File already exists, and hash verified
Extracted: libraries/io/netty/netty-buffer/4.1.97.Final/netty-buffer-4.1.97.Final.jar
Extracted: libraries/io/netty/netty-codec/4.1.97.Final/netty-codec-4.1.97.Final.jar
Extracted: libraries/io/netty/netty-common/4.1.97.Final/netty-common-4.1.97.Final.jar
Extracted: libraries/io/netty/netty-handler/4.1.97.Final/netty-handler-4.1.97.Final.jar
Extracted: libraries/io/netty/netty-resolver/4.1.97.Final/netty-resolver-4.1.97.Final.jar
Extracted: libraries/io/netty/netty-transport/4.1.97.Final/netty-transport-4.1.97.Final.jar
Extracted: libraries/io/netty/netty-transport-classes-epoll/4.1.97.Final/netty-transport-classes-epoll-4.1.97.Final.jar
Extracted: libraries/io/netty/netty-transport-native-epoll/4.1.97.Final/netty-transport-native-epoll-4.1.97.Final-linux-x86_64.jar
Extracted: libraries/io/netty/netty-transport-native-epoll/4.1.97.Final/netty-transport-native-epoll-4.1.97.Final-linux-aarch_64.jar
Extracted: libraries/io/netty/netty-transport-native-unix-common/4.1.97.Final/netty-transport-native-unix-common-4.1.97.Final.jar
Extracted: libraries/it/unimi/dsi/fastutil/8.5.12/fastutil-8.5.12.jar
Extracted: libraries/net/java/dev/jna/jna/5.14.0/jna-5.14.0.jar
Extracted: libraries/net/java/dev/jna/jna-platform/5.14.0/jna-platform-5.14.0.jar
File already exists, and hash verified
File already exists, and hash verified
File already exists, and hash verified
File already exists, and hash verified
File already exists, and hash verified
Extracted: libraries/org/joml/joml/1.10.5/joml-1.10.5.jar
Extracted: libraries/org/lz4/lz4-java/1.8.0/lz4-java-1.8.0.jar
File already exists, and hash verified
===============================================================================
Processor: net.neoforged.installertools:installertools -> BUNDLER_EXTRACT
  MainClass: net.neoforged.installertools.ConsoleTool
  Classpath:
    /home/ubuntu/bettermc/./libraries/net/neoforged/installertools/installertools/2.1.2/installertools-2.1.2.jar
    /home/ubuntu/bettermc/./libraries/net/neoforged/installertools/installertools/2.1.2/installertools-2.1.2.jar
    /home/ubuntu/bettermc/./libraries/net/neoforged/srgutils/1.0.0/srgutils-1.0.0.jar
    /home/ubuntu/bettermc/./libraries/net/md-5/SpecialSource/1.11.0/SpecialSource-1.11.0.jar
    /home/ubuntu/bettermc/./libraries/net/sf/jopt-simple/jopt-simple/5.0.4/jopt-simple-5.0.4.jar
    /home/ubuntu/bettermc/./libraries/com/google/code/gson/gson/2.8.9/gson-2.8.9.jar
    /home/ubuntu/bettermc/./libraries/de/siegmar/fastcsv/2.0.0/fastcsv-2.0.0.jar
    /home/ubuntu/bettermc/./libraries/org/ow2/asm/asm-commons/9.3/asm-commons-9.3.jar
    /home/ubuntu/bettermc/./libraries/net/neoforged/installertools/cli-utils/2.1.2/cli-utils-2.1.2.jar
    /home/ubuntu/bettermc/./libraries/com/google/guava/guava/20.0/guava-20.0.jar
    /home/ubuntu/bettermc/./libraries/com/opencsv/opencsv/4.4/opencsv-4.4.jar
    /home/ubuntu/bettermc/./libraries/org/ow2/asm/asm-analysis/9.3/asm-analysis-9.3.jar
    /home/ubuntu/bettermc/./libraries/org/ow2/asm/asm-tree/9.3/asm-tree-9.3.jar
    /home/ubuntu/bettermc/./libraries/org/ow2/asm/asm/9.3/asm-9.3.jar
    /home/ubuntu/bettermc/./libraries/org/apache/commons/commons-text/1.3/commons-text-1.3.jar
    /home/ubuntu/bettermc/./libraries/org/apache/commons/commons-lang3/3.8.1/commons-lang3-3.8.1.jar
    /home/ubuntu/bettermc/./libraries/commons-beanutils/commons-beanutils/1.9.3/commons-beanutils-1.9.3.jar
    /home/ubuntu/bettermc/./libraries/org/apache/commons/commons-collections4/4.2/commons-collections4-4.2.jar
    /home/ubuntu/bettermc/./libraries/commons-logging/commons-logging/1.2/commons-logging-1.2.jar
    /home/ubuntu/bettermc/./libraries/commons-collections/commons-collections/3.2.2/commons-collections-3.2.2.jar
  Args: --task, BUNDLER_EXTRACT, --input, /home/ubuntu/bettermc/./libraries/net/minecraft/server/1.21.1/server-1.21.1.jar, --output, /home/ubuntu/bettermc/./libraries/net/minecraft/server/1.21.1-20240808.144430/server-1.21.1-20240808.144430-unpacked.jar, --jar-only
Task: BUNDLER_EXTRACT
Input:   /home/ubuntu/bettermc/./libraries/net/minecraft/server/1.21.1/server-1.21.1.jar
Output:  /home/ubuntu/bettermc/./libraries/net/minecraft/server/1.21.1-20240808.144430/server-1.21.1-20240808.144430-unpacked.jar
All:     false
JarOnly: true
Libs:    false
Extracted: versions/1.21.1/server-1.21.1.jar
===============================================================================
Processor: net.neoforged.installertools:installertools -> MCP_DATA
  MainClass: net.neoforged.installertools.ConsoleTool
  Classpath:
    /home/ubuntu/bettermc/./libraries/net/neoforged/installertools/installertools/2.1.2/installertools-2.1.2.jar
    /home/ubuntu/bettermc/./libraries/net/neoforged/installertools/installertools/2.1.2/installertools-2.1.2.jar
    /home/ubuntu/bettermc/./libraries/net/neoforged/srgutils/1.0.0/srgutils-1.0.0.jar
    /home/ubuntu/bettermc/./libraries/net/md-5/SpecialSource/1.11.0/SpecialSource-1.11.0.jar
    /home/ubuntu/bettermc/./libraries/net/sf/jopt-simple/jopt-simple/5.0.4/jopt-simple-5.0.4.jar
    /home/ubuntu/bettermc/./libraries/com/google/code/gson/gson/2.8.9/gson-2.8.9.jar
    /home/ubuntu/bettermc/./libraries/de/siegmar/fastcsv/2.0.0/fastcsv-2.0.0.jar
    /home/ubuntu/bettermc/./libraries/org/ow2/asm/asm-commons/9.3/asm-commons-9.3.jar
    /home/ubuntu/bettermc/./libraries/net/neoforged/installertools/cli-utils/2.1.2/cli-utils-2.1.2.jar
    /home/ubuntu/bettermc/./libraries/com/google/guava/guava/20.0/guava-20.0.jar
    /home/ubuntu/bettermc/./libraries/com/opencsv/opencsv/4.4/opencsv-4.4.jar
    /home/ubuntu/bettermc/./libraries/org/ow2/asm/asm-analysis/9.3/asm-analysis-9.3.jar
    /home/ubuntu/bettermc/./libraries/org/ow2/asm/asm-tree/9.3/asm-tree-9.3.jar
    /home/ubuntu/bettermc/./libraries/org/ow2/asm/asm/9.3/asm-9.3.jar
    /home/ubuntu/bettermc/./libraries/org/apache/commons/commons-text/1.3/commons-text-1.3.jar
    /home/ubuntu/bettermc/./libraries/org/apache/commons/commons-lang3/3.8.1/commons-lang3-3.8.1.jar
    /home/ubuntu/bettermc/./libraries/commons-beanutils/commons-beanutils/1.9.3/commons-beanutils-1.9.3.jar
    /home/ubuntu/bettermc/./libraries/org/apache/commons/commons-collections4/4.2/commons-collections4-4.2.jar
    /home/ubuntu/bettermc/./libraries/commons-logging/commons-logging/1.2/commons-logging-1.2.jar
    /home/ubuntu/bettermc/./libraries/commons-collections/commons-collections/3.2.2/commons-collections-3.2.2.jar
  Args: --task, MCP_DATA, --input, /home/ubuntu/bettermc/./libraries/net/neoforged/neoform/1.21.1-20240808.144430/neoform-1.21.1-20240808.144430.zip, --output, /home/ubuntu/bettermc/./libraries/net/neoforged/neoform/1.21.1-20240808.144430/neoform-1.21.1-20240808.144430-mappings.txt, --key, mappings
Task: MCP_DATA
Input:  /home/ubuntu/bettermc/./libraries/net/neoforged/neoform/1.21.1-20240808.144430/neoform-1.21.1-20240808.144430.zip
Output: /home/ubuntu/bettermc/./libraries/net/neoforged/neoform/1.21.1-20240808.144430/neoform-1.21.1-20240808.144430-mappings.txt
Key:    mappings
Extracting: config/joined.tsrg
===============================================================================
Processor: net.neoforged.installertools:installertools -> DOWNLOAD_MOJMAPS
  MainClass: net.neoforged.installertools.ConsoleTool
  Classpath:
    /home/ubuntu/bettermc/./libraries/net/neoforged/installertools/installertools/2.1.2/installertools-2.1.2.jar
    /home/ubuntu/bettermc/./libraries/net/neoforged/installertools/installertools/2.1.2/installertools-2.1.2.jar
    /home/ubuntu/bettermc/./libraries/net/neoforged/srgutils/1.0.0/srgutils-1.0.0.jar
    /home/ubuntu/bettermc/./libraries/net/md-5/SpecialSource/1.11.0/SpecialSource-1.11.0.jar
    /home/ubuntu/bettermc/./libraries/net/sf/jopt-simple/jopt-simple/5.0.4/jopt-simple-5.0.4.jar
    /home/ubuntu/bettermc/./libraries/com/google/code/gson/gson/2.8.9/gson-2.8.9.jar
    /home/ubuntu/bettermc/./libraries/de/siegmar/fastcsv/2.0.0/fastcsv-2.0.0.jar
    /home/ubuntu/bettermc/./libraries/org/ow2/asm/asm-commons/9.3/asm-commons-9.3.jar
    /home/ubuntu/bettermc/./libraries/net/neoforged/installertools/cli-utils/2.1.2/cli-utils-2.1.2.jar
    /home/ubuntu/bettermc/./libraries/com/google/guava/guava/20.0/guava-20.0.jar
    /home/ubuntu/bettermc/./libraries/com/opencsv/opencsv/4.4/opencsv-4.4.jar
    /home/ubuntu/bettermc/./libraries/org/ow2/asm/asm-analysis/9.3/asm-analysis-9.3.jar
    /home/ubuntu/bettermc/./libraries/org/ow2/asm/asm-tree/9.3/asm-tree-9.3.jar
    /home/ubuntu/bettermc/./libraries/org/ow2/asm/asm/9.3/asm-9.3.jar
    /home/ubuntu/bettermc/./libraries/org/apache/commons/commons-text/1.3/commons-text-1.3.jar
    /home/ubuntu/bettermc/./libraries/org/apache/commons/commons-lang3/3.8.1/commons-lang3-3.8.1.jar
    /home/ubuntu/bettermc/./libraries/commons-beanutils/commons-beanutils/1.9.3/commons-beanutils-1.9.3.jar
    /home/ubuntu/bettermc/./libraries/org/apache/commons/commons-collections4/4.2/commons-collections4-4.2.jar
    /home/ubuntu/bettermc/./libraries/commons-logging/commons-logging/1.2/commons-logging-1.2.jar
    /home/ubuntu/bettermc/./libraries/commons-collections/commons-collections/3.2.2/commons-collections-3.2.2.jar
  Args: --task, DOWNLOAD_MOJMAPS, --version, 1.21.1, --side, server, --output, /home/ubuntu/bettermc/./libraries/net/minecraft/server/1.21.1-20240808.144430/server-1.21.1-20240808.144430-mappings.txt
Task: DOWNLOAD_MOJMAPS
MC Version: 1.21.1
Side:       server
Output:     /home/ubuntu/bettermc/./libraries/net/minecraft/server/1.21.1-20240808.144430/server-1.21.1-20240808.144430-mappings.txt
Downloaded Mojang mappings for 1.21.1
===============================================================================
Processor: net.neoforged.installertools:installertools -> MERGE_MAPPING
  MainClass: net.neoforged.installertools.ConsoleTool
  Classpath:
    /home/ubuntu/bettermc/./libraries/net/neoforged/installertools/installertools/2.1.2/installertools-2.1.2.jar
    /home/ubuntu/bettermc/./libraries/net/neoforged/installertools/installertools/2.1.2/installertools-2.1.2.jar
    /home/ubuntu/bettermc/./libraries/net/neoforged/srgutils/1.0.0/srgutils-1.0.0.jar
    /home/ubuntu/bettermc/./libraries/net/md-5/SpecialSource/1.11.0/SpecialSource-1.11.0.jar
    /home/ubuntu/bettermc/./libraries/net/sf/jopt-simple/jopt-simple/5.0.4/jopt-simple-5.0.4.jar
    /home/ubuntu/bettermc/./libraries/com/google/code/gson/gson/2.8.9/gson-2.8.9.jar
    /home/ubuntu/bettermc/./libraries/de/siegmar/fastcsv/2.0.0/fastcsv-2.0.0.jar
    /home/ubuntu/bettermc/./libraries/org/ow2/asm/asm-commons/9.3/asm-commons-9.3.jar
    /home/ubuntu/bettermc/./libraries/net/neoforged/installertools/cli-utils/2.1.2/cli-utils-2.1.2.jar
    /home/ubuntu/bettermc/./libraries/com/google/guava/guava/20.0/guava-20.0.jar
    /home/ubuntu/bettermc/./libraries/com/opencsv/opencsv/4.4/opencsv-4.4.jar
    /home/ubuntu/bettermc/./libraries/org/ow2/asm/asm-analysis/9.3/asm-analysis-9.3.jar
    /home/ubuntu/bettermc/./libraries/org/ow2/asm/asm-tree/9.3/asm-tree-9.3.jar
    /home/ubuntu/bettermc/./libraries/org/ow2/asm/asm/9.3/asm-9.3.jar
    /home/ubuntu/bettermc/./libraries/org/apache/commons/commons-text/1.3/commons-text-1.3.jar
    /home/ubuntu/bettermc/./libraries/org/apache/commons/commons-lang3/3.8.1/commons-lang3-3.8.1.jar
    /home/ubuntu/bettermc/./libraries/commons-beanutils/commons-beanutils/1.9.3/commons-beanutils-1.9.3.jar
    /home/ubuntu/bettermc/./libraries/org/apache/commons/commons-collections4/4.2/commons-collections4-4.2.jar
    /home/ubuntu/bettermc/./libraries/commons-logging/commons-logging/1.2/commons-logging-1.2.jar
    /home/ubuntu/bettermc/./libraries/commons-collections/commons-collections/3.2.2/commons-collections-3.2.2.jar
  Args: --task, MERGE_MAPPING, --left, /home/ubuntu/bettermc/./libraries/net/neoforged/neoform/1.21.1-20240808.144430/neoform-1.21.1-20240808.144430-mappings.txt, --right, /home/ubuntu/bettermc/./libraries/net/minecraft/server/1.21.1-20240808.144430/server-1.21.1-20240808.144430-mappings.txt, --output, /home/ubuntu/bettermc/./libraries/net/neoforged/neoform/1.21.1-20240808.144430/neoform-1.21.1-20240808.144430-mappings-merged.txt, --classes, --fields, --methods, --reverse-right
Task: MERGE_MAPPING
Left:    /home/ubuntu/bettermc/./libraries/net/neoforged/neoform/1.21.1-20240808.144430/neoform-1.21.1-20240808.144430-mappings.txt
         Reversed=false
         null
Right:   /home/ubuntu/bettermc/./libraries/net/minecraft/server/1.21.1-20240808.144430/server-1.21.1-20240808.144430-mappings.txt
         Reversed=true
         null
Classes: true
Fields:  true
Methods: true
Params:  false
Output:  /home/ubuntu/bettermc/./libraries/net/neoforged/neoform/1.21.1-20240808.144430/neoform-1.21.1-20240808.144430-mappings-merged.txt
===============================================================================
Processor: net.neoforged.installertools:jarsplitter
  MainClass: net.neoforged.jarsplitter.ConsoleTool
  Classpath:
    /home/ubuntu/bettermc/./libraries/net/neoforged/installertools/jarsplitter/2.1.2/jarsplitter-2.1.2.jar
    /home/ubuntu/bettermc/./libraries/net/neoforged/installertools/jarsplitter/2.1.2/jarsplitter-2.1.2.jar
    /home/ubuntu/bettermc/./libraries/net/sf/jopt-simple/jopt-simple/5.0.4/jopt-simple-5.0.4.jar
    /home/ubuntu/bettermc/./libraries/net/neoforged/srgutils/1.0.0/srgutils-1.0.0.jar
    /home/ubuntu/bettermc/./libraries/net/neoforged/installertools/cli-utils/2.1.2/cli-utils-2.1.2.jar
  Args: --input, /home/ubuntu/bettermc/./libraries/net/minecraft/server/1.21.1-20240808.144430/server-1.21.1-20240808.144430-unpacked.jar, --slim, /home/ubuntu/bettermc/./libraries/net/minecraft/server/1.21.1-20240808.144430/server-1.21.1-20240808.144430-slim.jar, --extra, /home/ubuntu/bettermc/./libraries/net/minecraft/server/1.21.1-20240808.144430/server-1.21.1-20240808.144430-extra.jar, --srg, /home/ubuntu/bettermc/./libraries/net/neoforged/neoform/1.21.1-20240808.144430/neoform-1.21.1-20240808.144430-mappings-merged.txt
Splitter: 
  Input:    /home/ubuntu/bettermc/./libraries/net/minecraft/server/1.21.1-20240808.144430/server-1.21.1-20240808.144430-unpacked.jar
  Slim:     /home/ubuntu/bettermc/./libraries/net/minecraft/server/1.21.1-20240808.144430/server-1.21.1-20240808.144430-slim.jar
  Data:     null
  Extra:    /home/ubuntu/bettermc/./libraries/net/minecraft/server/1.21.1-20240808.144430/server-1.21.1-20240808.144430-extra.jar
  Including data in extra
  SRG:   /home/ubuntu/bettermc/./libraries/net/neoforged/neoform/1.21.1-20240808.144430/neoform-1.21.1-20240808.144430-mappings-merged.txt
  InputSha: a8ae1f986e20cc91442b6b2b64d62bcd065618d7
  SrgSha:   e4f52c8fd55aa6aa2b4d0e2b36d4327b9991b2c5
Splitting 12951 files:
===============================================================================
Processor: net.neoforged:AutoRenamingTool
  MainClass: net.neoforged.art.Main
  Classpath:
    /home/ubuntu/bettermc/./libraries/net/neoforged/AutoRenamingTool/2.0.3/AutoRenamingTool-2.0.3-all.jar
    /home/ubuntu/bettermc/./libraries/net/neoforged/AutoRenamingTool/2.0.3/AutoRenamingTool-2.0.3-all.jar
  Args: --input, /home/ubuntu/bettermc/./libraries/net/minecraft/server/1.21.1-20240808.144430/server-1.21.1-20240808.144430-slim.jar, --output, /home/ubuntu/bettermc/./libraries/net/minecraft/server/1.21.1-20240808.144430/server-1.21.1-20240808.144430-srg.jar, --names, /home/ubuntu/bettermc/./libraries/net/neoforged/neoform/1.21.1-20240808.144430/neoform-1.21.1-20240808.144430-mappings-merged.txt, --ann-fix, --ids-fix, --src-fix, --record-fix
Forge Auto Renaming Tool v2.0.3
log: null
input: /home/ubuntu/bettermc/./libraries/net/minecraft/server/1.21.1-20240808.144430/server-1.21.1-20240808.144430-slim.jar
output: /home/ubuntu/bettermc/./libraries/net/minecraft/server/1.21.1-20240808.144430/server-1.21.1-20240808.144430-srg.jar
threads: 2
Names: /home/ubuntu/bettermc/./libraries/net/neoforged/neoform/1.21.1-20240808.144430/neoform-1.21.1-20240808.144430-mappings-merged.txt(reversed: false)
Fix Annotations: true
Unfinal Parameters: false
Fix Records: true
Fix Identifiers: ALL
Fix SourceFile: JAVA
Fix Line Numbers: false
Strip codesigning signatures: false
Adding Libraries to Inheritance
Reading Input: /home/ubuntu/bettermc/./libraries/net/minecraft/server/1.21.1-20240808.144430/server-1.21.1-20240808.144430-slim.jar
Processor: net.neoforged:AutoRenamingTool: Reading input jar
Processor: net.neoforged:AutoRenamingTool: Processing entries
Adding input to inheritance map
Processing entries
Can't Find Class: org/slf4j/Logger
Can't Find Class: javax/annotation/ParametersAreNonnullByDefault
Can't Find Class: com/mojang/serialization/codecs/RecordCodecBuilder$Instance
Can't Find Class: com/mojang/serialization/codecs/RecordCodecBuilder
Can't Find Class: com/mojang/datafixers/Products$P2
Can't Find Class: com/mojang/datafixers/Products
Can't Find Class: com/mojang/serialization/Codec
Can't Find Class: io/netty/buffer/ByteBuf
Can't Find Class: com/google/common/collect/ImmutableList
Can't Find Class: com/mojang/datafixers/kinds/App
Can't Find Class: com/mojang/serialization/MapCodec
Can't Find Class: com/mojang/serialization/codecs/PrimitiveCodec
Can't Find Class: com/mojang/datafixers/kinds/Applicative
Can't Find Class: com/mojang/serialization/Keyable
Can't Find Class: com/mojang/datafixers/Products$P4
Can't Find Class: com/mojang/datafixers/util/Function4
Can't Find Class: com/mojang/datafixers/util/Pair
Can't Find Class: it/unimi/dsi/fastutil/floats/Float2FloatFunction
Can't Find Class: com/mojang/serialization/Lifecycle
Can't Find Class: com/google/common/collect/ImmutableList$Builder
Can't Find Class: javax/annotation/Nullable
Can't Find Class: com/google/common/collect/Maps
Can't Find Class: com/google/common/annotations/VisibleForTesting
Can't Find Class: org/apache/commons/lang3/mutable/MutableInt
Can't Find Class: com/google/common/hash/Hashing
Can't Find Class: com/google/common/hash/HashFunction
Can't Find Class: com/google/common/hash/HashCode
Can't Find Class: com/google/common/collect/ImmutableMap
Can't Find Class: com/mojang/serialization/JsonOps
Can't Find Class: com/mojang/serialization/DynamicOps
Can't Find Class: com/mojang/serialization/DataResult
Can't Find Class: com/google/common/collect/ImmutableSet
Can't Find Class: com/mojang/logging/LogUtils
Can't Find Class: com/google/common/collect/ImmutableMap$Builder
Can't Find Class: com/google/common/hash/HashingOutputStream
Can't Find Class: com/google/common/collect/UnmodifiableIterator
Can't Find Class: it/unimi/dsi/fastutil/objects/Object2IntOpenHashMap
Can't Find Class: com/mojang/datafixers/DataFixer
Can't Find Class: com/google/common/collect/Lists
Can't Find Class: com/mojang/brigadier/exceptions/CommandSyntaxException
Can't Find Class: org/apache/commons/io/IOUtils
Can't Find Class: com/mojang/brigadier/Message
Can't Find Class: com/google/common/collect/BiMap
Can't Find Class: com/google/common/base/Stopwatch
Can't Find Class: joptsimple/OptionParser
Can't Find Class: joptsimple/OptionSpecBuilder
Can't Find Class: joptsimple/AbstractOptionSpec
Can't Find Class: joptsimple/ArgumentAcceptingOptionSpec
Can't Find Class: joptsimple/OptionSet
Can't Find Class: joptsimple/OptionSpec
Can't Find Class: com/google/common/collect/Sets
Can't Find Class: com/google/common/collect/Streams
Can't Find Class: com/mojang/datafixers/util/Either
Can't Find Class: com/mojang/serialization/DataResult$Error
Can't Find Class: com/mojang/serialization/Encoder
Can't Find Class: it/unimi/dsi/fastutil/ints/Int2ObjectOpenHashMap
Can't Find Class: it/unimi/dsi/fastutil/ints/Int2ObjectMap
Can't Find Class: com/mojang/brigadier/CommandDispatcher
Can't Find Class: com/mojang/brigadier/tree/RootCommandNode
Can't Find Class: com/mojang/brigadier/tree/CommandNode
Can't Find Class: it/unimi/dsi/fastutil/ints/Int2ObjectFunction
Can't Find Class: com/google/common/collect/Sets$SetView
Can't Find Class: it/unimi/dsi/fastutil/objects/Object2ObjectOpenHashMap
Can't Find Class: com/google/common/collect/Multimap
Can't Find Class: it/unimi/dsi/fastutil/ints/IntList
Can't Find Class: com/google/common/collect/ImmutableSet$Builder
Can't Find Class: com/google/gson/JsonParser
Can't Find Class: com/mojang/serialization/Dynamic
Can't Find Class: com/google/common/collect/Interner
Can't Find Class: com/google/common/collect/Interners
Can't Find Class: it/unimi/dsi/fastutil/ints/IntArrayList
Can't Find Class: org/apache/commons/lang3/StringEscapeUtils
Can't Find Class: it/unimi/dsi/fastutil/ints/IntStack
Can't Find Class: javax/annotation/Nonnull
Can't Find Class: javax/annotation/meta/TypeQualifierDefault
Can't Find Class: javax/annotation/concurrent/Immutable
Can't Find Class: com/mojang/datafixers/DSL$TypeReference
Can't Find Class: com/mojang/datafixers/DSL
Can't Find Class: com/mojang/datafixers/types/Type
Can't Find Class: com/mojang/brigadier/arguments/ArgumentType
Can't Find Class: it/unimi/dsi/fastutil/objects/Reference2ObjectMap
Can't Find Class: it/unimi/dsi/fastutil/objects/Reference2ObjectArrayMap
Can't Find Class: com/google/common/base/Objects
Can't Find Class: it/unimi/dsi/fastutil/doubles/DoubleDoubleImmutablePair
Can't Find Class: com/google/common/collect/Iterables
Can't Find Class: com/mojang/datafixers/Products$P1
Can't Find Class: it/unimi/dsi/fastutil/objects/Object2IntMap$Entry
Can't Find Class: it/unimi/dsi/fastutil/objects/Object2IntMap
Can't Find Class: it/unimi/dsi/fastutil/objects/ObjectSet
Can't Find Class: it/unimi/dsi/fastutil/objects/ObjectIterator
Can't Find Class: org/jetbrains/annotations/Contract
Can't Find Class: com/mojang/datafixers/Products$P3
Can't Find Class: com/mojang/datafixers/util/Function3
Can't Find Class: it/unimi/dsi/fastutil/objects/ObjectArrayList
Can't Find Class: org/joml/Vector3f
Can't Find Class: it/unimi/dsi/fastutil/objects/ObjectListIterator
Can't Find Class: org/joml/Quaternionf
Can't Find Class: org/joml/Vector3fc
Can't Find Class: org/apache/commons/lang3/Validate
Can't Find Class: com/mojang/serialization/codecs/UnboundedMapCodec
Can't Find Class: org/apache/commons/lang3/tuple/Pair
Can't Find Class: com/mojang/authlib/GameProfile
Can't Find Class: it/unimi/dsi/fastutil/ints/Int2IntFunction
Can't Find Class: com/google/common/base/MoreObjects
Can't Find Class: it/unimi/dsi/fastutil/ints/IntOpenHashSet
Can't Find Class: it/unimi/dsi/fastutil/ints/IntSet
Can't Find Class: it/unimi/dsi/fastutil/objects/Object2DoubleMap
Can't Find Class: it/unimi/dsi/fastutil/objects/Object2DoubleArrayMap
Can't Find Class: it/unimi/dsi/fastutil/floats/FloatArraySet
Can't Find Class: it/unimi/dsi/fastutil/doubles/DoubleList
Can't Find Class: it/unimi/dsi/fastutil/doubles/DoubleListIterator
Can't Find Class: it/unimi/dsi/fastutil/floats/FloatSet
Can't Find Class: it/unimi/dsi/fastutil/floats/FloatArrays
Can't Find Class: it/unimi/dsi/fastutil/ints/Int2IntMap
Can't Find Class: it/unimi/dsi/fastutil/ints/Int2IntOpenHashMap
Can't Find Class: it/unimi/dsi/fastutil/ints/IntAVLTreeSet
Can't Find Class: it/unimi/dsi/fastutil/ints/IntCollection
Can't Find Class: it/unimi/dsi/fastutil/ints/IntIterator
Can't Find Class: it/unimi/dsi/fastutil/ints/IntListIterator
Can't Find Class: it/unimi/dsi/fastutil/objects/Object2BooleanOpenHashMap
Can't Find Class: com/google/common/base/Predicate
Can't Find Class: it/unimi/dsi/fastutil/objects/Object2ObjectArrayMap
Can't Find Class: it/unimi/dsi/fastutil/objects/ObjectOpenHashSet
Can't Find Class: it/unimi/dsi/fastutil/longs/LongSet
Can't Find Class: it/unimi/dsi/fastutil/longs/LongOpenHashSet
Can't Find Class: it/unimi/dsi/fastutil/shorts/Short2ObjectMap
Can't Find Class: it/unimi/dsi/fastutil/shorts/Short2ObjectOpenHashMap
Can't Find Class: it/unimi/dsi/fastutil/shorts/Short2ObjectFunction
Can't Find Class: it/unimi/dsi/fastutil/objects/ObjectCollection
Can't Find Class: it/unimi/dsi/fastutil/longs/Long2ByteMap
Can't Find Class: it/unimi/dsi/fastutil/longs/Long2ByteOpenHashMap
Can't Find Class: org/apache/commons/lang3/mutable/MutableLong
Can't Find Class: com/mojang/datafixers/Products$P5
Can't Find Class: com/mojang/datafixers/util/Function5
Can't Find Class: com/mojang/datafixers/kinds/OptionalBox$Mu
Can't Find Class: com/mojang/datafixers/kinds/OptionalBox
Can't Find Class: org/apache/commons/lang3/mutable/MutableObject
Can't Find Class: com/mojang/serialization/OptionalDynamic
Can't Find Class: com/mojang/serialization/Decoder
Can't Find Class: com/mojang/serialization/RecordBuilder
Can't Find Class: com/mojang/datafixers/Products$P7
Can't Find Class: com/mojang/datafixers/util/Function7
Can't Find Class: com/mojang/datafixers/kinds/Applicative$Mu
Can't Find Class: com/mojang/datafixers/kinds/IdF$Mu
Can't Find Class: com/mojang/datafixers/kinds/IdF
Can't Find Class: com/mojang/datafixers/kinds/K1
Can't Find Class: com/mojang/datafixers/util/Unit
Can't Find Class: com/mojang/datafixers/kinds/Const$Mu
Can't Find Class: com/mojang/datafixers/kinds/Const
Can't Find Class: it/unimi/dsi/fastutil/longs/Long2LongMap$Entry
Can't Find Class: it/unimi/dsi/fastutil/longs/Long2LongMap
Can't Find Class: it/unimi/dsi/fastutil/longs/Long2LongOpenHashMap
Can't Find Class: it/unimi/dsi/fastutil/longs/Long2ObjectMap$Entry
Can't Find Class: it/unimi/dsi/fastutil/longs/Long2ObjectMap
Can't Find Class: it/unimi/dsi/fastutil/longs/Long2ObjectOpenHashMap
Can't Find Class: it/unimi/dsi/fastutil/longs/Long2ObjectFunction
Can't Find Class: com/google/common/base/Function
Can't Find Class: com/google/common/collect/Iterators
Can't Find Class: com/mojang/serialization/MapLike
Can't Find Class: it/unimi/dsi/fastutil/ints/IntBinaryOperator
Can't Find Class: com/mojang/datafixers/DataFixUtils
Can't Find Class: it/unimi/dsi/fastutil/objects/ObjectLinkedOpenHashSet
Can't Find Class: it/unimi/dsi/fastutil/ints/Int2ObjectAVLTreeMap
Can't Find Class: it/unimi/dsi/fastutil/ints/Int2ObjectSortedMap
Can't Find Class: com/google/common/base/Predicates
Can't Find Class: com/google/common/collect/ImmutableBiMap$Builder
Can't Find Class: com/google/common/collect/ImmutableBiMap
Can't Find Class: com/google/common/base/Supplier
Can't Find Class: com/google/common/base/Suppliers
Can't Find Class: it/unimi/dsi/fastutil/Hash$Strategy
Can't Find Class: it/unimi/dsi/fastutil/Hash
Can't Find Class: io/netty/handler/codec/DecoderException
Can't Find Class: org/joml/Quaternionfc
Can't Find Class: com/google/common/collect/ImmutableMultimap$Builder
Can't Find Class: com/google/common/collect/ImmutableMultimap
Can't Find Class: it/unimi/dsi/fastutil/chars/CharArraySet
Can't Find Class: it/unimi/dsi/fastutil/chars/CharSet
Can't Find Class: com/mojang/datafixers/Products$P6
Can't Find Class: com/mojang/datafixers/util/Function6
Can't Find Class: it/unimi/dsi/fastutil/ints/IntComparators
Can't Find Class: it/unimi/dsi/fastutil/ints/IntComparator
Can't Find Class: com/mojang/serialization/codecs/BaseMapCodec
Can't Find Class: org/apache/commons/lang3/math/Fraction
Can't Find Class: com/mojang/authlib/properties/PropertyMap
Can't Find Class: com/mojang/serialization/MapEncoder
Can't Find Class: com/mojang/serialization/MapDecoder
Can't Find Class: com/mojang/datafixers/Products$P10
Can't Find Class: com/mojang/datafixers/util/Function10
Can't Find Class: org/apache/commons/lang3/mutable/MutableFloat
Can't Find Class: org/apache/commons/lang3/mutable/MutableBoolean
Can't Find Class: it/unimi/dsi/fastutil/objects/Object2IntMap$FastEntrySet
Can't Find Class: com/mojang/datafixers/Products$P8
Can't Find Class: com/mojang/datafixers/util/Function8
Can't Find Class: com/mojang/datafixers/Products$P11
Can't Find Class: com/mojang/datafixers/util/Function11
Can't Find Class: com/google/common/collect/HashMultimap
Can't Find Class: it/unimi/dsi/fastutil/objects/ObjectArraySet
Can't Find Class: io/netty/handler/codec/EncoderException
Can't Find Class: it/unimi/dsi/fastutil/objects/ObjectLinkedOpenCustomHashSet
Can't Find Class: com/google/common/collect/LinkedHashMultiset
Can't Find Class: com/google/common/collect/Multiset
Can't Find Class: com/google/common/collect/Multisets
Can't Find Class: com/google/common/collect/ImmutableMultiset
Can't Find Class: com/google/common/collect/HashBasedTable
Can't Find Class: com/google/common/collect/Table
Can't Find Class: it/unimi/dsi/fastutil/ints/IntLists
Can't Find Class: com/google/common/base/Charsets
Can't Find Class: com/google/common/primitives/Longs
Can't Find Class: org/apache/commons/lang3/mutable/MutableDouble
Can't Find Class: it/unimi/dsi/fastutil/objects/ObjectList
Can't Find Class: it/unimi/dsi/fastutil/doubles/Double2DoubleFunction
Can't Find Class: com/google/common/collect/AbstractIterator
Can't Find Class: it/unimi/dsi/fastutil/longs/Long2BooleanMap
Can't Find Class: it/unimi/dsi/fastutil/longs/Long2BooleanFunction
Can't Find Class: it/unimi/dsi/fastutil/objects/Object2IntMaps
Can't Find Class: it/unimi/dsi/fastutil/longs/Long2BooleanOpenHashMap
Can't Find Class: it/unimi/dsi/fastutil/longs/LongArrayList
Can't Find Class: it/unimi/dsi/fastutil/longs/LongList
Can't Find Class: com/mojang/serialization/codecs/SimpleMapCodec
Can't Find Class: com/google/common/base/MoreObjects$ToStringHelper
Can't Find Class: com/mojang/serialization/codecs/RecordCodecBuilder$Mu
Can't Find Class: com/mojang/datafixers/Products$P9
Can't Find Class: com/mojang/datafixers/util/Function9
Can't Find Class: org/apache/commons/lang3/StringUtils
Can't Find Class: it/unimi/dsi/fastutil/ints/IntRBTreeSet
Can't Find Class: it/unimi/dsi/fastutil/ints/IntSortedSet
Can't Find Class: it/unimi/dsi/fastutil/doubles/DoubleArrayList
Can't Find Class: it/unimi/dsi/fastutil/ints/IntBidirectionalIterator
Can't Find Class: it/unimi/dsi/fastutil/longs/Long2IntMap
Can't Find Class: it/unimi/dsi/fastutil/longs/Long2IntOpenHashMap
Can't Find Class: it/unimi/dsi/fastutil/longs/Long2IntFunction
Can't Find Class: com/mojang/datafixers/Products$P15
Can't Find Class: com/mojang/datafixers/util/Function15
Can't Find Class: com/google/common/cache/CacheLoader
Can't Find Class: com/google/common/cache/LoadingCache
Can't Find Class: com/google/common/cache/CacheBuilder
Can't Find Class: com/mojang/datafixers/Products$P13
Can't Find Class: com/mojang/datafixers/util/Function13
Can't Find Class: com/google/common/primitives/Doubles
Can't Find Class: it/unimi/dsi/fastutil/ints/Int2ObjectLinkedOpenHashMap
Can't Find Class: it/unimi/dsi/fastutil/ints/Int2ObjectMap$Entry
Can't Find Class: it/unimi/dsi/fastutil/ints/Int2ObjectMaps
Can't Find Class: it/unimi/dsi/fastutil/longs/LongSortedSet
Can't Find Class: it/unimi/dsi/fastutil/longs/LongAVLTreeSet
Can't Find Class: it/unimi/dsi/fastutil/objects/ObjectIterable
Can't Find Class: it/unimi/dsi/fastutil/longs/LongBidirectionalIterator
Can't Find Class: it/unimi/dsi/fastutil/longs/LongIterator
Can't Find Class: it/unimi/dsi/fastutil/longs/LongConsumer
Can't Find Class: com/google/common/collect/Queues
Can't Find Class: it/unimi/dsi/fastutil/longs/Long2ObjectMaps
Can't Find Class: it/unimi/dsi/fastutil/objects/Object2FloatMap
Can't Find Class: it/unimi/dsi/fastutil/objects/Object2FloatOpenHashMap
Can't Find Class: com/mojang/authlib/minecraft/MinecraftSessionService
Can't Find Class: com/mojang/authlib/yggdrasil/ProfileResult
Can't Find Class: com/google/common/collect/ImmutableSortedMap
Can't Find Class: com/google/common/collect/ImmutableCollection
Can't Find Class: com/google/common/base/Joiner
Can't Find Class: org/apache/commons/lang3/ArrayUtils
Can't Find Class: it/unimi/dsi/fastutil/objects/ReferenceSet
Can't Find Class: com/google/common/collect/ArrayTable
Can't Find Class: com/google/common/collect/AbstractTable
Can't Find Class: it/unimi/dsi/fastutil/objects/Object2ByteLinkedOpenHashMap
Can't Find Class: it/unimi/dsi/fastutil/objects/Object2IntArrayMap
Can't Find Class: com/google/common/primitives/UnsignedLong
Can't Find Class: com/mojang/brigadier/context/CommandContext
Can't Find Class: com/mojang/brigadier/builder/RequiredArgumentBuilder
Can't Find Class: com/mojang/serialization/DynamicLike
Can't Find Class: org/slf4j/Marker
Can't Find Class: com/google/common/io/Files
Can't Find Class: com/google/common/io/ByteSource
Can't Find Class: com/mojang/serialization/JavaOps
Can't Find Class: com/google/common/collect/HashBiMap
Can't Find Class: com/google/common/collect/Range
Can't Find Class: com/google/common/collect/DiscreteDomain
Can't Find Class: com/google/common/collect/ContiguousSet
Can't Find Class: it/unimi/dsi/fastutil/longs/LongLinkedOpenHashSet
Can't Find Class: it/unimi/dsi/fastutil/longs/Long2LongLinkedOpenHashMap
Can't Find Class: it/unimi/dsi/fastutil/HashCommon
Can't Find Class: it/unimi/dsi/fastutil/longs/LongArrayFIFOQueue
Can't Find Class: org/jetbrains/annotations/VisibleForTesting
Can't Find Class: it/unimi/dsi/fastutil/longs/LongCollection
Can't Find Class: it/unimi/dsi/fastutil/ints/IntArraySet
Can't Find Class: org/apache/commons/io/FileUtils
Can't Find Class: it/unimi/dsi/fastutil/objects/Object2ObjectMap
Can't Find Class: net/jpountz/lz4/LZ4BlockOutputStream
Can't Find Class: net/jpountz/lz4/LZ4BlockInputStream
Can't Find Class: it/unimi/dsi/fastutil/longs/Long2ObjectLinkedOpenHashMap
Can't Find Class: it/unimi/dsi/fastutil/shorts/ShortList
Can't Find Class: it/unimi/dsi/fastutil/shorts/ShortListIterator
Can't Find Class: it/unimi/dsi/fastutil/shorts/ShortArrayList
Can't Find Class: it/unimi/dsi/fastutil/ints/Int2IntMap$FastEntrySet
Can't Find Class: it/unimi/dsi/fastutil/ints/Int2IntMap$Entry
Can't Find Class: com/mojang/serialization/Codec$ResultFunction
Can't Find Class: it/unimi/dsi/fastutil/ints/IntConsumer
Can't Find Class: com/google/common/base/Ticker
Can't Find Class: com/google/common/base/Preconditions
Can't Find Class: it/unimi/dsi/fastutil/shorts/Short2BooleanMap
Can't Find Class: it/unimi/dsi/fastutil/shorts/Short2BooleanFunction
Can't Find Class: com/mojang/brigadier/arguments/IntegerArgumentType
Can't Find Class: com/mojang/brigadier/StringReader
Can't Find Class: it/unimi/dsi/fastutil/shorts/Short2BooleanOpenHashMap
Can't Find Class: org/jetbrains/annotations/Nullable
Can't Find Class: it/unimi/dsi/fastutil/objects/Object2BooleanMap
Can't Find Class: it/unimi/dsi/fastutil/objects/Object2BooleanFunction
Can't Find Class: com/mojang/brigadier/arguments/BoolArgumentType
Can't Find Class: it/unimi/dsi/fastutil/objects/Reference2IntOpenHashMap
Can't Find Class: it/unimi/dsi/fastutil/longs/Long2FloatLinkedOpenHashMap
Can't Find Class: com/mojang/datafixers/Products$P12
Can't Find Class: com/mojang/datafixers/util/Function12
Can't Find Class: it/unimi/dsi/fastutil/objects/Object2IntFunction
Can't Find Class: it/unimi/dsi/fastutil/objects/Reference2ObjectOpenHashMap
Can't Find Class: it/unimi/dsi/fastutil/objects/Reference2ObjectFunction
Can't Find Class: it/unimi/dsi/fastutil/objects/ObjectOpenCustomHashSet
Can't Find Class: it/unimi/dsi/fastutil/longs/Long2LongMaps
Can't Find Class: com/google/common/math/IntMath
Can't Find Class: com/google/common/math/DoubleMath
Can't Find Class: it/unimi/dsi/fastutil/doubles/AbstractDoubleList
Can't Find Class: it/unimi/dsi/fastutil/doubles/DoubleLists
Can't Find Class: com/google/common/collect/ComparisonChain
Can't Find Class: it/unimi/dsi/fastutil/objects/ReferenceOpenHashSet
Can't Find Class: com/mojang/brigadier/exceptions/SimpleCommandExceptionType
Can't Find Class: com/mojang/brigadier/exceptions/DynamicCommandExceptionType
Can't Find Class: com/mojang/brigadier/ImmutableStringReader
Can't Find Class: com/mojang/brigadier/exceptions/CommandExceptionType
Can't Find Class: com/mojang/brigadier/exceptions/BuiltInExceptionProvider
Can't Find Class: it/unimi/dsi/fastutil/objects/Object2BooleanMap$Entry
Can't Find Class: it/unimi/dsi/fastutil/objects/Object2BooleanMaps
Can't Find Class: it/unimi/dsi/fastutil/objects/Reference2IntMap
Can't Find Class: it/unimi/dsi/fastutil/objects/Reference2ObjectMap$Entry
Can't Find Class: it/unimi/dsi/fastutil/objects/Reference2ObjectMaps
Can't Find Class: it/unimi/dsi/fastutil/objects/ReferenceArraySet
Can't Find Class: org/joml/Matrix4f
Can't Find Class: org/joml/Vector4f
Can't Find Class: org/joml/Matrix4fc
Can't Find Class: com/mojang/util/UndashedUuid
Can't Find Class: io/netty/handler/codec/MessageToByteEncoder
Can't Find Class: io/netty/handler/codec/MessageToMessageDecoder
Can't Find Class: io/netty/channel/ChannelHandlerContext
Can't Find Class: io/netty/channel/ChannelPipeline
Can't Find Class: io/netty/channel/ChannelHandler
Can't Find Class: io/netty/handler/codec/MessageToMessageEncoder
Can't Find Class: io/netty/channel/ChannelInboundHandlerAdapter
Can't Find Class: io/netty/channel/ChannelOutboundHandlerAdapter
Can't Find Class: io/netty/handler/codec/ByteToMessageDecoder
Can't Find Class: io/netty/channel/Channel
Can't Find Class: io/netty/channel/SimpleChannelInboundHandler
Can't Find Class: io/netty/channel/ChannelInitializer
Can't Find Class: io/netty/channel/ChannelFuture
Can't Find Class: io/netty/channel/ChannelException
Can't Find Class: io/netty/channel/ChannelConfig
Can't Find Class: io/netty/channel/ChannelOption
Can't Find Class: io/netty/handler/timeout/ReadTimeoutHandler
Can't Find Class: com/mojang/authlib/properties/Property
Can't Find Class: io/netty/channel/ChannelHandler$Sharable
Can't Find Class: io/netty/channel/ChannelDuplexHandler
Can't Find Class: io/netty/buffer/ByteBufAllocator
Can't Find Class: io/netty/channel/ChannelPromise
Can't Find Class: io/netty/util/ReferenceCountUtil
Can't Find Class: com/mojang/brigadier/builder/ArgumentBuilder
Can't Find Class: com/mojang/brigadier/builder/LiteralArgumentBuilder
Can't Find Class: it/unimi/dsi/fastutil/shorts/ShortSet
Can't Find Class: it/unimi/dsi/fastutil/shorts/ShortIterator
Can't Find Class: com/mojang/brigadier/suggestion/SuggestionProvider
Can't Find Class: com/mojang/brigadier/tree/ArgumentCommandNode
Can't Find Class: io/netty/buffer/Unpooled
Can't Find Class: it/unimi/dsi/fastutil/ints/IntSets
Can't Find Class: it/unimi/dsi/fastutil/ints/IntPredicate
Can't Find Class: com/mojang/brigadier/Command
Can't Find Class: com/mojang/brigadier/tree/LiteralCommandNode
Can't Find Class: com/mojang/brigadier/suggestion/Suggestions
Can't Find Class: com/mojang/brigadier/context/StringRange
Can't Find Class: com/mojang/brigadier/suggestion/Suggestion
Can't Find Class: io/netty/channel/ChannelInboundHandler
Can't Find Class: io/netty/channel/nio/NioEventLoopGroup
Can't Find Class: io/netty/channel/epoll/EpollEventLoopGroup
Can't Find Class: io/netty/channel/DefaultEventLoopGroup
Can't Find Class: io/netty/channel/ChannelOutboundHandler
Can't Find Class: io/netty/handler/timeout/TimeoutException
Can't Find Class: org/apache/commons/lang3/ObjectUtils
Can't Find Class: io/netty/channel/EventLoop
Can't Find Class: io/netty/util/concurrent/Future
Can't Find Class: io/netty/util/concurrent/GenericFutureListener
Can't Find Class: io/netty/channel/ChannelFutureListener
Can't Find Class: io/netty/channel/local/LocalChannel
Can't Find Class: io/netty/channel/local/LocalServerChannel
Can't Find Class: io/netty/channel/epoll/Epoll
Can't Find Class: io/netty/channel/epoll/EpollSocketChannel
Can't Find Class: io/netty/channel/EventLoopGroup
Can't Find Class: io/netty/channel/socket/nio/NioSocketChannel
Can't Find Class: io/netty/bootstrap/Bootstrap
Can't Find Class: io/netty/bootstrap/AbstractBootstrap
Can't Find Class: io/netty/channel/socket/SocketChannel
Can't Find Class: io/netty/handler/flow/FlowControlHandler
Can't Find Class: com/google/common/util/concurrent/ThreadFactoryBuilder
Can't Find Class: org/slf4j/MarkerFactory
Can't Find Class: com/google/common/primitives/Ints
Can't Find Class: com/mojang/brigadier/ParseResults
Can't Find Class: com/mojang/brigadier/context/CommandContextBuilder
Can't Find Class: com/mojang/brigadier/context/ParsedCommandNode
Can't Find Class: com/mojang/brigadier/context/ParsedArgument
Can't Find Class: io/netty/handler/codec/CorruptedFrameException
Can't Find Class: io/netty/buffer/ByteBufUtil
Can't Find Class: io/netty/buffer/ByteBufOutputStream
Can't Find Class: io/netty/buffer/ByteBufInputStream
Can't Find Class: io/netty/util/ByteProcessor
Can't Find Class: io/netty/util/ReferenceCounted
Can't Find Class: it/unimi/dsi/fastutil/longs/LongArraySet
Can't Find Class: com/mojang/brigadier/arguments/StringArgumentType
Can't Find Class: com/mojang/brigadier/suggestion/SuggestionsBuilder
Can't Find Class: com/mojang/authlib/yggdrasil/ServicesKeySet
Can't Find Class: com/mojang/authlib/GameProfileRepository
Can't Find Class: com/google/common/collect/Streams$FunctionWithIndex
Can't Find Class: io/netty/channel/embedded/EmbeddedChannel
Can't Find Class: org/apache/commons/lang3/exception/ExceptionUtils
Can't Find Class: it/unimi/dsi/fastutil/objects/Object2LongMap$Entry
Can't Find Class: it/unimi/dsi/fastutil/objects/Object2LongMap
Can't Find Class: it/unimi/dsi/fastutil/objects/Object2LongOpenHashMap
Can't Find Class: io/netty/util/ResourceLeakDetector$Level
Can't Find Class: io/netty/util/ResourceLeakDetector
Can't Find Class: com/mojang/brigadier/exceptions/Dynamic2CommandExceptionType$Function
Can't Find Class: com/mojang/brigadier/exceptions/Dynamic2CommandExceptionType
Can't Find Class: it/unimi/dsi/fastutil/objects/Object2ObjectLinkedOpenHashMap
Can't Find Class: com/mojang/brigadier/context/ContextChain
Can't Find Class: com/mojang/brigadier/exceptions/Dynamic3CommandExceptionType$Function
Can't Find Class: com/mojang/brigadier/exceptions/Dynamic3CommandExceptionType
Can't Find Class: com/mojang/brigadier/RedirectModifier
Can't Find Class: com/mojang/brigadier/ResultConsumer
Can't Find Class: com/mojang/brigadier/context/ContextChain$Stage
Can't Find Class: com/mojang/brigadier/arguments/FloatArgumentType
Can't Find Class: com/mojang/brigadier/arguments/DoubleArgumentType
Can't Find Class: com/mojang/brigadier/arguments/LongArgumentType
Can't Find Class: com/mojang/brigadier/AmbiguityConsumer
Can't Find Class: com/mojang/brigadier/arguments/StringArgumentType$StringType
Can't Find Class: com/google/common/base/Strings
Can't Find Class: com/google/common/util/concurrent/MoreExecutors
Can't Find Class: com/google/common/util/concurrent/ListeningExecutorService
Can't Find Class: com/mojang/datafixers/schemas/Schema
Can't Find Class: it/unimi/dsi/fastutil/objects/ReferenceImmutableList
Can't Find Class: it/unimi/dsi/fastutil/objects/ReferenceList
Can't Find Class: com/mojang/datafixers/Typed
Can't Find Class: com/google/common/base/Splitter
Can't Find Class: com/mojang/serialization/RecordBuilder$AbstractStringBuilder
Can't Find Class: it/unimi/dsi/fastutil/bytes/ByteArrayList
Can't Find Class: it/unimi/dsi/fastutil/bytes/ByteConsumer
Can't Find Class: it/unimi/dsi/fastutil/bytes/ByteCollection
Can't Find Class: it/unimi/dsi/fastutil/bytes/ByteOpenHashSet
Can't Find Class: it/unimi/dsi/fastutil/shorts/ShortOpenHashSet
Can't Find Class: com/mojang/logging/LogQueues
Can't Find Class: it/unimi/dsi/fastutil/longs/Long2ByteMap$Entry
Can't Find Class: it/unimi/dsi/fastutil/longs/LongSets$EmptySet
Can't Find Class: it/unimi/dsi/fastutil/longs/LongSets
Can't Find Class: it/unimi/dsi/fastutil/longs/Long2ObjectMap$FastEntrySet
Can't Find Class: it/unimi/dsi/fastutil/longs/Long2IntMaps
Can't Find Class: com/google/common/net/InetAddresses
Can't Find Class: it/unimi/dsi/fastutil/longs/Long2ObjectSortedMap$FastSortedEntrySet
Can't Find Class: it/unimi/dsi/fastutil/longs/Long2ObjectSortedMap
Can't Find Class: it/unimi/dsi/fastutil/objects/ObjectBidirectionalIterator
Can't Find Class: it/unimi/dsi/fastutil/Stack
Can't Find Class: io/netty/util/Timer
Can't Find Class: io/netty/util/Timeout
Can't Find Class: io/netty/util/TimerTask
Can't Find Class: io/netty/util/HashedWheelTimer
Can't Find Class: com/google/common/primitives/Floats
Can't Find Class: com/mojang/authlib/exceptions/AuthenticationUnavailableException
Can't Find Class: io/netty/channel/epoll/EpollServerSocketChannel
Can't Find Class: io/netty/channel/socket/nio/NioServerSocketChannel
Can't Find Class: io/netty/bootstrap/ServerBootstrap
Can't Find Class: io/netty/channel/socket/ServerSocketChannel
Can't Find Class: io/netty/channel/local/LocalAddress
Can't Find Class: com/google/common/collect/Comparators
Can't Find Class: com/mojang/authlib/yggdrasil/YggdrasilAuthenticationService
Can't Find Class: com/mojang/authlib/yggdrasil/ServicesKeyType
Can't Find Class: com/mojang/authlib/ProfileLookupCallback
Can't Find Class: com/mojang/authlib/yggdrasil/ProfileNotFoundException
Can't Find Class: com/mojang/brigadier/exceptions/Dynamic4CommandExceptionType$Function
Can't Find Class: com/mojang/brigadier/exceptions/Dynamic4CommandExceptionType
Can't Find Class: com/mojang/brigadier/SingleRedirectModifier
Can't Find Class: joptsimple/util/PathConverter
Can't Find Class: joptsimple/util/PathProperties
Can't Find Class: joptsimple/ValueConverter
Can't Find Class: joptsimple/NonOptionArgumentSpec
Can't Find Class: com/mojang/serialization/RecordBuilder$AbstractUniversalBuilder
Can't Find Class: it/unimi/dsi/fastutil/objects/Object2LongMaps
Can't Find Class: oshi/SystemInfo
Can't Find Class: oshi/hardware/CentralProcessor
Can't Find Class: oshi/hardware/HardwareAbstractionLayer
Can't Find Class: it/unimi/dsi/fastutil/ints/Int2DoubleMap
Can't Find Class: it/unimi/dsi/fastutil/ints/Int2DoubleOpenHashMap
Can't Find Class: com/google/common/math/Quantiles$ScaleAndIndexes
Can't Find Class: com/google/common/math/Quantiles
Can't Find Class: com/google/common/math/Quantiles$Scale
Can't Find Class: it/unimi/dsi/fastutil/ints/Int2DoubleRBTreeMap
Can't Find Class: it/unimi/dsi/fastutil/ints/Int2DoubleSortedMap
Can't Find Class: it/unimi/dsi/fastutil/ints/Int2DoubleSortedMaps
Can't Find Class: it/unimi/dsi/fastutil/ints/Int2BooleanFunction
Can't Find Class: javax/annotation/CheckReturnValue
Can't Find Class: com/mojang/datafixers/DataFix
Can't Find Class: com/mojang/datafixers/TypeRewriteRule
Can't Find Class: com/mojang/datafixers/OpticFinder
Can't Find Class: com/mojang/datafixers/types/templates/TaggedChoice$TaggedChoiceType
Can't Find Class: com/mojang/datafixers/types/templates/TaggedChoice
Can't Find Class: com/mojang/datafixers/types/templates/Tag$TagType
Can't Find Class: com/mojang/datafixers/types/templates/Tag
Can't Find Class: com/mojang/datafixers/types/templates/CompoundList$CompoundListType
Can't Find Class: com/mojang/datafixers/types/templates/CompoundList
Can't Find Class: com/mojang/datafixers/types/templates/List$ListType
Can't Find Class: com/mojang/datafixers/types/templates/List
Can't Find Class: com/mojang/datafixers/RewriteResult
Can't Find Class: com/mojang/datafixers/View
Can't Find Class: com/mojang/datafixers/functions/PointFreeRule
Can't Find Class: it/unimi/dsi/fastutil/ints/Int2IntLinkedOpenHashMap
Can't Find Class: com/google/common/collect/Streams$IntFunctionWithIndex
Can't Find Class: org/apache/commons/lang3/math/NumberUtils
Can't Find Class: it/unimi/dsi/fastutil/ints/Int2ObjectArrayMap
Can't Find Class: com/mojang/datafixers/FieldFinder
Can't Find Class: com/mojang/datafixers/DataFixerBuilder$Result
Can't Find Class: com/mojang/datafixers/DataFixerBuilder
Can't Find Class: com/mojang/datafixers/types/templates/TypeTemplate
Can't Find Class: com/mojang/datafixers/types/templates/Const$PrimitiveType
Can't Find Class: com/mojang/datafixers/types/templates/Const
Can't Find Class: com/mojang/datafixers/types/templates/Hook$HookFunction
Can't Find Class: com/mojang/datafixers/types/templates/Hook
Can't Find Class: io/netty/util/internal/ThreadLocalRandom
Can't Find Class: it/unimi/dsi/fastutil/floats/FloatList
Can't Find Class: it/unimi/dsi/fastutil/floats/FloatArrayList
Can't Find Class: it/unimi/dsi/fastutil/objects/ObjectArrays
Can't Find Class: com/mojang/authlib/yggdrasil/ServicesKeyInfo
Can't Find Class: it/unimi/dsi/fastutil/bytes/ByteArrays
Can't Find Class: org/joml/Math
Can't Find Class: com/google/common/hash/Hasher
Can't Find Class: com/google/common/hash/Funnels
Can't Find Class: com/google/common/hash/PrimitiveSink
Can't Find Class: org/joml/AxisAngle4f
Can't Find Class: it/unimi/dsi/fastutil/objects/Reference2FloatMap
Can't Find Class: com/google/common/primitives/UnsignedBytes
Can't Find Class: it/unimi/dsi/fastutil/objects/Reference2FloatOpenHashMap
Can't Find Class: it/unimi/dsi/fastutil/objects/Reference2FloatMaps
Can't Find Class: com/sun/jna/platform/win32/Tlhelp32$MODULEENTRY32W
Can't Find Class: com/sun/jna/platform/win32/Tlhelp32
Can't Find Class: com/sun/jna/Platform
Can't Find Class: com/sun/jna/platform/win32/Kernel32
Can't Find Class: com/sun/jna/platform/win32/Kernel32Util
Can't Find Class: com/sun/jna/ptr/IntByReference
Can't Find Class: com/sun/jna/platform/win32/Version
Can't Find Class: com/sun/jna/Native
Can't Find Class: com/sun/jna/platform/win32/Win32Exception
Can't Find Class: com/sun/jna/Memory
Can't Find Class: com/sun/jna/Pointer
Can't Find Class: com/sun/jna/ptr/PointerByReference
Can't Find Class: com/mojang/serialization/ListBuilder$Builder
Can't Find Class: com/mojang/serialization/ListBuilder
Can't Find Class: com/mojang/serialization/RecordBuilder$MapBuilder
Can't Find Class: com/google/common/collect/MapMaker
Can't Find Class: oshi/hardware/CentralProcessor$ProcessorIdentifier
Can't Find Class: oshi/hardware/PhysicalMemory
Can't Find Class: oshi/hardware/VirtualMemory
Can't Find Class: oshi/hardware/GlobalMemory
Can't Find Class: oshi/hardware/GraphicsCard
Can't Find Class: org/apache/commons/io/FilenameUtils
Can't Find Class: org/joml/Matrix3f
Can't Find Class: org/joml/Matrix3fc
Can't Find Class: org/apache/commons/lang3/tuple/Triple
Can't Find Class: it/unimi/dsi/fastutil/booleans/BooleanList
Can't Find Class: it/unimi/dsi/fastutil/booleans/BooleanArrayList
Adding extras
Sorting
Processor: net.neoforged:AutoRenamingTool: Writing output
Writing Output: /home/ubuntu/bettermc/./libraries/net/minecraft/server/1.21.1-20240808.144430/server-1.21.1-20240808.144430-srg.jar
  com/
  com/mojang/
  com/mojang/math/
  com/mojang/math/Axis.class
  com/mojang/math/Constants.class
  com/mojang/math/Divisor.class
  com/mojang/math/FieldsAreNonnullByDefault.class
  com/mojang/math/GivensParameters.class
  com/mojang/math/MatrixUtil.class
  com/mojang/math/MethodsReturnNonnullByDefault.class
  com/mojang/math/OctahedralGroup$1.class
  com/mojang/math/OctahedralGroup.class
  com/mojang/math/SymmetricGroup3.class
  com/mojang/math/Transformation.class
  com/mojang/math/package-info.class
  fernflower_abstract_parameter_names.txt
  net/
  net/minecraft/
  net/minecraft/BlockUtil$FoundRectangle.class
  net/minecraft/BlockUtil$IntBounds.class
  net/minecraft/BlockUtil.class
  net/minecraft/CharPredicate.class
  net/minecraft/ChatFormatting.class
  net/minecraft/CrashReport.class
  net/minecraft/CrashReportCategory$Entry.class
  net/minecraft/CrashReportCategory.class
  net/minecraft/CrashReportDetail.class
  net/minecraft/DefaultUncaughtExceptionHandler.class
  net/minecraft/DefaultUncaughtExceptionHandlerWithName.class
  net/minecraft/DetectedVersion.class
  net/minecraft/FieldsAreNonnullByDefault.class
  net/minecraft/FileUtil.class
  net/minecraft/MethodsReturnNonnullByDefault.class
  net/minecraft/Optionull.class
  net/minecraft/ReportType.class
  net/minecraft/ReportedException.class
  net/minecraft/ResourceLocationException.class
  net/minecraft/SharedConstants.class
  net/minecraft/SystemReport.class
  net/minecraft/Util$1.class
  net/minecraft/Util$10.class
  net/minecraft/Util$11.class
  net/minecraft/Util$2.class
  net/minecraft/Util$5.class
  net/minecraft/Util$6.class
  net/minecraft/Util$7.class
  net/minecraft/Util$8.class
  net/minecraft/Util$9.class
  net/minecraft/Util$OS$1.class
  net/minecraft/Util$OS$2.class
  net/minecraft/Util$OS.class
  net/minecraft/Util.class
  net/minecraft/WorldVersion.class
  net/minecraft/advancements/
  net/minecraft/advancements/Advancement$Builder.class
  net/minecraft/advancements/Advancement.class
  net/minecraft/advancements/AdvancementHolder.class
  net/minecraft/advancements/AdvancementNode.class
  net/minecraft/advancements/AdvancementProgress.class
  net/minecraft/advancements/AdvancementRequirements$Strategy.class
  net/minecraft/advancements/AdvancementRequirements.class
  net/minecraft/advancements/AdvancementRewards$Builder.class
  net/minecraft/advancements/AdvancementRewards.class
  net/minecraft/advancements/AdvancementTree$Listener.class
  net/minecraft/advancements/AdvancementTree.class
  net/minecraft/advancements/AdvancementType.class
  net/minecraft/advancements/CriteriaTriggers.class
  net/minecraft/advancements/Criterion.class
  net/minecraft/advancements/CriterionProgress.class
  net/minecraft/advancements/CriterionTrigger$Listener.class
  net/minecraft/advancements/CriterionTrigger.class
  net/minecraft/advancements/CriterionTriggerInstance.class
  net/minecraft/advancements/DisplayInfo.class
  net/minecraft/advancements/TreeNodePosition.class
  net/minecraft/advancements/critereon/
  net/minecraft/advancements/critereon/AnyBlockInteractionTrigger$TriggerInstance.class
  net/minecraft/advancements/critereon/AnyBlockInteractionTrigger.class
  net/minecraft/advancements/critereon/BeeNestDestroyedTrigger$TriggerInstance.class
  net/minecraft/advancements/critereon/BeeNestDestroyedTrigger.class
  net/minecraft/advancements/critereon/BlockPredicate$Builder.class
  net/minecraft/advancements/critereon/BlockPredicate.class
  net/minecraft/advancements/critereon/BredAnimalsTrigger$TriggerInstance.class
  net/minecraft/advancements/critereon/BredAnimalsTrigger.class
  net/minecraft/advancements/critereon/BrewedPotionTrigger$TriggerInstance.class
  net/minecraft/advancements/critereon/BrewedPotionTrigger.class
  net/minecraft/advancements/critereon/ChangeDimensionTrigger$TriggerInstance.class
  net/minecraft/advancements/critereon/ChangeDimensionTrigger.class
  net/minecraft/advancements/critereon/ChanneledLightningTrigger$TriggerInstance.class
  net/minecraft/advancements/critereon/ChanneledLightningTrigger.class
  net/minecraft/advancements/critereon/CollectionContentsPredicate$Multiple.class
  net/minecraft/advancements/critereon/CollectionContentsPredicate$Single.class
  net/minecraft/advancements/critereon/CollectionContentsPredicate$Zero.class
  net/minecraft/advancements/critereon/CollectionContentsPredicate.class
  net/minecraft/advancements/critereon/CollectionCountsPredicate$Entry.class
  net/minecraft/advancements/critereon/CollectionCountsPredicate$Multiple.class
  net/minecraft/advancements/critereon/CollectionCountsPredicate$Single.class
  net/minecraft/advancements/critereon/CollectionCountsPredicate$Zero.class
  net/minecraft/advancements/critereon/CollectionCountsPredicate.class
  net/minecraft/advancements/critereon/CollectionPredicate.class
  net/minecraft/advancements/critereon/ConstructBeaconTrigger$TriggerInstance.class
  net/minecraft/advancements/critereon/ConstructBeaconTrigger.class
  net/minecraft/advancements/critereon/ConsumeItemTrigger$TriggerInstance.class
  net/minecraft/advancements/critereon/ConsumeItemTrigger.class
  net/minecraft/advancements/critereon/ContextAwarePredicate.class
  net/minecraft/advancements/critereon/CriterionValidator.class
  net/minecraft/advancements/critereon/CuredZombieVillagerTrigger$TriggerInstance.class
  net/minecraft/advancements/critereon/CuredZombieVillagerTrigger.class
  net/minecraft/advancements/critereon/DamagePredicate$Builder.class
  net/minecraft/advancements/critereon/DamagePredicate.class
  net/minecraft/advancements/critereon/DamageSourcePredicate$Builder.class
  net/minecraft/advancements/critereon/DamageSourcePredicate.class
  net/minecraft/advancements/critereon/DefaultBlockInteractionTrigger$TriggerInstance.class
  net/minecraft/advancements/critereon/DefaultBlockInteractionTrigger.class
  net/minecraft/advancements/critereon/DistancePredicate.class
  net/minecraft/advancements/critereon/DistanceTrigger$TriggerInstance.class
  net/minecraft/advancements/critereon/DistanceTrigger.class
  net/minecraft/advancements/critereon/EffectsChangedTrigger$TriggerInstance.class
  net/minecraft/advancements/critereon/EffectsChangedTrigger.class
  net/minecraft/advancements/critereon/EnchantedItemTrigger$TriggerInstance.class
  net/minecraft/advancements/critereon/EnchantedItemTrigger.class
  net/minecraft/advancements/critereon/EnchantmentPredicate.class
  net/minecraft/advancements/critereon/EnterBlockTrigger$TriggerInstance.class
  net/minecraft/advancements/critereon/EnterBlockTrigger.class
  net/minecraft/advancements/critereon/EntityEquipmentPredicate$Builder.class
  net/minecraft/advancements/critereon/EntityEquipmentPredicate.class
  net/minecraft/advancements/critereon/EntityFlagsPredicate$Builder.class
  net/minecraft/advancements/critereon/EntityFlagsPredicate.class
  net/minecraft/advancements/critereon/EntityHurtPlayerTrigger$TriggerInstance.class
  net/minecraft/advancements/critereon/EntityHurtPlayerTrigger.class
  net/minecraft/advancements/critereon/EntityPredicate$Builder.class
  net/minecraft/advancements/critereon/EntityPredicate$LocationWrapper.class
  net/minecraft/advancements/critereon/EntityPredicate.class
  net/minecraft/advancements/critereon/EntitySubPredicate.class
  net/minecraft/advancements/critereon/EntitySubPredicates$EntityHolderVariantPredicateType$Instance.class
  net/minecraft/advancements/critereon/EntitySubPredicates$EntityHolderVariantPredicateType.class
  net/minecraft/advancements/critereon/EntitySubPredicates$EntityVariantPredicateType$Instance.class
  net/minecraft/advancements/critereon/EntitySubPredicates$EntityVariantPredicateType.class
  net/minecraft/advancements/critereon/EntitySubPredicates.class
  net/minecraft/advancements/critereon/EntityTypePredicate.class
  net/minecraft/advancements/critereon/FallAfterExplosionTrigger$TriggerInstance.class
  net/minecraft/advancements/critereon/FallAfterExplosionTrigger.class
  net/minecraft/advancements/critereon/FilledBucketTrigger$TriggerInstance.class
  net/minecraft/advancements/critereon/FilledBucketTrigger.class
  net/minecraft/advancements/critereon/FishingHookPredicate.class
  net/minecraft/advancements/critereon/FishingRodHookedTrigger$TriggerInstance.class
  net/minecraft/advancements/critereon/FishingRodHookedTrigger.class
  net/minecraft/advancements/critereon/FluidPredicate$Builder.class
  net/minecraft/advancements/critereon/FluidPredicate.class
  net/minecraft/advancements/critereon/GameTypePredicate.class
  net/minecraft/advancements/critereon/ImpossibleTrigger$TriggerInstance.class
  net/minecraft/advancements/critereon/ImpossibleTrigger.class
  net/minecraft/advancements/critereon/InventoryChangeTrigger$TriggerInstance$Slots.class
  net/minecraft/advancements/critereon/InventoryChangeTrigger$TriggerInstance.class
  net/minecraft/advancements/critereon/InventoryChangeTrigger.class
  net/minecraft/advancements/critereon/ItemAttributeModifiersPredicate$EntryPredicate.class
  net/minecraft/advancements/critereon/ItemAttributeModifiersPredicate.class
  net/minecraft/advancements/critereon/ItemBundlePredicate.class
  net/minecraft/advancements/critereon/ItemContainerPredicate.class
  net/minecraft/advancements/critereon/ItemCustomDataPredicate.class
  net/minecraft/advancements/critereon/ItemDamagePredicate.class
  net/minecraft/advancements/critereon/ItemDurabilityTrigger$TriggerInstance.class
  net/minecraft/advancements/critereon/ItemDurabilityTrigger.class
  net/minecraft/advancements/critereon/ItemEnchantmentsPredicate$Enchantments.class
  net/minecraft/advancements/critereon/ItemEnchantmentsPredicate$StoredEnchantments.class
  net/minecraft/advancements/critereon/ItemEnchantmentsPredicate.class
  net/minecraft/advancements/critereon/ItemFireworkExplosionPredicate$FireworkPredicate.class
  net/minecraft/advancements/critereon/ItemFireworkExplosionPredicate.class
  net/minecraft/advancements/critereon/ItemFireworksPredicate.class
  net/minecraft/advancements/critereon/ItemJukeboxPlayablePredicate.class
  net/minecraft/advancements/critereon/ItemPotionsPredicate.class
  net/minecraft/advancements/critereon/ItemPredicate$Builder.class
  net/minecraft/advancements/critereon/ItemPredicate.class
  net/minecraft/advancements/critereon/ItemSubPredicate$Type.class
  net/minecraft/advancements/critereon/ItemSubPredicate.class
  net/minecraft/advancements/critereon/ItemSubPredicates.class
  net/minecraft/advancements/critereon/ItemTrimPredicate.class
  net/minecraft/advancements/critereon/ItemUsedOnLocationTrigger$TriggerInstance.class
  net/minecraft/advancements/critereon/ItemUsedOnLocationTrigger.class
  net/minecraft/advancements/critereon/ItemWritableBookPredicate$PagePredicate.class
  net/minecraft/advancements/critereon/ItemWritableBookPredicate.class
  net/minecraft/advancements/critereon/ItemWrittenBookPredicate$PagePredicate.class
  net/minecraft/advancements/critereon/ItemWrittenBookPredicate.class
  net/minecraft/advancements/critereon/KilledByCrossbowTrigger$TriggerInstance.class
  net/minecraft/advancements/critereon/KilledByCrossbowTrigger.class
  net/minecraft/advancements/critereon/KilledTrigger$TriggerInstance.class
  net/minecraft/advancements/critereon/KilledTrigger.class
  net/minecraft/advancements/critereon/LevitationTrigger$TriggerInstance.class
  net/minecraft/advancements/critereon/LevitationTrigger.class
  net/minecraft/advancements/critereon/LightPredicate$Builder.class
  net/minecraft/advancements/critereon/LightPredicate.class
  net/minecraft/advancements/critereon/LightningBoltPredicate.class
  net/minecraft/advancements/critereon/LightningStrikeTrigger$TriggerInstance.class
  net/minecraft/advancements/critereon/LightningStrikeTrigger.class
  net/minecraft/advancements/critereon/LocationPredicate$Builder.class
  net/minecraft/advancements/critereon/LocationPredicate$PositionPredicate.class
  net/minecraft/advancements/critereon/LocationPredicate.class
  net/minecraft/advancements/critereon/LootTableTrigger$TriggerInstance.class
  net/minecraft/advancements/critereon/LootTableTrigger.class
  net/minecraft/advancements/critereon/MinMaxBounds$BoundsFactory.class
  net/minecraft/advancements/critereon/MinMaxBounds$BoundsFromReaderFactory.class
  net/minecraft/advancements/critereon/MinMaxBounds$Doubles.class
  net/minecraft/advancements/critereon/MinMaxBounds$Ints.class
  net/minecraft/advancements/critereon/MinMaxBounds.class
  net/minecraft/advancements/critereon/MobEffectsPredicate$Builder.class
  net/minecraft/advancements/critereon/MobEffectsPredicate$MobEffectInstancePredicate.class
  net/minecraft/advancements/critereon/MobEffectsPredicate.class
  net/minecraft/advancements/critereon/MovementPredicate.class
  net/minecraft/advancements/critereon/NbtPredicate.class
  net/minecraft/advancements/critereon/PickedUpItemTrigger$TriggerInstance.class
  net/minecraft/advancements/critereon/PickedUpItemTrigger.class
  net/minecraft/advancements/critereon/PlayerHurtEntityTrigger$TriggerInstance.class
  net/minecraft/advancements/critereon/PlayerHurtEntityTrigger.class
  net/minecraft/advancements/critereon/PlayerInteractTrigger$TriggerInstance.class
  net/minecraft/advancements/critereon/PlayerInteractTrigger.class
  net/minecraft/advancements/critereon/PlayerPredicate$AdvancementCriterionsPredicate.class
  net/minecraft/advancements/critereon/PlayerPredicate$AdvancementDonePredicate.class
  net/minecraft/advancements/critereon/PlayerPredicate$AdvancementPredicate.class
  net/minecraft/advancements/critereon/PlayerPredicate$Builder.class
  net/minecraft/advancements/critereon/PlayerPredicate$StatMatcher.class
  net/minecraft/advancements/critereon/PlayerPredicate.class
  net/minecraft/advancements/critereon/PlayerTrigger$TriggerInstance.class
  net/minecraft/advancements/critereon/PlayerTrigger.class
  net/minecraft/advancements/critereon/RaiderPredicate.class
  net/minecraft/advancements/critereon/RecipeCraftedTrigger$TriggerInstance.class
  net/minecraft/advancements/critereon/RecipeCraftedTrigger.class
  net/minecraft/advancements/critereon/RecipeUnlockedTrigger$TriggerInstance.class
  net/minecraft/advancements/critereon/RecipeUnlockedTrigger.class
  net/minecraft/advancements/critereon/ShotCrossbowTrigger$TriggerInstance.class
  net/minecraft/advancements/critereon/ShotCrossbowTrigger.class
  net/minecraft/advancements/critereon/SimpleCriterionTrigger$SimpleInstance.class
  net/minecraft/advancements/critereon/SimpleCriterionTrigger.class
  net/minecraft/advancements/critereon/SingleComponentItemPredicate.class
  net/minecraft/advancements/critereon/SlideDownBlockTrigger$TriggerInstance.class
  net/minecraft/advancements/critereon/SlideDownBlockTrigger.class
  net/minecraft/advancements/critereon/SlimePredicate.class
  net/minecraft/advancements/critereon/SlotsPredicate.class
  net/minecraft/advancements/critereon/StartRidingTrigger$TriggerInstance.class
  net/minecraft/advancements/critereon/StartRidingTrigger.class
  net/minecraft/advancements/critereon/StatePropertiesPredicate$Builder.class
  net/minecraft/advancements/critereon/StatePropertiesPredicate$ExactMatcher.class
  net/minecraft/advancements/critereon/StatePropertiesPredicate$PropertyMatcher.class
  net/minecraft/advancements/critereon/StatePropertiesPredicate$RangedMatcher.class
  net/minecraft/advancements/critereon/StatePropertiesPredicate$ValueMatcher.class
  net/minecraft/advancements/critereon/StatePropertiesPredicate.class
  net/minecraft/advancements/critereon/SummonedEntityTrigger$TriggerInstance.class
  net/minecraft/advancements/critereon/SummonedEntityTrigger.class
  net/minecraft/advancements/critereon/TagPredicate.class
  net/minecraft/advancements/critereon/TameAnimalTrigger$TriggerInstance.class
  net/minecraft/advancements/critereon/TameAnimalTrigger.class
  net/minecraft/advancements/critereon/TargetBlockTrigger$TriggerInstance.class
  net/minecraft/advancements/critereon/TargetBlockTrigger.class
  net/minecraft/advancements/critereon/TradeTrigger$TriggerInstance.class
  net/minecraft/advancements/critereon/TradeTrigger.class
  net/minecraft/advancements/critereon/UsedEnderEyeTrigger$TriggerInstance.class
  net/minecraft/advancements/critereon/UsedEnderEyeTrigger.class
  net/minecraft/advancements/critereon/UsedTotemTrigger$TriggerInstance.class
  net/minecraft/advancements/critereon/UsedTotemTrigger.class
  net/minecraft/advancements/critereon/UsingItemTrigger$TriggerInstance.class
  net/minecraft/advancements/critereon/UsingItemTrigger.class
  net/minecraft/advancements/critereon/WrappedMinMaxBounds.class
  net/minecraft/advancements/critereon/package-info.class
  net/minecraft/advancements/package-info.class
  net/minecraft/commands/
  net/minecraft/commands/BrigadierExceptions.class
  net/minecraft/commands/CacheableFunction.class
  net/minecraft/commands/CommandBuildContext$1.class
  net/minecraft/commands/CommandBuildContext.class
  net/minecraft/commands/CommandResultCallback$1.class
  net/minecraft/commands/CommandResultCallback.class
  net/minecraft/commands/CommandSigningContext$1.class
  net/minecraft/commands/CommandSigningContext$SignedArguments.class
  net/minecraft/commands/CommandSigningContext.class
  net/minecraft/commands/CommandSource$1.class
  net/minecraft/commands/CommandSource.class
  net/minecraft/commands/CommandSourceStack.class
  net/minecraft/commands/Commands$1$1.class
  net/minecraft/commands/Commands$1.class
  net/minecraft/commands/Commands$CommandSelection.class
  net/minecraft/commands/Commands$ParseFunction.class
  net/minecraft/commands/Commands.class
  net/minecraft/commands/ExecutionCommandSource.class
  net/minecraft/commands/FunctionInstantiationException.class
  net/minecraft/commands/ParserUtils.class
  net/minecraft/commands/SharedSuggestionProvider$ElementSuggestionType.class
  net/minecraft/commands/SharedSuggestionProvider$TextCoordinates.class
  net/minecraft/commands/SharedSuggestionProvider.class
  net/minecraft/commands/arguments/
  net/minecraft/commands/arguments/AngleArgument$SingleAngle.class
  net/minecraft/commands/arguments/AngleArgument.class
  net/minecraft/commands/arguments/ArgumentSignatures$Entry.class
  net/minecraft/commands/arguments/ArgumentSignatures$Signer.class
  net/minecraft/commands/arguments/ArgumentSignatures.class
  net/minecraft/commands/arguments/ColorArgument.class
  net/minecraft/commands/arguments/ComponentArgument.class
  net/minecraft/commands/arguments/CompoundTagArgument.class
  net/minecraft/commands/arguments/DimensionArgument.class
  net/minecraft/commands/arguments/EntityAnchorArgument$Anchor.class
  net/minecraft/commands/arguments/EntityAnchorArgument.class
  net/minecraft/commands/arguments/EntityArgument$Info$Template.class
  net/minecraft/commands/arguments/EntityArgument$Info.class
  net/minecraft/commands/arguments/EntityArgument.class
  net/minecraft/commands/arguments/GameModeArgument.class
  net/minecraft/commands/arguments/GameProfileArgument$Result.class
  net/minecraft/commands/arguments/GameProfileArgument$SelectorResult.class
  net/minecraft/commands/arguments/GameProfileArgument.class
  net/minecraft/commands/arguments/HeightmapTypeArgument.class
  net/minecraft/commands/arguments/MessageArgument$Message.class
  net/minecraft/commands/arguments/MessageArgument$Part.class
  net/minecraft/commands/arguments/MessageArgument.class
  net/minecraft/commands/arguments/NbtPathArgument$AllElementsNode.class
  net/minecraft/commands/arguments/NbtPathArgument$CompoundChildNode.class
  net/minecraft/commands/arguments/NbtPathArgument$IndexedElementNode.class
  net/minecraft/commands/arguments/NbtPathArgument$MatchElementNode.class
  net/minecraft/commands/arguments/NbtPathArgument$MatchObjectNode.class
  net/minecraft/commands/arguments/NbtPathArgument$MatchRootObjectNode.class
  net/minecraft/commands/arguments/NbtPathArgument$NbtPath.class
  net/minecraft/commands/arguments/NbtPathArgument$Node.class
  net/minecraft/commands/arguments/NbtPathArgument.class
  net/minecraft/commands/arguments/NbtTagArgument.class
  net/minecraft/commands/arguments/ObjectiveArgument.class
  net/minecraft/commands/arguments/ObjectiveCriteriaArgument.class
  net/minecraft/commands/arguments/OperationArgument$Operation.class
  net/minecraft/commands/arguments/OperationArgument$SimpleOperation.class
  net/minecraft/commands/arguments/OperationArgument.class
  net/minecraft/commands/arguments/ParticleArgument.class
  net/minecraft/commands/arguments/RangeArgument$Floats.class
  net/minecraft/commands/arguments/RangeArgument$Ints.class
  net/minecraft/commands/arguments/RangeArgument.class
  net/minecraft/commands/arguments/ResourceArgument$Info$Template.class
  net/minecraft/commands/arguments/ResourceArgument$Info.class
  net/minecraft/commands/arguments/ResourceArgument.class
  net/minecraft/commands/arguments/ResourceKeyArgument$Info$Template.class
  net/minecraft/commands/arguments/ResourceKeyArgument$Info.class
  net/minecraft/commands/arguments/ResourceKeyArgument.class
  net/minecraft/commands/arguments/ResourceLocationArgument.class
  net/minecraft/commands/arguments/ResourceOrIdArgument$LootModifierArgument.class
  net/minecraft/commands/arguments/ResourceOrIdArgument$LootPredicateArgument.class
  net/minecraft/commands/arguments/ResourceOrIdArgument$LootTableArgument.class
  net/minecraft/commands/arguments/ResourceOrIdArgument.class
  net/minecraft/commands/arguments/ResourceOrTagArgument$Info$Template.class
  net/minecraft/commands/arguments/ResourceOrTagArgument$Info.class
  net/minecraft/commands/arguments/ResourceOrTagArgument$ResourceResult.class
  net/minecraft/commands/arguments/ResourceOrTagArgument$Result.class
  net/minecraft/commands/arguments/ResourceOrTagArgument$TagResult.class
  net/minecraft/commands/arguments/ResourceOrTagArgument.class
  net/minecraft/commands/arguments/ResourceOrTagKeyArgument$Info$Template.class
  net/minecraft/commands/arguments/ResourceOrTagKeyArgument$Info.class
  net/minecraft/commands/arguments/ResourceOrTagKeyArgument$ResourceResult.class
  net/minecraft/commands/arguments/ResourceOrTagKeyArgument$Result.class
  net/minecraft/commands/arguments/ResourceOrTagKeyArgument$TagResult.class
  net/minecraft/commands/arguments/ResourceOrTagKeyArgument.class
  net/minecraft/commands/arguments/ScoreHolderArgument$Info$Template.class
  net/minecraft/commands/arguments/ScoreHolderArgument$Info.class
  net/minecraft/commands/arguments/ScoreHolderArgument$Result.class
  net/minecraft/commands/arguments/ScoreHolderArgument$SelectorResult.class
  net/minecraft/commands/arguments/ScoreHolderArgument.class
  net/minecraft/commands/arguments/ScoreboardSlotArgument.class
  net/minecraft/commands/arguments/SignedArgument.class
  net/minecraft/commands/arguments/SlotArgument.class
  net/minecraft/commands/arguments/SlotsArgument.class
  net/minecraft/commands/arguments/StringRepresentableArgument.class
  net/minecraft/commands/arguments/StyleArgument.class
  net/minecraft/commands/arguments/TeamArgument.class
  net/minecraft/commands/arguments/TemplateMirrorArgument.class
  net/minecraft/commands/arguments/TemplateRotationArgument.class
  net/minecraft/commands/arguments/TimeArgument$Info$Template.class
  net/minecraft/commands/arguments/TimeArgument$Info.class
  net/minecraft/commands/arguments/TimeArgument.class
  net/minecraft/commands/arguments/UuidArgument.class
  net/minecraft/commands/arguments/blocks/
  net/minecraft/commands/arguments/blocks/BlockInput.class
  net/minecraft/commands/arguments/blocks/BlockPredicateArgument$BlockPredicate.class
  net/minecraft/commands/arguments/blocks/BlockPredicateArgument$Result.class
  net/minecraft/commands/arguments/blocks/BlockPredicateArgument$TagPredicate.class
  net/minecraft/commands/arguments/blocks/BlockPredicateArgument.class
  net/minecraft/commands/arguments/blocks/BlockStateArgument.class
  net/minecraft/commands/arguments/blocks/BlockStateParser$BlockResult.class
  net/minecraft/commands/arguments/blocks/BlockStateParser$TagResult.class
  net/minecraft/commands/arguments/blocks/BlockStateParser.class
  net/minecraft/commands/arguments/blocks/package-info.class
  net/minecraft/commands/arguments/coordinates/
  net/minecraft/commands/arguments/coordinates/BlockPosArgument.class
  net/minecraft/commands/arguments/coordinates/ColumnPosArgument.class
  net/minecraft/commands/arguments/coordinates/Coordinates.class
  net/minecraft/commands/arguments/coordinates/LocalCoordinates.class
  net/minecraft/commands/arguments/coordinates/RotationArgument.class
  net/minecraft/commands/arguments/coordinates/SwizzleArgument.class
  net/minecraft/commands/arguments/coordinates/Vec2Argument.class
  net/minecraft/commands/arguments/coordinates/Vec3Argument.class
  net/minecraft/commands/arguments/coordinates/WorldCoordinate.class
  net/minecraft/commands/arguments/coordinates/WorldCoordinates.class
  net/minecraft/commands/arguments/coordinates/package-info.class
  net/minecraft/commands/arguments/item/
  net/minecraft/commands/arguments/item/ComponentPredicateParser$ComponentLookupRule.class
  net/minecraft/commands/arguments/item/ComponentPredicateParser$Context.class
  net/minecraft/commands/arguments/item/ComponentPredicateParser$ElementLookupRule.class
  net/minecraft/commands/arguments/item/ComponentPredicateParser$PredicateLookupRule.class
  net/minecraft/commands/arguments/item/ComponentPredicateParser$TagLookupRule.class
  net/minecraft/commands/arguments/item/ComponentPredicateParser.class
  net/minecraft/commands/arguments/item/FunctionArgument$1.class
  net/minecraft/commands/arguments/item/FunctionArgument$2.class
  net/minecraft/commands/arguments/item/FunctionArgument$Result.class
  net/minecraft/commands/arguments/item/FunctionArgument.class
  net/minecraft/commands/arguments/item/ItemArgument.class
  net/minecraft/commands/arguments/item/ItemInput.class
  net/minecraft/commands/arguments/item/ItemParser$1.class
  net/minecraft/commands/arguments/item/ItemParser$ItemResult.class
  net/minecraft/commands/arguments/item/ItemParser$State.class
  net/minecraft/commands/arguments/item/ItemParser$SuggestionsVisitor.class
  net/minecraft/commands/arguments/item/ItemParser$Visitor.class
  net/minecraft/commands/arguments/item/ItemParser.class
  net/minecraft/commands/arguments/item/ItemPredicateArgument$ComponentWrapper.class
  net/minecraft/commands/arguments/item/ItemPredicateArgument$Context.class
  net/minecraft/commands/arguments/item/ItemPredicateArgument$PredicateWrapper.class
  net/minecraft/commands/arguments/item/ItemPredicateArgument$Result.class
  net/minecraft/commands/arguments/item/ItemPredicateArgument.class
  net/minecraft/commands/arguments/item/package-info.class
  net/minecraft/commands/arguments/package-info.class
  net/minecraft/commands/arguments/selector/
  net/minecraft/commands/arguments/selector/EntitySelector$1.class
  net/minecraft/commands/arguments/selector/EntitySelector.class
  net/minecraft/commands/arguments/selector/EntitySelectorParser.class
  net/minecraft/commands/arguments/selector/options/
  net/minecraft/commands/arguments/selector/options/EntitySelectorOptions$Modifier.class
  net/minecraft/commands/arguments/selector/options/EntitySelectorOptions$Option.class
  net/minecraft/commands/arguments/selector/options/EntitySelectorOptions.class
  net/minecraft/commands/arguments/selector/options/package-info.class
  net/minecraft/commands/arguments/selector/package-info.class
  net/minecraft/commands/execution/
  net/minecraft/commands/execution/ChainModifiers.class
  net/minecraft/commands/execution/CommandQueueEntry.class
  net/minecraft/commands/execution/CustomCommandExecutor$CommandAdapter.class
  net/minecraft/commands/execution/CustomCommandExecutor$WithErrorHandling.class
  net/minecraft/commands/execution/CustomCommandExecutor.class
  net/minecraft/commands/execution/CustomModifierExecutor$ModifierAdapter.class
  net/minecraft/commands/execution/CustomModifierExecutor.class
  net/minecraft/commands/execution/EntryAction.class
  net/minecraft/commands/execution/ExecutionContext.class
  net/minecraft/commands/execution/ExecutionControl$1.class
  net/minecraft/commands/execution/ExecutionControl.class
  net/minecraft/commands/execution/Frame$FrameControl.class
  net/minecraft/commands/execution/Frame.class
  net/minecraft/commands/execution/TraceCallbacks.class
  net/minecraft/commands/execution/UnboundEntryAction.class
  net/minecraft/commands/execution/package-info.class
  net/minecraft/commands/execution/tasks/
  net/minecraft/commands/execution/tasks/BuildContexts$Continuation.class
  net/minecraft/commands/execution/tasks/BuildContexts$TopLevel.class
  net/minecraft/commands/execution/tasks/BuildContexts$Unbound.class
  net/minecraft/commands/execution/tasks/BuildContexts.class
  net/minecraft/commands/execution/tasks/CallFunction.class
  net/minecraft/commands/execution/tasks/ContinuationTask$TaskProvider.class
  net/minecraft/commands/execution/tasks/ContinuationTask.class
  net/minecraft/commands/execution/tasks/ExecuteCommand.class
  net/minecraft/commands/execution/tasks/FallthroughTask.class
  net/minecraft/commands/execution/tasks/IsolatedCall.class
  net/minecraft/commands/execution/tasks/package-info.class
  net/minecraft/commands/functions/
  net/minecraft/commands/functions/CommandFunction.class
  net/minecraft/commands/functions/FunctionBuilder.class
  net/minecraft/commands/functions/InstantiatedFunction.class
  net/minecraft/commands/functions/MacroFunction$Entry.class
  net/minecraft/commands/functions/MacroFunction$MacroEntry.class
  net/minecraft/commands/functions/MacroFunction$PlainTextEntry.class
  net/minecraft/commands/functions/MacroFunction.class
  net/minecraft/commands/functions/PlainTextFunction.class
  net/minecraft/commands/functions/StringTemplate.class
  net/minecraft/commands/functions/package-info.class
  net/minecraft/commands/package-info.class
  net/minecraft/commands/synchronization/
  net/minecraft/commands/synchronization/ArgumentTypeInfo$Template.class
  net/minecraft/commands/synchronization/ArgumentTypeInfo.class
  net/minecraft/commands/synchronization/ArgumentTypeInfos.class
  net/minecraft/commands/synchronization/ArgumentUtils.class
  net/minecraft/commands/synchronization/SingletonArgumentInfo$Template.class
  net/minecraft/commands/synchronization/SingletonArgumentInfo.class
  net/minecraft/commands/synchronization/SuggestionProviders$Wrapper.class
  net/minecraft/commands/synchronization/SuggestionProviders.class
  net/minecraft/commands/synchronization/brigadier/
  net/minecraft/commands/synchronization/brigadier/DoubleArgumentInfo$Template.class
  net/minecraft/commands/synchronization/brigadier/DoubleArgumentInfo.class
  net/minecraft/commands/synchronization/brigadier/FloatArgumentInfo$Template.class
  net/minecraft/commands/synchronization/brigadier/FloatArgumentInfo.class
  net/minecraft/commands/synchronization/brigadier/IntegerArgumentInfo$Template.class
  net/minecraft/commands/synchronization/brigadier/IntegerArgumentInfo.class
  net/minecraft/commands/synchronization/brigadier/LongArgumentInfo$Template.class
  net/minecraft/commands/synchronization/brigadier/LongArgumentInfo.class
  net/minecraft/commands/synchronization/brigadier/StringArgumentSerializer$1.class
  net/minecraft/commands/synchronization/brigadier/StringArgumentSerializer$Template.class
  net/minecraft/commands/synchronization/brigadier/StringArgumentSerializer.class
  net/minecraft/commands/synchronization/brigadier/package-info.class
  net/minecraft/commands/synchronization/package-info.class
  net/minecraft/core/
  net/minecraft/core/AxisCycle$1.class
  net/minecraft/core/AxisCycle$2.class
  net/minecraft/core/AxisCycle$3.class
  net/minecraft/core/AxisCycle.class
  net/minecraft/core/BlockBox$1.class
  net/minecraft/core/BlockBox.class
  net/minecraft/core/BlockMath.class
  net/minecraft/core/BlockPos$1.class
  net/minecraft/core/BlockPos$2.class
  net/minecraft/core/BlockPos$3.class
  net/minecraft/core/BlockPos$4.class
  net/minecraft/core/BlockPos$5.class
  net/minecraft/core/BlockPos$6.class
  net/minecraft/core/BlockPos$MutableBlockPos.class
  net/minecraft/core/BlockPos.class
  net/minecraft/core/Cloner$Factory.class
  net/minecraft/core/Cloner.class
  net/minecraft/core/Cursor3D.class
  net/minecraft/core/DefaultedMappedRegistry.class
  net/minecraft/core/DefaultedRegistry.class
  net/minecraft/core/Direction$Axis$1.class
  net/minecraft/core/Direction$Axis$2.class
  net/minecraft/core/Direction$Axis$3.class
  net/minecraft/core/Direction$Axis.class
  net/minecraft/core/Direction$AxisDirection.class
  net/minecraft/core/Direction$Plane.class
  net/minecraft/core/Direction.class
  net/minecraft/core/Direction8.class
  net/minecraft/core/FrontAndTop.class
  net/minecraft/core/GlobalPos.class
  net/minecraft/core/Holder$Direct.class
  net/minecraft/core/Holder$Kind.class
  net/minecraft/core/Holder$Reference$Type.class
  net/minecraft/core/Holder$Reference.class
  net/minecraft/core/Holder.class
  net/minecraft/core/HolderGetter$Provider.class
  net/minecraft/core/HolderGetter.class
  net/minecraft/core/HolderLookup$Provider$1.class
  net/minecraft/core/HolderLookup$Provider$2.class
  net/minecraft/core/HolderLookup$Provider.class
  net/minecraft/core/HolderLookup$RegistryLookup$1.class
  net/minecraft/core/HolderLookup$RegistryLookup$Delegate.class
  net/minecraft/core/HolderLookup$RegistryLookup.class
  net/minecraft/core/HolderLookup.class
  net/minecraft/core/HolderOwner.class
  net/minecraft/core/HolderSet$1.class
  net/minecraft/core/HolderSet$Direct.class
  net/minecraft/core/HolderSet$ListBacked.class
  net/minecraft/core/HolderSet$Named.class
  net/minecraft/core/HolderSet.class
  net/minecraft/core/IdMap.class
  net/minecraft/core/IdMapper.class
  net/minecraft/core/LayeredRegistryAccess.class
  net/minecraft/core/MappedRegistry$1.class
  net/minecraft/core/MappedRegistry$2.class
  net/minecraft/core/MappedRegistry.class
  net/minecraft/core/NonNullList.class
  net/minecraft/core/Position.class
  net/minecraft/core/QuartPos.class
  net/minecraft/core/RegistrationInfo.class
  net/minecraft/core/Registry$1.class
  net/minecraft/core/Registry$2.class
  net/minecraft/core/Registry.class
  net/minecraft/core/RegistryAccess$1.class
  net/minecraft/core/RegistryAccess$1FrozenAccess.class
  net/minecraft/core/RegistryAccess$Frozen.class
  net/minecraft/core/RegistryAccess$ImmutableRegistryAccess.class
  net/minecraft/core/RegistryAccess$RegistryEntry.class
  net/minecraft/core/RegistryAccess.class
  net/minecraft/core/RegistryCodecs.class
  net/minecraft/core/RegistrySetBuilder$1.class
  net/minecraft/core/RegistrySetBuilder$1Entry.class
  net/minecraft/core/RegistrySetBuilder$2.class
  net/minecraft/core/RegistrySetBuilder$3$1.class
  net/minecraft/core/RegistrySetBuilder$3.class
  net/minecraft/core/RegistrySetBuilder$BuildState$1.class
  net/minecraft/core/RegistrySetBuilder$BuildState.class
  net/minecraft/core/RegistrySetBuilder$EmptyTagLookup.class
  net/minecraft/core/RegistrySetBuilder$EmptyTagLookupWrapper.class
  net/minecraft/core/RegistrySetBuilder$EmptyTagRegistryLookup.class
  net/minecraft/core/RegistrySetBuilder$LazyHolder.class
  net/minecraft/core/RegistrySetBuilder$PatchedRegistries.class
  net/minecraft/core/RegistrySetBuilder$RegisteredValue.class
  net/minecraft/core/RegistrySetBuilder$RegistryBootstrap.class
  net/minecraft/core/RegistrySetBuilder$RegistryContents.class
  net/minecraft/core/RegistrySetBuilder$RegistryStub.class
  net/minecraft/core/RegistrySetBuilder$UniversalLookup.class
  net/minecraft/core/RegistrySetBuilder$UniversalOwner.class
  net/minecraft/core/RegistrySetBuilder$ValueAndHolder.class
  net/minecraft/core/RegistrySetBuilder.class
  net/minecraft/core/RegistrySynchronization$PackedRegistryEntry.class
  net/minecraft/core/RegistrySynchronization.class
  net/minecraft/core/Rotations$1.class
  net/minecraft/core/Rotations.class
  net/minecraft/core/SectionPos$1.class
  net/minecraft/core/SectionPos.class
  net/minecraft/core/UUIDUtil$1.class
  net/minecraft/core/UUIDUtil.class
  net/minecraft/core/Vec3i.class
  net/minecraft/core/WritableRegistry.class
  net/minecraft/core/cauldron/
  net/minecraft/core/cauldron/CauldronInteraction$InteractionMap.class
  net/minecraft/core/cauldron/CauldronInteraction.class
  net/minecraft/core/cauldron/package-info.class
  net/minecraft/core/component/
  net/minecraft/core/component/DataComponentHolder.class
  net/minecraft/core/component/DataComponentMap$1.class
  net/minecraft/core/component/DataComponentMap$2.class
  net/minecraft/core/component/DataComponentMap$3.class
  net/minecraft/core/component/DataComponentMap$Builder$SimpleMap.class
  net/minecraft/core/component/DataComponentMap$Builder.class
  net/minecraft/core/component/DataComponentMap.class
  net/minecraft/core/component/DataComponentPatch$1.class
  net/minecraft/core/component/DataComponentPatch$Builder.class
  net/minecraft/core/component/DataComponentPatch$PatchKey.class
  net/minecraft/core/component/DataComponentPatch$SplitResult.class
  net/minecraft/core/component/DataComponentPatch.class
  net/minecraft/core/component/DataComponentPredicate$Builder.class
  net/minecraft/core/component/DataComponentPredicate.class
  net/minecraft/core/component/DataComponentType$Builder$SimpleType.class
  net/minecraft/core/component/DataComponentType$Builder.class
  net/minecraft/core/component/DataComponentType.class
  net/minecraft/core/component/DataComponents.class
  net/minecraft/core/component/PatchedDataComponentMap.class
  net/minecraft/core/component/TypedDataComponent$1.class
  net/minecraft/core/component/TypedDataComponent.class
  net/minecraft/core/component/package-info.class
  net/minecraft/core/dispenser/
  net/minecraft/core/dispenser/BlockSource.class
  net/minecraft/core/dispenser/BoatDispenseItemBehavior.class
  net/minecraft/core/dispenser/DefaultDispenseItemBehavior.class
  net/minecraft/core/dispenser/DispenseItemBehavior$1.class
  net/minecraft/core/dispenser/DispenseItemBehavior$10.class
  net/minecraft/core/dispenser/DispenseItemBehavior$11.class
  net/minecraft/core/dispenser/DispenseItemBehavior$12.class
  net/minecraft/core/dispenser/DispenseItemBehavior$13.class
  net/minecraft/core/dispenser/DispenseItemBehavior$14.class
  net/minecraft/core/dispenser/DispenseItemBehavior$15.class
  net/minecraft/core/dispenser/DispenseItemBehavior$16.class
  net/minecraft/core/dispenser/DispenseItemBehavior$17.class
  net/minecraft/core/dispenser/DispenseItemBehavior$18.class
  net/minecraft/core/dispenser/DispenseItemBehavior$2.class
  net/minecraft/core/dispenser/DispenseItemBehavior$3.class
  net/minecraft/core/dispenser/DispenseItemBehavior$4.class
  net/minecraft/core/dispenser/DispenseItemBehavior$5.class
  net/minecraft/core/dispenser/DispenseItemBehavior$6.class
  net/minecraft/core/dispenser/DispenseItemBehavior$7.class
  net/minecraft/core/dispenser/DispenseItemBehavior$8.class
  net/minecraft/core/dispenser/DispenseItemBehavior$9.class
  net/minecraft/core/dispenser/DispenseItemBehavior.class
  net/minecraft/core/dispenser/OptionalDispenseItemBehavior.class
  net/minecraft/core/dispenser/ProjectileDispenseBehavior.class
  net/minecraft/core/dispenser/ShearsDispenseItemBehavior.class
  net/minecraft/core/dispenser/ShulkerBoxDispenseBehavior.class
  net/minecraft/core/dispenser/package-info.class
  net/minecraft/core/package-info.class
  net/minecraft/core/particles/
  net/minecraft/core/particles/BlockParticleOption.class
  net/minecraft/core/particles/ColorParticleOption.class
  net/minecraft/core/particles/DustColorTransitionOptions.class
  net/minecraft/core/particles/DustParticleOptions.class
  net/minecraft/core/particles/ItemParticleOption.class
  net/minecraft/core/particles/ParticleGroup.class
  net/minecraft/core/particles/ParticleOptions.class
  net/minecraft/core/particles/ParticleType.class
  net/minecraft/core/particles/ParticleTypes$1.class
  net/minecraft/core/particles/ParticleTypes.class
  net/minecraft/core/particles/ScalableParticleOptionsBase.class
  net/minecraft/core/particles/SculkChargeParticleOptions.class
  net/minecraft/core/particles/ShriekParticleOption.class
  net/minecraft/core/particles/SimpleParticleType.class
  net/minecraft/core/particles/VibrationParticleOption.class
  net/minecraft/core/particles/package-info.class
  net/minecraft/core/registries/
  net/minecraft/core/registries/BuiltInRegistries$RegistryBootstrap.class
  net/minecraft/core/registries/BuiltInRegistries.class
  net/minecraft/core/registries/Registries.class
  net/minecraft/core/registries/package-info.class
  net/minecraft/data/
  net/minecraft/data/BlockFamilies.class
  net/minecraft/data/BlockFamily$Builder.class
  net/minecraft/data/BlockFamily$Variant.class
  net/minecraft/data/BlockFamily.class
  net/minecraft/data/CachedOutput.class
  net/minecraft/data/DataGenerator$PackGenerator.class
  net/minecraft/data/DataGenerator.class
  net/minecraft/data/DataProvider$Factory.class
  net/minecraft/data/DataProvider.class
  net/minecraft/data/HashCache$1.class
  net/minecraft/data/HashCache$CacheUpdater.class
  net/minecraft/data/HashCache$ProviderCache.class
  net/minecraft/data/HashCache$ProviderCacheBuilder.class
  net/minecraft/data/HashCache$UpdateFunction.class
  net/minecraft/data/HashCache$UpdateResult.class
  net/minecraft/data/HashCache.class
  net/minecraft/data/Main.class
  net/minecraft/data/PackOutput$PathProvider.class
  net/minecraft/data/PackOutput$Target.class
  net/minecraft/data/PackOutput.class
  net/minecraft/data/advancements/
  net/minecraft/data/advancements/AdvancementProvider.class
  net/minecraft/data/advancements/AdvancementSubProvider.class
  net/minecraft/data/advancements/package-info.class
  net/minecraft/data/advancements/packs/
  net/minecraft/data/advancements/packs/VanillaAdvancementProvider.class
  net/minecraft/data/advancements/packs/VanillaAdventureAdvancements.class
  net/minecraft/data/advancements/packs/VanillaHusbandryAdvancements.class
  net/minecraft/data/advancements/packs/VanillaNetherAdvancements.class
  net/minecraft/data/advancements/packs/VanillaStoryAdvancements.class
  net/minecraft/data/advancements/packs/VanillaTheEndAdvancements.class
  net/minecraft/data/advancements/packs/package-info.class
  net/minecraft/data/info/
  net/minecraft/data/info/BiomeParametersDumpReport.class
  net/minecraft/data/info/BlockListReport.class
  net/minecraft/data/info/CommandsReport.class
  net/minecraft/data/info/ItemListReport.class
  net/minecraft/data/info/PacketReport.class
  net/minecraft/data/info/RegistryDumpReport.class
  net/minecraft/data/info/package-info.class
  net/minecraft/data/loot/
  net/minecraft/data/loot/BlockLootSubProvider.class
  net/minecraft/data/loot/EntityLootSubProvider.class
  net/minecraft/data/loot/LootTableProvider$SubProviderEntry.class
  net/minecraft/data/loot/LootTableProvider.class
  net/minecraft/data/loot/LootTableSubProvider.class
  net/minecraft/data/loot/package-info.class
  net/minecraft/data/loot/packs/
  net/minecraft/data/loot/packs/TradeRebalanceChestLoot.class
  net/minecraft/data/loot/packs/TradeRebalanceLootTableProvider.class
  net/minecraft/data/loot/packs/VanillaArchaeologyLoot.class
  net/minecraft/data/loot/packs/VanillaBlockLoot.class
  net/minecraft/data/loot/packs/VanillaChestLoot.class
  net/minecraft/data/loot/packs/VanillaEntityLoot.class
  net/minecraft/data/loot/packs/VanillaEquipmentLoot.class
  net/minecraft/data/loot/packs/VanillaFishingLoot.class
  net/minecraft/data/loot/packs/VanillaGiftLoot.class
  net/minecraft/data/loot/packs/VanillaLootTableProvider.class
  net/minecraft/data/loot/packs/VanillaPiglinBarterLoot.class
  net/minecraft/data/loot/packs/VanillaShearingLoot.class
  net/minecraft/data/loot/packs/package-info.class
  net/minecraft/data/metadata/
  net/minecraft/data/metadata/PackMetadataGenerator.class
  net/minecraft/data/metadata/package-info.class
  net/minecraft/data/models/
  net/minecraft/data/models/BlockModelGenerators$1.class
  net/minecraft/data/models/BlockModelGenerators$BlockEntityModelGenerator.class
  net/minecraft/data/models/BlockModelGenerators$BlockFamilyProvider.class
  net/minecraft/data/models/BlockModelGenerators$BlockStateGeneratorSupplier.class
  net/minecraft/data/models/BlockModelGenerators$BookSlotModelCacheKey.class
  net/minecraft/data/models/BlockModelGenerators$TintState.class
  net/minecraft/data/models/BlockModelGenerators$WoodProvider.class
  net/minecraft/data/models/BlockModelGenerators.class
  net/minecraft/data/models/ItemModelGenerators$TrimModelData.class
  net/minecraft/data/models/ItemModelGenerators.class
  net/minecraft/data/models/ModelProvider.class
  net/minecraft/data/models/blockstates/
  net/minecraft/data/models/blockstates/BlockStateGenerator.class
  net/minecraft/data/models/blockstates/Condition$CompositeCondition.class
  net/minecraft/data/models/blockstates/Condition$Operation.class
  net/minecraft/data/models/blockstates/Condition$TerminalCondition.class
  net/minecraft/data/models/blockstates/Condition.class
  net/minecraft/data/models/blockstates/MultiPartGenerator$ConditionalEntry.class
  net/minecraft/data/models/blockstates/MultiPartGenerator$Entry.class
  net/minecraft/data/models/blockstates/MultiPartGenerator.class
  net/minecraft/data/models/blockstates/MultiVariantGenerator.class
  net/minecraft/data/models/blockstates/PropertyDispatch$C1.class
  net/minecraft/data/models/blockstates/PropertyDispatch$C2.class
  net/minecraft/data/models/blockstates/PropertyDispatch$C3.class
  net/minecraft/data/models/blockstates/PropertyDispatch$C4.class
  net/minecraft/data/models/blockstates/PropertyDispatch$C5.class
  net/minecraft/data/models/blockstates/PropertyDispatch$PentaFunction.class
  net/minecraft/data/models/blockstates/PropertyDispatch$QuadFunction.class
  net/minecraft/data/models/blockstates/PropertyDispatch$TriFunction.class
  net/minecraft/data/models/blockstates/PropertyDispatch.class
  net/minecraft/data/models/blockstates/Selector.class
  net/minecraft/data/models/blockstates/Variant.class
  net/minecraft/data/models/blockstates/VariantProperties$Rotation.class
  net/minecraft/data/models/blockstates/VariantProperties.class
  net/minecraft/data/models/blockstates/VariantProperty$Value.class
  net/minecraft/data/models/blockstates/VariantProperty.class
  net/minecraft/data/models/blockstates/package-info.class
  net/minecraft/data/models/model/
  net/minecraft/data/models/model/DelegatedModel.class
  net/minecraft/data/models/model/ModelLocationUtils.class
  net/minecraft/data/models/model/ModelTemplate$JsonFactory.class
  net/minecraft/data/models/model/ModelTemplate.class
  net/minecraft/data/models/model/ModelTemplates.class
  net/minecraft/data/models/model/TextureMapping.class
  net/minecraft/data/models/model/TextureSlot.class
  net/minecraft/data/models/model/TexturedModel$Provider.class
  net/minecraft/data/models/model/TexturedModel.class
  net/minecraft/data/models/model/package-info.class
  net/minecraft/data/models/package-info.class
  net/minecraft/data/package-info.class
  net/minecraft/data/recipes/
  net/minecraft/data/recipes/RecipeBuilder$1.class
  net/minecraft/data/recipes/RecipeBuilder.class
  net/minecraft/data/recipes/RecipeCategory.class
  net/minecraft/data/recipes/RecipeOutput.class
  net/minecraft/data/recipes/RecipeProvider$1.class
  net/minecraft/data/recipes/RecipeProvider.class
  net/minecraft/data/recipes/ShapedRecipeBuilder.class
  net/minecraft/data/recipes/ShapelessRecipeBuilder.class
  net/minecraft/data/recipes/SimpleCookingRecipeBuilder.class
  net/minecraft/data/recipes/SingleItemRecipeBuilder.class
  net/minecraft/data/recipes/SmithingTransformRecipeBuilder.class
  net/minecraft/data/recipes/SmithingTrimRecipeBuilder.class
  net/minecraft/data/recipes/SpecialRecipeBuilder.class
  net/minecraft/data/recipes/package-info.class
  net/minecraft/data/recipes/packs/
  net/minecraft/data/recipes/packs/BundleRecipeProvider.class
  net/minecraft/data/recipes/packs/VanillaRecipeProvider$TrimTemplate.class
  net/minecraft/data/recipes/packs/VanillaRecipeProvider.class
  net/minecraft/data/recipes/packs/package-info.class
  net/minecraft/data/registries/
  net/minecraft/data/registries/RegistriesDatapackGenerator.class
  net/minecraft/data/registries/RegistryPatchGenerator.class
  net/minecraft/data/registries/TradeRebalanceRegistries.class
  net/minecraft/data/registries/VanillaRegistries.class
  net/minecraft/data/registries/package-info.class
  net/minecraft/data/structures/
  net/minecraft/data/structures/NbtToSnbt.class
  net/minecraft/data/structures/SnbtDatafixer.class
  net/minecraft/data/structures/SnbtToNbt$Filter.class
  net/minecraft/data/structures/SnbtToNbt$StructureConversionException.class
  net/minecraft/data/structures/SnbtToNbt$TaskResult.class
  net/minecraft/data/structures/SnbtToNbt.class
  net/minecraft/data/structures/StructureUpdater.class
  net/minecraft/data/structures/package-info.class
  net/minecraft/data/tags/
  net/minecraft/data/tags/BannerPatternTagsProvider.class
  net/minecraft/data/tags/BiomeTagsProvider.class
  net/minecraft/data/tags/CatVariantTagsProvider.class
  net/minecraft/data/tags/DamageTypeTagsProvider.class
  net/minecraft/data/tags/EnchantmentTagsProvider.class
  net/minecraft/data/tags/EntityTypeTagsProvider.class
  net/minecraft/data/tags/FlatLevelGeneratorPresetTagsProvider.class
  net/minecraft/data/tags/FluidTagsProvider.class
  net/minecraft/data/tags/GameEventTagsProvider.class
  net/minecraft/data/tags/InstrumentTagsProvider.class
  net/minecraft/data/tags/IntrinsicHolderTagsProvider$IntrinsicTagAppender.class
  net/minecraft/data/tags/IntrinsicHolderTagsProvider.class
  net/minecraft/data/tags/ItemTagsProvider.class
  net/minecraft/data/tags/PaintingVariantTagsProvider.class
  net/minecraft/data/tags/PoiTypeTagsProvider.class
  net/minecraft/data/tags/StructureTagsProvider.class
  net/minecraft/data/tags/TagsProvider$1CombinedData.class
  net/minecraft/data/tags/TagsProvider$TagAppender.class
  net/minecraft/data/tags/TagsProvider$TagLookup.class
  net/minecraft/data/tags/TagsProvider.class
  net/minecraft/data/tags/TradeRebalanceEnchantmentTagsProvider.class
  net/minecraft/data/tags/TradeRebalanceStructureTagsProvider.class
  net/minecraft/data/tags/VanillaBlockTagsProvider.class
  net/minecraft/data/tags/VanillaEnchantmentTagsProvider.class
  net/minecraft/data/tags/VanillaItemTagsProvider.class
  net/minecraft/data/tags/WorldPresetTagsProvider.class
  net/minecraft/data/tags/package-info.class
  net/minecraft/data/worldgen/
  net/minecraft/data/worldgen/AncientCityStructurePieces.class
  net/minecraft/data/worldgen/AncientCityStructurePools.class
  net/minecraft/data/worldgen/BastionBridgePools.class
  net/minecraft/data/worldgen/BastionHoglinStablePools.class
  net/minecraft/data/worldgen/BastionHousingUnitsPools.class
  net/minecraft/data/worldgen/BastionPieces.class
  net/minecraft/data/worldgen/BastionSharedPools.class
  net/minecraft/data/worldgen/BastionTreasureRoomPools.class
  net/minecraft/data/worldgen/BiomeDefaultFeatures.class
  net/minecraft/data/worldgen/BootstrapContext.class
  net/minecraft/data/worldgen/Carvers.class
  net/minecraft/data/worldgen/DesertVillagePools.class
  net/minecraft/data/worldgen/DimensionTypes.class
  net/minecraft/data/worldgen/NoiseData.class
  net/minecraft/data/worldgen/PillagerOutpostPools.class
  net/minecraft/data/worldgen/PlainVillagePools.class
  net/minecraft/data/worldgen/Pools.class
  net/minecraft/data/worldgen/ProcessorLists.class
  net/minecraft/data/worldgen/SavannaVillagePools.class
  net/minecraft/data/worldgen/SnowyVillagePools.class
  net/minecraft/data/worldgen/StructureSets.class
  net/minecraft/data/worldgen/Structures.class
  net/minecraft/data/worldgen/SurfaceRuleData.class
  net/minecraft/data/worldgen/TaigaVillagePools.class
  net/minecraft/data/worldgen/TerrainProvider.class
  net/minecraft/data/worldgen/TrailRuinsStructurePools.class
  net/minecraft/data/worldgen/TrialChambersStructurePools.class
  net/minecraft/data/worldgen/VillagePools.class
  net/minecraft/data/worldgen/biome/
  net/minecraft/data/worldgen/biome/BiomeData.class
  net/minecraft/data/worldgen/biome/EndBiomes.class
  net/minecraft/data/worldgen/biome/NetherBiomes.class
  net/minecraft/data/worldgen/biome/OverworldBiomes.class
  net/minecraft/data/worldgen/biome/package-info.class
  net/minecraft/data/worldgen/features/
  net/minecraft/data/worldgen/features/AquaticFeatures.class
  net/minecraft/data/worldgen/features/CaveFeatures.class
  net/minecraft/data/worldgen/features/EndFeatures.class
  net/minecraft/data/worldgen/features/FeatureUtils.class
  net/minecraft/data/worldgen/features/MiscOverworldFeatures.class
  net/minecraft/data/worldgen/features/NetherFeatures.class
  net/minecraft/data/worldgen/features/OreFeatures.class
  net/minecraft/data/worldgen/features/PileFeatures.class
  net/minecraft/data/worldgen/features/TreeFeatures.class
  net/minecraft/data/worldgen/features/VegetationFeatures.class
  net/minecraft/data/worldgen/features/package-info.class
  net/minecraft/data/worldgen/package-info.class
  net/minecraft/data/worldgen/placement/
  net/minecraft/data/worldgen/placement/AquaticPlacements.class
  net/minecraft/data/worldgen/placement/CavePlacements.class
  net/minecraft/data/worldgen/placement/EndPlacements.class
  net/minecraft/data/worldgen/placement/MiscOverworldPlacements.class
  net/minecraft/data/worldgen/placement/NetherPlacements.class
  net/minecraft/data/worldgen/placement/OrePlacements.class
  net/minecraft/data/worldgen/placement/PlacementUtils.class
  net/minecraft/data/worldgen/placement/TreePlacements.class
  net/minecraft/data/worldgen/placement/VegetationPlacements.class
  net/minecraft/data/worldgen/placement/VillagePlacements.class
  net/minecraft/data/worldgen/placement/package-info.class
  net/minecraft/gametest/
  net/minecraft/gametest/framework/
  net/minecraft/gametest/framework/AfterBatch.class
  net/minecraft/gametest/framework/BeforeBatch.class
  net/minecraft/gametest/framework/ExhaustedAttemptsException.class
  net/minecraft/gametest/framework/GameTest.class
  net/minecraft/gametest/framework/GameTestAssertException.class
  net/minecraft/gametest/framework/GameTestAssertPosException.class
  net/minecraft/gametest/framework/GameTestBatch.class
  net/minecraft/gametest/framework/GameTestBatchFactory.class
  net/minecraft/gametest/framework/GameTestBatchListener.class
  net/minecraft/gametest/framework/GameTestEvent.class
  net/minecraft/gametest/framework/GameTestGenerator.class
  net/minecraft/gametest/framework/GameTestHelper$1.class
  net/minecraft/gametest/framework/GameTestHelper$2.class
  net/minecraft/gametest/framework/GameTestHelper.class
  net/minecraft/gametest/framework/GameTestInfo.class
  net/minecraft/gametest/framework/GameTestListener.class
  net/minecraft/gametest/framework/GameTestRegistry.class
  net/minecraft/gametest/framework/GameTestRunner$1.class
  net/minecraft/gametest/framework/GameTestRunner$Builder.class
  net/minecraft/gametest/framework/GameTestRunner$GameTestBatcher.class
  net/minecraft/gametest/framework/GameTestRunner$StructureSpawner.class
  net/minecraft/gametest/framework/GameTestRunner.class
  net/minecraft/gametest/framework/GameTestSequence$Condition.class
  net/minecraft/gametest/framework/GameTestSequence.class
  net/minecraft/gametest/framework/GameTestServer$1.class
  net/minecraft/gametest/framework/GameTestServer.class
  net/minecraft/gametest/framework/GameTestTicker.class
  net/minecraft/gametest/framework/GameTestTimeoutException.class
  net/minecraft/gametest/framework/GlobalTestReporter.class
  net/minecraft/gametest/framework/JUnitLikeTestReporter.class
  net/minecraft/gametest/framework/LogTestReporter.class
  net/minecraft/gametest/framework/MultipleTestTracker$1.class
  net/minecraft/gametest/framework/MultipleTestTracker.class
  net/minecraft/gametest/framework/ReportGameListener.class
  net/minecraft/gametest/framework/RetryOptions.class
  net/minecraft/gametest/framework/StructureBlockPosFinder.class
  net/minecraft/gametest/framework/StructureGridSpawner.class
  net/minecraft/gametest/framework/StructureUtils$1.class
  net/minecraft/gametest/framework/StructureUtils.class
  net/minecraft/gametest/framework/TestClassNameArgument.class
  net/minecraft/gametest/framework/TestCommand$Runner.class
  net/minecraft/gametest/framework/TestCommand$TestBatchSummaryDisplayer.class
  net/minecraft/gametest/framework/TestCommand$TestSummaryDisplayer.class
  net/minecraft/gametest/framework/TestCommand.class
  net/minecraft/gametest/framework/TestFinder$Builder.class
  net/minecraft/gametest/framework/TestFinder.class
  net/minecraft/gametest/framework/TestFunction.class
  net/minecraft/gametest/framework/TestFunctionArgument.class
  net/minecraft/gametest/framework/TestFunctionFinder.class
  net/minecraft/gametest/framework/TestReporter.class
  net/minecraft/gametest/framework/package-info.class
  net/minecraft/locale/
  net/minecraft/locale/Language$1.class
  net/minecraft/locale/Language.class
  net/minecraft/locale/package-info.class
  net/minecraft/nbt/
  net/minecraft/nbt/ByteArrayTag$1.class
  net/minecraft/nbt/ByteArrayTag.class
  net/minecraft/nbt/ByteTag$1.class
  net/minecraft/nbt/ByteTag$Cache.class
  net/minecraft/nbt/ByteTag.class
  net/minecraft/nbt/CollectionTag.class
  net/minecraft/nbt/CompoundTag$1.class
  net/minecraft/nbt/CompoundTag$2.class
  net/minecraft/nbt/CompoundTag.class
  net/minecraft/nbt/DoubleTag$1.class
  net/minecraft/nbt/DoubleTag.class
  net/minecraft/nbt/EndTag$1.class
  net/minecraft/nbt/EndTag.class
  net/minecraft/nbt/FloatTag$1.class
  net/minecraft/nbt/FloatTag.class
  net/minecraft/nbt/IntArrayTag$1.class
  net/minecraft/nbt/IntArrayTag.class
  net/minecraft/nbt/IntTag$1.class
  net/minecraft/nbt/IntTag$Cache.class
  net/minecraft/nbt/IntTag.class
  net/minecraft/nbt/ListTag$1.class
  net/minecraft/nbt/ListTag$2.class
  net/minecraft/nbt/ListTag.class
  net/minecraft/nbt/LongArrayTag$1.class
  net/minecraft/nbt/LongArrayTag.class
  net/minecraft/nbt/LongTag$1.class
  net/minecraft/nbt/LongTag$Cache.class
  net/minecraft/nbt/LongTag.class
  net/minecraft/nbt/NbtAccounter.class
  net/minecraft/nbt/NbtAccounterException.class
  net/minecraft/nbt/NbtException.class
  net/minecraft/nbt/NbtFormatException.class
  net/minecraft/nbt/NbtIo$1.class
  net/minecraft/nbt/NbtIo$StringFallbackDataOutput.class
  net/minecraft/nbt/NbtIo.class
  net/minecraft/nbt/NbtOps$1.class
  net/minecraft/nbt/NbtOps$ByteListCollector.class
  net/minecraft/nbt/NbtOps$HeterogenousListCollector.class
  net/minecraft/nbt/NbtOps$HomogenousListCollector.class
  net/minecraft/nbt/NbtOps$InitialListCollector.class
  net/minecraft/nbt/NbtOps$IntListCollector.class
  net/minecraft/nbt/NbtOps$ListCollector.class
  net/minecraft/nbt/NbtOps$LongListCollector.class
  net/minecraft/nbt/NbtOps$NbtRecordBuilder.class
  net/minecraft/nbt/NbtOps.class
  net/minecraft/nbt/NbtUtils.class
  net/minecraft/nbt/NumericTag.class
  net/minecraft/nbt/ReportedNbtException.class
  net/minecraft/nbt/ShortTag$1.class
  net/minecraft/nbt/ShortTag$Cache.class
  net/minecraft/nbt/ShortTag.class
  net/minecraft/nbt/SnbtPrinterTagVisitor.class
  net/minecraft/nbt/StreamTagVisitor$EntryResult.class
  net/minecraft/nbt/StreamTagVisitor$ValueResult.class
  net/minecraft/nbt/StreamTagVisitor.class
  net/minecraft/nbt/StringTag$1.class
  net/minecraft/nbt/StringTag.class
  net/minecraft/nbt/StringTagVisitor.class
  net/minecraft/nbt/Tag.class
  net/minecraft/nbt/TagParser.class
  net/minecraft/nbt/TagType$1.class
  net/minecraft/nbt/TagType$2.class
  net/minecraft/nbt/TagType$StaticSize.class
  net/minecraft/nbt/TagType$VariableSize.class
  net/minecraft/nbt/TagType.class
  net/minecraft/nbt/TagTypes.class
  net/minecraft/nbt/TagVisitor.class
  net/minecraft/nbt/TextComponentTagVisitor.class
  net/minecraft/nbt/package-info.class
  net/minecraft/nbt/visitors/
  net/minecraft/nbt/visitors/CollectFields.class
  net/minecraft/nbt/visitors/CollectToTag.class
  net/minecraft/nbt/visitors/FieldSelector.class
  net/minecraft/nbt/visitors/FieldTree.class
  net/minecraft/nbt/visitors/SkipAll$1.class
  net/minecraft/nbt/visitors/SkipAll.class
  net/minecraft/nbt/visitors/SkipFields.class
  net/minecraft/nbt/visitors/package-info.class
  net/minecraft/network/
  net/minecraft/network/BandwidthDebugMonitor.class
  net/minecraft/network/CipherBase.class
  net/minecraft/network/CipherDecoder.class
  net/minecraft/network/CipherEncoder.class
  net/minecraft/network/ClientboundPacketListener.class
  net/minecraft/network/CompressionDecoder.class
  net/minecraft/network/CompressionEncoder.class
  net/minecraft/network/Connection$1.class
  net/minecraft/network/Connection$2.class
  net/minecraft/network/Connection$3.class
  net/minecraft/network/Connection.class
  net/minecraft/network/ConnectionProtocol.class
  net/minecraft/network/DisconnectionDetails.class
  net/minecraft/network/FriendlyByteBuf.class
  net/minecraft/network/HandlerNames.class
  net/minecraft/network/MonitorFrameDecoder.class
  net/minecraft/network/NoOpFrameDecoder.class
  net/minecraft/network/NoOpFrameEncoder.class
  net/minecraft/network/PacketBundlePacker.class
  net/minecraft/network/PacketBundleUnpacker.class
  net/minecraft/network/PacketDecoder.class
  net/minecraft/network/PacketEncoder.class
  net/minecraft/network/PacketListener.class
  net/minecraft/network/PacketSendListener$1.class
  net/minecraft/network/PacketSendListener$2.class
  net/minecraft/network/PacketSendListener.class
  net/minecraft/network/ProtocolInfo$Unbound$PacketVisitor.class
  net/minecraft/network/ProtocolInfo$Unbound.class
  net/minecraft/network/ProtocolInfo.class
  net/minecraft/network/ProtocolSwapHandler.class
  net/minecraft/network/RateKickingConnection.class
  net/minecraft/network/RegistryFriendlyByteBuf.class
  net/minecraft/network/ServerboundPacketListener.class
  net/minecraft/network/SkipPacketException.class
  net/minecraft/network/TickablePacketListener.class
  net/minecraft/network/UnconfiguredPipelineHandler$Inbound.class
  net/minecraft/network/UnconfiguredPipelineHandler$InboundConfigurationTask.class
  net/minecraft/network/UnconfiguredPipelineHandler$Outbound.class
  net/minecraft/network/UnconfiguredPipelineHandler$OutboundConfigurationTask.class
  net/minecraft/network/UnconfiguredPipelineHandler.class
  net/minecraft/network/Utf8String.class
  net/minecraft/network/VarInt.class
  net/minecraft/network/VarLong.class
  net/minecraft/network/Varint21FrameDecoder.class
  net/minecraft/network/Varint21LengthFieldPrepender.class
  net/minecraft/network/chat/
  net/minecraft/network/chat/ChatDecorator.class
  net/minecraft/network/chat/ChatType$Bound.class
  net/minecraft/network/chat/ChatType.class
  net/minecraft/network/chat/ChatTypeDecoration$Parameter$Selector.class
  net/minecraft/network/chat/ChatTypeDecoration$Parameter.class
  net/minecraft/network/chat/ChatTypeDecoration.class
  net/minecraft/network/chat/ClickEvent$Action.class
  net/minecraft/network/chat/ClickEvent.class
  net/minecraft/network/chat/CommonComponents.class
  net/minecraft/network/chat/Component$Serializer.class
  net/minecraft/network/chat/Component$SerializerAdapter.class
  net/minecraft/network/chat/Component.class
  net/minecraft/network/chat/ComponentContents$Type.class
  net/minecraft/network/chat/ComponentContents.class
  net/minecraft/network/chat/ComponentSerialization$1.class
  net/minecraft/network/chat/ComponentSerialization$FuzzyCodec.class
  net/minecraft/network/chat/ComponentSerialization$StrictEither.class
  net/minecraft/network/chat/ComponentSerialization.class
  net/minecraft/network/chat/ComponentUtils.class
  net/minecraft/network/chat/FilterMask$Type.class
  net/minecraft/network/chat/FilterMask.class
  net/minecraft/network/chat/FormattedText$1.class
  net/minecraft/network/chat/FormattedText$2.class
  net/minecraft/network/chat/FormattedText$3.class
  net/minecraft/network/chat/FormattedText$4.class
  net/minecraft/network/chat/FormattedText$ContentConsumer.class
  net/minecraft/network/chat/FormattedText$StyledContentConsumer.class
  net/minecraft/network/chat/FormattedText.class
  net/minecraft/network/chat/HoverEvent$Action$1.class
  net/minecraft/network/chat/HoverEvent$Action.class
  net/minecraft/network/chat/HoverEvent$EntityTooltipInfo.class
  net/minecraft/network/chat/HoverEvent$ItemStackInfo.class
  net/minecraft/network/chat/HoverEvent$LegacyConverter.class
  net/minecraft/network/chat/HoverEvent$TypedHoverEvent.class
  net/minecraft/network/chat/HoverEvent.class
  net/minecraft/network/chat/LastSeenMessages$Packed.class
  net/minecraft/network/chat/LastSeenMessages$Update.class
  net/minecraft/network/chat/LastSeenMessages.class
  net/minecraft/network/chat/LastSeenMessagesTracker$Update.class
  net/minecraft/network/chat/LastSeenMessagesTracker.class
  net/minecraft/network/chat/LastSeenMessagesValidator.class
  net/minecraft/network/chat/LastSeenTrackedEntry.class
  net/minecraft/network/chat/LocalChatSession.class
  net/minecraft/network/chat/MessageSignature$Packed.class
  net/minecraft/network/chat/MessageSignature.class
  net/minecraft/network/chat/MessageSignatureCache.class
  net/minecraft/network/chat/MutableComponent.class
  net/minecraft/network/chat/OutgoingChatMessage$Disguised.class
  net/minecraft/network/chat/OutgoingChatMessage$Player.class
  net/minecraft/network/chat/OutgoingChatMessage.class
  net/minecraft/network/chat/PlayerChatMessage.class
  net/minecraft/network/chat/RemoteChatSession$Data.class
  net/minecraft/network/chat/RemoteChatSession.class
  net/minecraft/network/chat/SignableCommand$Argument.class
  net/minecraft/network/chat/SignableCommand.class
  net/minecraft/network/chat/SignedMessageBody$Packed.class
  net/minecraft/network/chat/SignedMessageBody.class
  net/minecraft/network/chat/SignedMessageChain$1.class
  net/minecraft/network/chat/SignedMessageChain$DecodeException.class
  net/minecraft/network/chat/SignedMessageChain$Decoder.class
  net/minecraft/network/chat/SignedMessageChain$Encoder.class
  net/minecraft/network/chat/SignedMessageChain.class
  net/minecraft/network/chat/SignedMessageLink.class
  net/minecraft/network/chat/SignedMessageValidator$KeyBased.class
  net/minecraft/network/chat/SignedMessageValidator.class
  net/minecraft/network/chat/Style$1.class
  net/minecraft/network/chat/Style$1Collector.class
  net/minecraft/network/chat/Style$Serializer.class
  net/minecraft/network/chat/Style.class
  net/minecraft/network/chat/SubStringSource.class
  net/minecraft/network/chat/TextColor.class
  net/minecraft/network/chat/ThrowingComponent.class
  net/minecraft/network/chat/contents/
  net/minecraft/network/chat/contents/BlockDataSource.class
  net/minecraft/network/chat/contents/DataSource$Type.class
  net/minecraft/network/chat/contents/DataSource.class
  net/minecraft/network/chat/contents/EntityDataSource.class
  net/minecraft/network/chat/contents/KeybindContents.class
  net/minecraft/network/chat/contents/KeybindResolver.class
  net/minecraft/network/chat/contents/NbtContents.class
  net/minecraft/network/chat/contents/PlainTextContents$1.class
  net/minecraft/network/chat/contents/PlainTextContents$LiteralContents.class
  net/minecraft/network/chat/contents/PlainTextContents.class
  net/minecraft/network/chat/contents/ScoreContents.class
  net/minecraft/network/chat/contents/SelectorContents.class
  net/minecraft/network/chat/contents/StorageDataSource.class
  net/minecraft/network/chat/contents/TranslatableContents.class
  net/minecraft/network/chat/contents/TranslatableFormatException.class
  net/minecraft/network/chat/contents/package-info.class
  net/minecraft/network/chat/numbers/
  net/minecraft/network/chat/numbers/BlankFormat$1.class
  net/minecraft/network/chat/numbers/BlankFormat.class
  net/minecraft/network/chat/numbers/FixedFormat$1.class
  net/minecraft/network/chat/numbers/FixedFormat.class
  net/minecraft/network/chat/numbers/NumberFormat.class
  net/minecraft/network/chat/numbers/NumberFormatType.class
  net/minecraft/network/chat/numbers/NumberFormatTypes.class
  net/minecraft/network/chat/numbers/StyledFormat$1.class
  net/minecraft/network/chat/numbers/StyledFormat.class
  net/minecraft/network/chat/numbers/package-info.class
  net/minecraft/network/chat/package-info.class
  net/minecraft/network/codec/
  net/minecraft/network/codec/ByteBufCodecs$1.class
  net/minecraft/network/codec/ByteBufCodecs$10.class
  net/minecraft/network/codec/ByteBufCodecs$11.class
  net/minecraft/network/codec/ByteBufCodecs$12.class
  net/minecraft/network/codec/ByteBufCodecs$13.class
  net/minecraft/network/codec/ByteBufCodecs$14.class
  net/minecraft/network/codec/ByteBufCodecs$15.class
  net/minecraft/network/codec/ByteBufCodecs$16.class
  net/minecraft/network/codec/ByteBufCodecs$17.class
  net/minecraft/network/codec/ByteBufCodecs$18.class
  net/minecraft/network/codec/ByteBufCodecs$19.class
  net/minecraft/network/codec/ByteBufCodecs$2.class
  net/minecraft/network/codec/ByteBufCodecs$20.class
  net/minecraft/network/codec/ByteBufCodecs$21.class
  net/minecraft/network/codec/ByteBufCodecs$22.class
  net/minecraft/network/codec/ByteBufCodecs$23.class
  net/minecraft/network/codec/ByteBufCodecs$24.class
  net/minecraft/network/codec/ByteBufCodecs$25.class
  net/minecraft/network/codec/ByteBufCodecs$26.class
  net/minecraft/network/codec/ByteBufCodecs$27.class
  net/minecraft/network/codec/ByteBufCodecs$28.class
  net/minecraft/network/codec/ByteBufCodecs$3.class
  net/minecraft/network/codec/ByteBufCodecs$4.class
  net/minecraft/network/codec/ByteBufCodecs$5.class
  net/minecraft/network/codec/ByteBufCodecs$6.class
  net/minecraft/network/codec/ByteBufCodecs$7.class
  net/minecraft/network/codec/ByteBufCodecs$8.class
  net/minecraft/network/codec/ByteBufCodecs$9.class
  net/minecraft/network/codec/ByteBufCodecs.class
  net/minecraft/network/codec/IdDispatchCodec$Builder.class
  net/minecraft/network/codec/IdDispatchCodec$Entry.class
  net/minecraft/network/codec/IdDispatchCodec.class
  net/minecraft/network/codec/StreamCodec$1.class
  net/minecraft/network/codec/StreamCodec$10.class
  net/minecraft/network/codec/StreamCodec$11.class
  net/minecraft/network/codec/StreamCodec$12.class
  net/minecraft/network/codec/StreamCodec$13.class
  net/minecraft/network/codec/StreamCodec$2.class
  net/minecraft/network/codec/StreamCodec$3.class
  net/minecraft/network/codec/StreamCodec$4.class
  net/minecraft/network/codec/StreamCodec$5.class
  net/minecraft/network/codec/StreamCodec$6.class
  net/minecraft/network/codec/StreamCodec$7.class
  net/minecraft/network/codec/StreamCodec$8.class
  net/minecraft/network/codec/StreamCodec$9.class
  net/minecraft/network/codec/StreamCodec$CodecOperation.class
  net/minecraft/network/codec/StreamCodec.class
  net/minecraft/network/codec/StreamDecoder.class
  net/minecraft/network/codec/StreamEncoder.class
  net/minecraft/network/codec/StreamMemberEncoder.class
  net/minecraft/network/codec/package-info.class
  net/minecraft/network/package-info.class
  net/minecraft/network/protocol/
  net/minecraft/network/protocol/BundleDelimiterPacket.class
  net/minecraft/network/protocol/BundlePacket.class
  net/minecraft/network/protocol/BundlerInfo$1$1.class
  net/minecraft/network/protocol/BundlerInfo$1.class
  net/minecraft/network/protocol/BundlerInfo$Bundler.class
  net/minecraft/network/protocol/BundlerInfo.class
  net/minecraft/network/protocol/Packet.class
  net/minecraft/network/protocol/PacketFlow.class
  net/minecraft/network/protocol/PacketType.class
  net/minecraft/network/protocol/PacketUtils.class
  net/minecraft/network/protocol/ProtocolCodecBuilder.class
  net/minecraft/network/protocol/ProtocolInfoBuilder$1.class
  net/minecraft/network/protocol/ProtocolInfoBuilder$CodecEntry.class
  net/minecraft/network/protocol/ProtocolInfoBuilder$Implementation.class
  net/minecraft/network/protocol/ProtocolInfoBuilder.class
  net/minecraft/network/protocol/common/
  net/minecraft/network/protocol/common/ClientCommonPacketListener.class
  net/minecraft/network/protocol/common/ClientboundCustomPayloadPacket.class
  net/minecraft/network/protocol/common/ClientboundCustomReportDetailsPacket.class
  net/minecraft/network/protocol/common/ClientboundDisconnectPacket.class
  net/minecraft/network/protocol/common/ClientboundKeepAlivePacket.class
  net/minecraft/network/protocol/common/ClientboundPingPacket.class
  net/minecraft/network/protocol/common/ClientboundResourcePackPopPacket.class
  net/minecraft/network/protocol/common/ClientboundResourcePackPushPacket.class
  net/minecraft/network/protocol/common/ClientboundServerLinksPacket.class
  net/minecraft/network/protocol/common/ClientboundStoreCookiePacket.class
  net/minecraft/network/protocol/common/ClientboundTransferPacket.class
  net/minecraft/network/protocol/common/ClientboundUpdateTagsPacket.class
  net/minecraft/network/protocol/common/CommonPacketTypes.class
  net/minecraft/network/protocol/common/ServerCommonPacketListener.class
  net/minecraft/network/protocol/common/ServerboundClientInformationPacket.class
  net/minecraft/network/protocol/common/ServerboundCustomPayloadPacket.class
  net/minecraft/network/protocol/common/ServerboundKeepAlivePacket.class
  net/minecraft/network/protocol/common/ServerboundPongPacket.class
  net/minecraft/network/protocol/common/ServerboundResourcePackPacket$Action.class
  net/minecraft/network/protocol/common/ServerboundResourcePackPacket.class
  net/minecraft/network/protocol/common/custom/
  net/minecraft/network/protocol/common/custom/BeeDebugPayload$BeeInfo.class
  net/minecraft/network/protocol/common/custom/BeeDebugPayload.class
  net/minecraft/network/protocol/common/custom/BrainDebugPayload$BrainDump.class
  net/minecraft/network/protocol/common/custom/BrainDebugPayload.class
  net/minecraft/network/protocol/common/custom/BrandPayload.class
  net/minecraft/network/protocol/common/custom/BreezeDebugPayload$BreezeInfo.class
  net/minecraft/network/protocol/common/custom/BreezeDebugPayload.class
  net/minecraft/network/protocol/common/custom/CustomPacketPayload$1.class
  net/minecraft/network/protocol/common/custom/CustomPacketPayload$FallbackProvider.class
  net/minecraft/network/protocol/common/custom/CustomPacketPayload$Type.class
  net/minecraft/network/protocol/common/custom/CustomPacketPayload$TypeAndCodec.class
  net/minecraft/network/protocol/common/custom/CustomPacketPayload.class
  net/minecraft/network/protocol/common/custom/DiscardedPayload.class
  net/minecraft/network/protocol/common/custom/GameEventDebugPayload.class
  net/minecraft/network/protocol/common/custom/GameEventListenerDebugPayload.class
  net/minecraft/network/protocol/common/custom/GameTestAddMarkerDebugPayload.class
  net/minecraft/network/protocol/common/custom/GameTestClearMarkersDebugPayload.class
  net/minecraft/network/protocol/common/custom/GoalDebugPayload$DebugGoal.class
  net/minecraft/network/protocol/common/custom/GoalDebugPayload.class
  net/minecraft/network/protocol/common/custom/HiveDebugPayload$HiveInfo.class
  net/minecraft/network/protocol/common/custom/HiveDebugPayload.class
  net/minecraft/network/protocol/common/custom/NeighborUpdatesDebugPayload.class
  net/minecraft/network/protocol/common/custom/PathfindingDebugPayload.class
  net/minecraft/network/protocol/common/custom/PoiAddedDebugPayload.class
  net/minecraft/network/protocol/common/custom/PoiRemovedDebugPayload.class
  net/minecraft/network/protocol/common/custom/PoiTicketCountDebugPayload.class
  net/minecraft/network/protocol/common/custom/RaidsDebugPayload.class
  net/minecraft/network/protocol/common/custom/StructuresDebugPayload$PieceInfo.class
  net/minecraft/network/protocol/common/custom/StructuresDebugPayload.class
  net/minecraft/network/protocol/common/custom/VillageSectionsDebugPayload.class
  net/minecraft/network/protocol/common/custom/WorldGenAttemptDebugPayload.class
  net/minecraft/network/protocol/common/custom/package-info.class
  net/minecraft/network/protocol/common/package-info.class
  net/minecraft/network/protocol/configuration/
  net/minecraft/network/protocol/configuration/ClientConfigurationPacketListener.class
  net/minecraft/network/protocol/configuration/ClientboundFinishConfigurationPacket.class
  net/minecraft/network/protocol/configuration/ClientboundRegistryDataPacket.class
  net/minecraft/network/protocol/configuration/ClientboundResetChatPacket.class
  net/minecraft/network/protocol/configuration/ClientboundSelectKnownPacks.class
  net/minecraft/network/protocol/configuration/ClientboundUpdateEnabledFeaturesPacket.class
  net/minecraft/network/protocol/configuration/ConfigurationPacketTypes.class
  net/minecraft/network/protocol/configuration/ConfigurationProtocols.class
  net/minecraft/network/protocol/configuration/ServerConfigurationPacketListener.class
  net/minecraft/network/protocol/configuration/ServerboundFinishConfigurationPacket.class
  net/minecraft/network/protocol/configuration/ServerboundSelectKnownPacks.class
  net/minecraft/network/protocol/configuration/package-info.class
  net/minecraft/network/protocol/cookie/
  net/minecraft/network/protocol/cookie/ClientCookiePacketListener.class
  net/minecraft/network/protocol/cookie/ClientboundCookieRequestPacket.class
  net/minecraft/network/protocol/cookie/CookiePacketTypes.class
  net/minecraft/network/protocol/cookie/ServerCookiePacketListener.class
  net/minecraft/network/protocol/cookie/ServerboundCookieResponsePacket.class
  net/minecraft/network/protocol/cookie/package-info.class
  net/minecraft/network/protocol/game/
  net/minecraft/network/protocol/game/ClientGamePacketListener.class
  net/minecraft/network/protocol/game/ClientboundAddEntityPacket.class
  net/minecraft/network/protocol/game/ClientboundAddExperienceOrbPacket.class
  net/minecraft/network/protocol/game/ClientboundAnimatePacket.class
  net/minecraft/network/protocol/game/ClientboundAwardStatsPacket.class
  net/minecraft/network/protocol/game/ClientboundBlockChangedAckPacket.class
  net/minecraft/network/protocol/game/ClientboundBlockDestructionPacket.class
  net/minecraft/network/protocol/game/ClientboundBlockEntityDataPacket.class
  net/minecraft/network/protocol/game/ClientboundBlockEventPacket.class
  net/minecraft/network/protocol/game/ClientboundBlockUpdatePacket.class
  net/minecraft/network/protocol/game/ClientboundBossEventPacket$1.class
  net/minecraft/network/protocol/game/ClientboundBossEventPacket$AddOperation.class
  net/minecraft/network/protocol/game/ClientboundBossEventPacket$Handler.class
  net/minecraft/network/protocol/game/ClientboundBossEventPacket$Operation.class
  net/minecraft/network/protocol/game/ClientboundBossEventPacket$OperationType.class
  net/minecraft/network/protocol/game/ClientboundBossEventPacket$UpdateNameOperation.class
  net/minecraft/network/protocol/game/ClientboundBossEventPacket$UpdateProgressOperation.class
  net/minecraft/network/protocol/game/ClientboundBossEventPacket$UpdatePropertiesOperation.class
  net/minecraft/network/protocol/game/ClientboundBossEventPacket$UpdateStyleOperation.class
  net/minecraft/network/protocol/game/ClientboundBossEventPacket.class
  net/minecraft/network/protocol/game/ClientboundBundleDelimiterPacket.class
  net/minecraft/network/protocol/game/ClientboundBundlePacket.class
  net/minecraft/network/protocol/game/ClientboundChangeDifficultyPacket.class
  net/minecraft/network/protocol/game/ClientboundChunkBatchFinishedPacket.class
  net/minecraft/network/protocol/game/ClientboundChunkBatchStartPacket.class
  net/minecraft/network/protocol/game/ClientboundChunksBiomesPacket$ChunkBiomeData.class
  net/minecraft/network/protocol/game/ClientboundChunksBiomesPacket.class
  net/minecraft/network/protocol/game/ClientboundClearTitlesPacket.class
  net/minecraft/network/protocol/game/ClientboundCommandSuggestionsPacket$Entry.class
  net/minecraft/network/protocol/game/ClientboundCommandSuggestionsPacket.class
  net/minecraft/network/protocol/game/ClientboundCommandsPacket$ArgumentNodeStub.class
  net/minecraft/network/protocol/game/ClientboundCommandsPacket$Entry.class
  net/minecraft/network/protocol/game/ClientboundCommandsPacket$LiteralNodeStub.class
  net/minecraft/network/protocol/game/ClientboundCommandsPacket$NodeResolver.class
  net/minecraft/network/protocol/game/ClientboundCommandsPacket$NodeStub.class
  net/minecraft/network/protocol/game/ClientboundCommandsPacket.class
  net/minecraft/network/protocol/game/ClientboundContainerClosePacket.class
  net/minecraft/network/protocol/game/ClientboundContainerSetContentPacket.class
  net/minecraft/network/protocol/game/ClientboundContainerSetDataPacket.class
  net/minecraft/network/protocol/game/ClientboundContainerSetSlotPacket.class
  net/minecraft/network/protocol/game/ClientboundCooldownPacket.class
  net/minecraft/network/protocol/game/ClientboundCustomChatCompletionsPacket$Action.class
  net/minecraft/network/protocol/game/ClientboundCustomChatCompletionsPacket.class
  net/minecraft/network/protocol/game/ClientboundDamageEventPacket.class
  net/minecraft/network/protocol/game/ClientboundDebugSamplePacket.class
  net/minecraft/network/protocol/game/ClientboundDeleteChatPacket.class
  net/minecraft/network/protocol/game/ClientboundDisguisedChatPacket.class
  net/minecraft/network/protocol/game/ClientboundEntityEventPacket.class
  net/minecraft/network/protocol/game/ClientboundExplodePacket.class
  net/minecraft/network/protocol/game/ClientboundForgetLevelChunkPacket.class
  net/minecraft/network/protocol/game/ClientboundGameEventPacket$Type.class
  net/minecraft/network/protocol/game/ClientboundGameEventPacket.class
  net/minecraft/network/protocol/game/ClientboundHorseScreenOpenPacket.class
  net/minecraft/network/protocol/game/ClientboundHurtAnimationPacket.class
  net/minecraft/network/protocol/game/ClientboundInitializeBorderPacket.class
  net/minecraft/network/protocol/game/ClientboundLevelChunkPacketData$BlockEntityInfo.class
  net/minecraft/network/protocol/game/ClientboundLevelChunkPacketData$BlockEntityTagOutput.class
  net/minecraft/network/protocol/game/ClientboundLevelChunkPacketData.class
  net/minecraft/network/protocol/game/ClientboundLevelChunkWithLightPacket.class
  net/minecraft/network/protocol/game/ClientboundLevelEventPacket.class
  net/minecraft/network/protocol/game/ClientboundLevelParticlesPacket.class
  net/minecraft/network/protocol/game/ClientboundLightUpdatePacket.class
  net/minecraft/network/protocol/game/ClientboundLightUpdatePacketData.class
  net/minecraft/network/protocol/game/ClientboundLoginPacket.class
  net/minecraft/network/protocol/game/ClientboundMapItemDataPacket.class
  net/minecraft/network/protocol/game/ClientboundMerchantOffersPacket.class
  net/minecraft/network/protocol/game/ClientboundMoveEntityPacket$Pos.class
  net/minecraft/network/protocol/game/ClientboundMoveEntityPacket$PosRot.class
  net/minecraft/network/protocol/game/ClientboundMoveEntityPacket$Rot.class
  net/minecraft/network/protocol/game/ClientboundMoveEntityPacket.class
  net/minecraft/network/protocol/game/ClientboundMoveVehiclePacket.class
  net/minecraft/network/protocol/game/ClientboundOpenBookPacket.class
  net/minecraft/network/protocol/game/ClientboundOpenScreenPacket.class
  net/minecraft/network/protocol/game/ClientboundOpenSignEditorPacket.class
  net/minecraft/network/protocol/game/ClientboundPlaceGhostRecipePacket.class
  net/minecraft/network/protocol/game/ClientboundPlayerAbilitiesPacket.class
  net/minecraft/network/protocol/game/ClientboundPlayerChatPacket.class
  net/minecraft/network/protocol/game/ClientboundPlayerCombatEndPacket.class
  net/minecraft/network/protocol/game/ClientboundPlayerCombatEnterPacket.class
  net/minecraft/network/protocol/game/ClientboundPlayerCombatKillPacket.class
  net/minecraft/network/protocol/game/ClientboundPlayerInfoRemovePacket.class
  net/minecraft/network/protocol/game/ClientboundPlayerInfoUpdatePacket$Action$Reader.class
  net/minecraft/network/protocol/game/ClientboundPlayerInfoUpdatePacket$Action$Writer.class
  net/minecraft/network/protocol/game/ClientboundPlayerInfoUpdatePacket$Action.class
  net/minecraft/network/protocol/game/ClientboundPlayerInfoUpdatePacket$Entry.class
  net/minecraft/network/protocol/game/ClientboundPlayerInfoUpdatePacket$EntryBuilder.class
  net/minecraft/network/protocol/game/ClientboundPlayerInfoUpdatePacket.class
  net/minecraft/network/protocol/game/ClientboundPlayerLookAtPacket.class
  net/minecraft/network/protocol/game/ClientboundPlayerPositionPacket.class
  net/minecraft/network/protocol/game/ClientboundProjectilePowerPacket.class
  net/minecraft/network/protocol/game/ClientboundRecipePacket$State.class
  net/minecraft/network/protocol/game/ClientboundRecipePacket.class
  net/minecraft/network/protocol/game/ClientboundRemoveEntitiesPacket.class
  net/minecraft/network/protocol/game/ClientboundRemoveMobEffectPacket.class
  net/minecraft/network/protocol/game/ClientboundResetScorePacket.class
  net/minecraft/network/protocol/game/ClientboundRespawnPacket.class
  net/minecraft/network/protocol/game/ClientboundRotateHeadPacket.class
  net/minecraft/network/protocol/game/ClientboundSectionBlocksUpdatePacket.class
  net/minecraft/network/protocol/game/ClientboundSelectAdvancementsTabPacket.class
  net/minecraft/network/protocol/game/ClientboundServerDataPacket.class
  net/minecraft/network/protocol/game/ClientboundSetActionBarTextPacket.class
  net/minecraft/network/protocol/game/ClientboundSetBorderCenterPacket.class
  net/minecraft/network/protocol/game/ClientboundSetBorderLerpSizePacket.class
  net/minecraft/network/protocol/game/ClientboundSetBorderSizePacket.class
  net/minecraft/network/protocol/game/ClientboundSetBorderWarningDelayPacket.class
  net/minecraft/network/protocol/game/ClientboundSetBorderWarningDistancePacket.class
  net/minecraft/network/protocol/game/ClientboundSetCameraPacket.class
  net/minecraft/network/protocol/game/ClientboundSetCarriedItemPacket.class
  net/minecraft/network/protocol/game/ClientboundSetChunkCacheCenterPacket.class
  net/minecraft/network/protocol/game/ClientboundSetChunkCacheRadiusPacket.class
  net/minecraft/network/protocol/game/ClientboundSetDefaultSpawnPositionPacket.class
  net/minecraft/network/protocol/game/ClientboundSetDisplayObjectivePacket.class
  net/minecraft/network/protocol/game/ClientboundSetEntityDataPacket.class
  net/minecraft/network/protocol/game/ClientboundSetEntityLinkPacket.class
  net/minecraft/network/protocol/game/ClientboundSetEntityMotionPacket.class
  net/minecraft/network/protocol/game/ClientboundSetEquipmentPacket.class
  net/minecraft/network/protocol/game/ClientboundSetExperiencePacket.class
  net/minecraft/network/protocol/game/ClientboundSetHealthPacket.class
  net/minecraft/network/protocol/game/ClientboundSetObjectivePacket.class
  net/minecraft/network/protocol/game/ClientboundSetPassengersPacket.class
  net/minecraft/network/protocol/game/ClientboundSetPlayerTeamPacket$Action.class
  net/minecraft/network/protocol/game/ClientboundSetPlayerTeamPacket$Parameters.class
  net/minecraft/network/protocol/game/ClientboundSetPlayerTeamPacket.class
  net/minecraft/network/protocol/game/ClientboundSetScorePacket.class
  net/minecraft/network/protocol/game/ClientboundSetSimulationDistancePacket.class
  net/minecraft/network/protocol/game/ClientboundSetSubtitleTextPacket.class
  net/minecraft/network/protocol/game/ClientboundSetTimePacket.class
  net/minecraft/network/protocol/game/ClientboundSetTitleTextPacket.class
  net/minecraft/network/protocol/game/ClientboundSetTitlesAnimationPacket.class
  net/minecraft/network/protocol/game/ClientboundSoundEntityPacket.class
  net/minecraft/network/protocol/game/ClientboundSoundPacket.class
  net/minecraft/network/protocol/game/ClientboundStartConfigurationPacket.class
  net/minecraft/network/protocol/game/ClientboundStopSoundPacket.class
  net/minecraft/network/protocol/game/ClientboundSystemChatPacket.class
  net/minecraft/network/protocol/game/ClientboundTabListPacket.class
  net/minecraft/network/protocol/game/ClientboundTagQueryPacket.class
  net/minecraft/network/protocol/game/ClientboundTakeItemEntityPacket.class
  net/minecraft/network/protocol/game/ClientboundTeleportEntityPacket.class
  net/minecraft/network/protocol/game/ClientboundTickingStatePacket.class
  net/minecraft/network/protocol/game/ClientboundTickingStepPacket.class
  net/minecraft/network/protocol/game/ClientboundUpdateAdvancementsPacket.class
  net/minecraft/network/protocol/game/ClientboundUpdateAttributesPacket$AttributeSnapshot.class
  net/minecraft/network/protocol/game/ClientboundUpdateAttributesPacket.class
  net/minecraft/network/protocol/game/ClientboundUpdateMobEffectPacket.class
  net/minecraft/network/protocol/game/ClientboundUpdateRecipesPacket.class
  net/minecraft/network/protocol/game/CommonPlayerSpawnInfo.class
  net/minecraft/network/protocol/game/DebugEntityNameGenerator.class
  net/minecraft/network/protocol/game/DebugPackets.class
  net/minecraft/network/protocol/game/GamePacketTypes.class
  net/minecraft/network/protocol/game/GameProtocols.class
  net/minecraft/network/protocol/game/ServerGamePacketListener.class
  net/minecraft/network/protocol/game/ServerPacketListener.class
  net/minecraft/network/protocol/game/ServerboundAcceptTeleportationPacket.class
  net/minecraft/network/protocol/game/ServerboundBlockEntityTagQueryPacket.class
  net/minecraft/network/protocol/game/ServerboundChangeDifficultyPacket.class
  net/minecraft/network/protocol/game/ServerboundChatAckPacket.class
  net/minecraft/network/protocol/game/ServerboundChatCommandPacket.class
  net/minecraft/network/protocol/game/ServerboundChatCommandSignedPacket.class
  net/minecraft/network/protocol/game/ServerboundChatPacket.class
  net/minecraft/network/protocol/game/ServerboundChatSessionUpdatePacket.class
  net/minecraft/network/protocol/game/ServerboundChunkBatchReceivedPacket.class
  net/minecraft/network/protocol/game/ServerboundClientCommandPacket$Action.class
  net/minecraft/network/protocol/game/ServerboundClientCommandPacket.class
  net/minecraft/network/protocol/game/ServerboundCommandSuggestionPacket.class
  net/minecraft/network/protocol/game/ServerboundConfigurationAcknowledgedPacket.class
  net/minecraft/network/protocol/game/ServerboundContainerButtonClickPacket.class
  net/minecraft/network/protocol/game/ServerboundContainerClickPacket.class
  net/minecraft/network/protocol/game/ServerboundContainerClosePacket.class
  net/minecraft/network/protocol/game/ServerboundContainerSlotStateChangedPacket.class
  net/minecraft/network/protocol/game/ServerboundDebugSampleSubscriptionPacket.class
  net/minecraft/network/protocol/game/ServerboundEditBookPacket.class
  net/minecraft/network/protocol/game/ServerboundEntityTagQueryPacket.class
  net/minecraft/network/protocol/game/ServerboundInteractPacket$1.class
  net/minecraft/network/protocol/game/ServerboundInteractPacket$Action.class
  net/minecraft/network/protocol/game/ServerboundInteractPacket$ActionType.class
  net/minecraft/network/protocol/game/ServerboundInteractPacket$Handler.class
  net/minecraft/network/protocol/game/ServerboundInteractPacket$InteractionAction.class
  net/minecraft/network/protocol/game/ServerboundInteractPacket$InteractionAtLocationAction.class
  net/minecraft/network/protocol/game/ServerboundInteractPacket.class
  net/minecraft/network/protocol/game/ServerboundJigsawGeneratePacket.class
  net/minecraft/network/protocol/game/ServerboundLockDifficultyPacket.class
  net/minecraft/network/protocol/game/ServerboundMovePlayerPacket$Pos.class
  net/minecraft/network/protocol/game/ServerboundMovePlayerPacket$PosRot.class
  net/minecraft/network/protocol/game/ServerboundMovePlayerPacket$Rot.class
  net/minecraft/network/protocol/game/ServerboundMovePlayerPacket$StatusOnly.class
  net/minecraft/network/protocol/game/ServerboundMovePlayerPacket.class
  net/minecraft/network/protocol/game/ServerboundMoveVehiclePacket.class
  net/minecraft/network/protocol/game/ServerboundPaddleBoatPacket.class
  net/minecraft/network/protocol/game/ServerboundPickItemPacket.class
  net/minecraft/network/protocol/game/ServerboundPlaceRecipePacket.class
  net/minecraft/network/protocol/game/ServerboundPlayerAbilitiesPacket.class
  net/minecraft/network/protocol/game/ServerboundPlayerActionPacket$Action.class
  net/minecraft/network/protocol/game/ServerboundPlayerActionPacket.class
  net/minecraft/network/protocol/game/ServerboundPlayerCommandPacket$Action.class
  net/minecraft/network/protocol/game/ServerboundPlayerCommandPacket.class
  net/minecraft/network/protocol/game/ServerboundPlayerInputPacket.class
  net/minecraft/network/protocol/game/ServerboundRecipeBookChangeSettingsPacket.class
  net/minecraft/network/protocol/game/ServerboundRecipeBookSeenRecipePacket.class
  net/minecraft/network/protocol/game/ServerboundRenameItemPacket.class
  net/minecraft/network/protocol/game/ServerboundSeenAdvancementsPacket$Action.class
  net/minecraft/network/protocol/game/ServerboundSeenAdvancementsPacket.class
  net/minecraft/network/protocol/game/ServerboundSelectTradePacket.class
  net/minecraft/network/protocol/game/ServerboundSetBeaconPacket.class
  net/minecraft/network/protocol/game/ServerboundSetCarriedItemPacket.class
  net/minecraft/network/protocol/game/ServerboundSetCommandBlockPacket.class
  net/minecraft/network/protocol/game/ServerboundSetCommandMinecartPacket.class
  net/minecraft/network/protocol/game/ServerboundSetCreativeModeSlotPacket.class
  net/minecraft/network/protocol/game/ServerboundSetJigsawBlockPacket.class
  net/minecraft/network/protocol/game/ServerboundSetStructureBlockPacket.class
  net/minecraft/network/protocol/game/ServerboundSignUpdatePacket.class
  net/minecraft/network/protocol/game/ServerboundSwingPacket.class
  net/minecraft/network/protocol/game/ServerboundTeleportToEntityPacket.class
  net/minecraft/network/protocol/game/ServerboundUseItemOnPacket.class
  net/minecraft/network/protocol/game/ServerboundUseItemPacket.class
  net/minecraft/network/protocol/game/VecDeltaCodec.class
  net/minecraft/network/protocol/game/package-info.class
  net/minecraft/network/protocol/handshake/
  net/minecraft/network/protocol/handshake/ClientIntent.class
  net/minecraft/network/protocol/handshake/ClientIntentionPacket.class
  net/minecraft/network/protocol/handshake/HandshakePacketTypes.class
  net/minecraft/network/protocol/handshake/HandshakeProtocols.class
  net/minecraft/network/protocol/handshake/ServerHandshakePacketListener.class
  net/minecraft/network/protocol/handshake/package-info.class
  net/minecraft/network/protocol/login/
  net/minecraft/network/protocol/login/ClientLoginPacketListener.class
  net/minecraft/network/protocol/login/ClientboundCustomQueryPacket.class
  net/minecraft/network/protocol/login/ClientboundGameProfilePacket.class
  net/minecraft/network/protocol/login/ClientboundHelloPacket.class
  net/minecraft/network/protocol/login/ClientboundLoginCompressionPacket.class
  net/minecraft/network/protocol/login/ClientboundLoginDisconnectPacket.class
  net/minecraft/network/protocol/login/LoginPacketTypes.class
  net/minecraft/network/protocol/login/LoginProtocols.class
  net/minecraft/network/protocol/login/ServerLoginPacketListener.class
  net/minecraft/network/protocol/login/ServerboundCustomQueryAnswerPacket.class
  net/minecraft/network/protocol/login/ServerboundHelloPacket.class
  net/minecraft/network/protocol/login/ServerboundKeyPacket.class
  net/minecraft/network/protocol/login/ServerboundLoginAcknowledgedPacket.class
  net/minecraft/network/protocol/login/custom/
  net/minecraft/network/protocol/login/custom/CustomQueryAnswerPayload.class
  net/minecraft/network/protocol/login/custom/CustomQueryPayload.class
  net/minecraft/network/protocol/login/custom/DiscardedQueryAnswerPayload.class
  net/minecraft/network/protocol/login/custom/DiscardedQueryPayload.class
  net/minecraft/network/protocol/login/custom/package-info.class
  net/minecraft/network/protocol/login/package-info.class
  net/minecraft/network/protocol/package-info.class
  net/minecraft/network/protocol/ping/
  net/minecraft/network/protocol/ping/ClientPongPacketListener.class
  net/minecraft/network/protocol/ping/ClientboundPongResponsePacket.class
  net/minecraft/network/protocol/ping/PingPacketTypes.class
  net/minecraft/network/protocol/ping/ServerPingPacketListener.class
  net/minecraft/network/protocol/ping/ServerboundPingRequestPacket.class
  net/minecraft/network/protocol/ping/package-info.class
  net/minecraft/network/protocol/status/
  net/minecraft/network/protocol/status/ClientStatusPacketListener.class
  net/minecraft/network/protocol/status/ClientboundStatusResponsePacket.class
  net/minecraft/network/protocol/status/ServerStatus$Favicon.class
  net/minecraft/network/protocol/status/ServerStatus$Players.class
  net/minecraft/network/protocol/status/ServerStatus$Version.class
  net/minecraft/network/protocol/status/ServerStatus.class
  net/minecraft/network/protocol/status/ServerStatusPacketListener.class
  net/minecraft/network/protocol/status/ServerboundStatusRequestPacket.class
  net/minecraft/network/protocol/status/StatusPacketTypes.class
  net/minecraft/network/protocol/status/StatusProtocols.class
  net/minecraft/network/protocol/status/package-info.class
  net/minecraft/network/syncher/
  net/minecraft/network/syncher/EntityDataAccessor.class
  net/minecraft/network/syncher/EntityDataSerializer$ForValueType.class
  net/minecraft/network/syncher/EntityDataSerializer.class
  net/minecraft/network/syncher/EntityDataSerializers$1.class
  net/minecraft/network/syncher/EntityDataSerializers$2.class
  net/minecraft/network/syncher/EntityDataSerializers$3.class
  net/minecraft/network/syncher/EntityDataSerializers$4.class
  net/minecraft/network/syncher/EntityDataSerializers.class
  net/minecraft/network/syncher/SyncedDataHolder.class
  net/minecraft/network/syncher/SynchedEntityData$Builder.class
  net/minecraft/network/syncher/SynchedEntityData$DataItem.class
  net/minecraft/network/syncher/SynchedEntityData$DataValue.class
  net/minecraft/network/syncher/SynchedEntityData.class
  net/minecraft/network/syncher/package-info.class
  net/minecraft/obfuscate/
  net/minecraft/obfuscate/DontObfuscate.class
  net/minecraft/obfuscate/package-info.class
  net/minecraft/package-info.class
  net/minecraft/recipebook/
  net/minecraft/recipebook/PlaceRecipe.class
  net/minecraft/recipebook/ServerPlaceRecipe.class
  net/minecraft/recipebook/package-info.class
  net/minecraft/references/
  net/minecraft/references/Blocks.class
  net/minecraft/references/Items.class
  net/minecraft/resources/
  net/minecraft/resources/DelegatingOps.class
  net/minecraft/resources/FileToIdConverter.class
  net/minecraft/resources/HolderSetCodec.class
  net/minecraft/resources/RegistryDataLoader$1.class
  net/minecraft/resources/RegistryDataLoader$Loader.class
  net/minecraft/resources/RegistryDataLoader$LoadingFunction.class
  net/minecraft/resources/RegistryDataLoader$RegistryData.class
  net/minecraft/resources/RegistryDataLoader.class
  net/minecraft/resources/RegistryFileCodec.class
  net/minecraft/resources/RegistryFixedCodec.class
  net/minecraft/resources/RegistryOps$HolderLookupAdapter.class
  net/minecraft/resources/RegistryOps$RegistryInfo.class
  net/minecraft/resources/RegistryOps$RegistryInfoLookup.class
  net/minecraft/resources/RegistryOps.class
  net/minecraft/resources/ResourceKey$InternKey.class
  net/minecraft/resources/ResourceKey.class
  net/minecraft/resources/ResourceLocation$Serializer.class
  net/minecraft/resources/ResourceLocation.class
  net/minecraft/resources/package-info.class
  net/minecraft/server/
  net/minecraft/server/Bootstrap$1.class
  net/minecraft/server/Bootstrap.class
  net/minecraft/server/ChainedJsonException$Entry.class
  net/minecraft/server/ChainedJsonException.class
  net/minecraft/server/ConsoleInput.class
  net/minecraft/server/DebugLoggedPrintStream.class
  net/minecraft/server/Eula.class
  net/minecraft/server/LoggedPrintStream.class
  net/minecraft/server/Main$1.class
  net/minecraft/server/Main.class
  net/minecraft/server/MinecraftServer$1.class
  net/minecraft/server/MinecraftServer$ReloadableResources.class
  net/minecraft/server/MinecraftServer$ServerResourcePackInfo.class
  net/minecraft/server/MinecraftServer$TimeProfiler$1.class
  net/minecraft/server/MinecraftServer$TimeProfiler.class
  net/minecraft/server/MinecraftServer.class
  net/minecraft/server/PlayerAdvancements$Data.class
  net/minecraft/server/PlayerAdvancements.class
  net/minecraft/server/RegistryLayer.class
  net/minecraft/server/ReloadableServerRegistries$EmptyTagLookupWrapper.class
  net/minecraft/server/ReloadableServerRegistries$Holder.class
  net/minecraft/server/ReloadableServerRegistries.class
  net/minecraft/server/ReloadableServerResources$ConfigurableRegistryLookup$1.class
  net/minecraft/server/ReloadableServerResources$ConfigurableRegistryLookup.class
  net/minecraft/server/ReloadableServerResources$MissingTagAccessPolicy.class
  net/minecraft/server/ReloadableServerResources.class
  net/minecraft/server/RunningOnDifferentThreadException.class
  net/minecraft/server/ServerAdvancementManager.class
  net/minecraft/server/ServerFunctionLibrary.class
  net/minecraft/server/ServerFunctionManager.class
  net/minecraft/server/ServerInfo.class
  net/minecraft/server/ServerInterface.class
  net/minecraft/server/ServerLinks$Entry.class
  net/minecraft/server/ServerLinks$KnownLinkType.class
  net/minecraft/server/ServerLinks$UntrustedEntry.class
  net/minecraft/server/ServerLinks.class
  net/minecraft/server/ServerScoreboard$Method.class
  net/minecraft/server/ServerScoreboard.class
  net/minecraft/server/ServerTickRateManager.class
  net/minecraft/server/Services.class
  net/minecraft/server/TickTask.class
  net/minecraft/server/WorldLoader$DataLoadContext.class
  net/minecraft/server/WorldLoader$DataLoadOutput.class
  net/minecraft/server/WorldLoader$InitConfig.class
  net/minecraft/server/WorldLoader$PackConfig.class
  net/minecraft/server/WorldLoader$ResultFactory.class
  net/minecraft/server/WorldLoader$WorldDataSupplier.class
  net/minecraft/server/WorldLoader.class
  net/minecraft/server/WorldStem.class
  net/minecraft/server/advancements/
  net/minecraft/server/advancements/AdvancementVisibilityEvaluator$Output.class
  net/minecraft/server/advancements/AdvancementVisibilityEvaluator$VisibilityRule.class
  net/minecraft/server/advancements/AdvancementVisibilityEvaluator.class
  net/minecraft/server/advancements/package-info.class
  net/minecraft/server/bossevents/
  net/minecraft/server/bossevents/CustomBossEvent.class
  net/minecraft/server/bossevents/CustomBossEvents.class
  net/minecraft/server/bossevents/package-info.class
  net/minecraft/server/chase/
  net/minecraft/server/chase/ChaseClient$TeleportTarget.class
  net/minecraft/server/chase/ChaseClient.class
  net/minecraft/server/chase/ChaseServer$PlayerPosition.class
  net/minecraft/server/chase/ChaseServer.class
  net/minecraft/server/chase/package-info.class
  net/minecraft/server/commands/
  net/minecraft/server/commands/AdvancementCommands$Action$1.class
  net/minecraft/server/commands/AdvancementCommands$Action$2.class
  net/minecraft/server/commands/AdvancementCommands$Action.class
  net/minecraft/server/commands/AdvancementCommands$Mode.class
  net/minecraft/server/commands/AdvancementCommands.class
  net/minecraft/server/commands/AttributeCommand.class
  net/minecraft/server/commands/BanIpCommands.class
  net/minecraft/server/commands/BanListCommands.class
  net/minecraft/server/commands/BanPlayerCommands.class
  net/minecraft/server/commands/BossBarCommands.class
  net/minecraft/server/commands/ChaseCommand.class
  net/minecraft/server/commands/ClearInventoryCommands.class
  net/minecraft/server/commands/CloneCommands$CloneBlockEntityInfo.class
  net/minecraft/server/commands/CloneCommands$CloneBlockInfo.class
  net/minecraft/server/commands/CloneCommands$CommandFunction.class
  net/minecraft/server/commands/CloneCommands$DimensionAndPosition.class
  net/minecraft/server/commands/CloneCommands$Mode.class
  net/minecraft/server/commands/CloneCommands.class
  net/minecraft/server/commands/DamageCommand.class
  net/minecraft/server/commands/DataPackCommand$Inserter.class
  net/minecraft/server/commands/DataPackCommand.class
  net/minecraft/server/commands/DeOpCommands.class
  net/minecraft/server/commands/DebugCommand$TraceCustomExecutor$1.class
  net/minecraft/server/commands/DebugCommand$TraceCustomExecutor.class
  net/minecraft/server/commands/DebugCommand$Tracer.class
  net/minecraft/server/commands/DebugCommand.class
  net/minecraft/server/commands/DebugConfigCommand.class
  net/minecraft/server/commands/DebugMobSpawningCommand.class
  net/minecraft/server/commands/DebugPathCommand.class
  net/minecraft/server/commands/DefaultGameModeCommands.class
  net/minecraft/server/commands/DifficultyCommand.class
  net/minecraft/server/commands/EffectCommands.class
  net/minecraft/server/commands/EmoteCommands.class
  net/minecraft/server/commands/EnchantCommand.class
  net/minecraft/server/commands/ExecuteCommand$CommandGetter.class
  net/minecraft/server/commands/ExecuteCommand$CommandNumericPredicate.class
  net/minecraft/server/commands/ExecuteCommand$CommandPredicate.class
  net/minecraft/server/commands/ExecuteCommand$ExecuteIfFunctionCustomModifier.class
  net/minecraft/server/commands/ExecuteCommand$IntBiPredicate.class
  net/minecraft/server/commands/ExecuteCommand.class
  net/minecraft/server/commands/ExperienceCommand$Type.class
  net/minecraft/server/commands/ExperienceCommand.class
  net/minecraft/server/commands/FillBiomeCommand.class
  net/minecraft/server/commands/FillCommand$Mode.class
  net/minecraft/server/commands/FillCommand.class
  net/minecraft/server/commands/ForceLoadCommand.class
  net/minecraft/server/commands/FunctionCommand$1.class
  net/minecraft/server/commands/FunctionCommand$1Accumulator.class
  net/minecraft/server/commands/FunctionCommand$2.class
  net/minecraft/server/commands/FunctionCommand$3.class
  net/minecraft/server/commands/FunctionCommand$4.class
  net/minecraft/server/commands/FunctionCommand$5.class
  net/minecraft/server/commands/FunctionCommand$Callbacks.class
  net/minecraft/server/commands/FunctionCommand$FunctionCustomExecutor.class
  net/minecraft/server/commands/FunctionCommand.class
  net/minecraft/server/commands/GameModeCommand.class
  net/minecraft/server/commands/GameRuleCommand$1.class
  net/minecraft/server/commands/GameRuleCommand.class
  net/minecraft/server/commands/GiveCommand.class
  net/minecraft/server/commands/HelpCommand.class
  net/minecraft/server/commands/ItemCommands.class
  net/minecraft/server/commands/JfrCommand.class
  net/minecraft/server/commands/KickCommand.class
  net/minecraft/server/commands/KillCommand.class
  net/minecraft/server/commands/ListPlayersCommand.class
  net/minecraft/server/commands/LocateCommand.class
  net/minecraft/server/commands/LootCommand$Callback.class
  net/minecraft/server/commands/LootCommand$DropConsumer.class
  net/minecraft/server/commands/LootCommand$TailProvider.class
  net/minecraft/server/commands/LootCommand.class
  net/minecraft/server/commands/MsgCommand.class
  net/minecraft/server/commands/OpCommand.class
  net/minecraft/server/commands/PardonCommand.class
  net/minecraft/server/commands/PardonIpCommand.class
  net/minecraft/server/commands/ParticleCommand.class
  net/minecraft/server/commands/PerfCommand.class
  net/minecraft/server/commands/PlaceCommand.class
  net/minecraft/server/commands/PlaySoundCommand.class
  net/minecraft/server/commands/PublishCommand.class
  net/minecraft/server/commands/RaidCommand.class
  net/minecraft/server/commands/RandomCommand.class
  net/minecraft/server/commands/RecipeCommand.class
  net/minecraft/server/commands/ReloadCommand.class
  net/minecraft/server/commands/ReturnCommand$ReturnFailCustomExecutor.class
  net/minecraft/server/commands/ReturnCommand$ReturnFromCommandCustomModifier.class
  net/minecraft/server/commands/ReturnCommand$ReturnValueCustomExecutor.class
  net/minecraft/server/commands/ReturnCommand.class
  net/minecraft/server/commands/RideCommand.class
  net/minecraft/server/commands/SaveAllCommand.class
  net/minecraft/server/commands/SaveOffCommand.class
  net/minecraft/server/commands/SaveOnCommand.class
  net/minecraft/server/commands/SayCommand.class
  net/minecraft/server/commands/ScheduleCommand.class
  net/minecraft/server/commands/ScoreboardCommand$NumberFormatCommandExecutor.class
  net/minecraft/server/commands/ScoreboardCommand.class
  net/minecraft/server/commands/SeedCommand.class
  net/minecraft/server/commands/ServerPackCommand.class
  net/minecraft/server/commands/SetBlockCommand$Filter.class
  net/minecraft/server/commands/SetBlockCommand$Mode.class
  net/minecraft/server/commands/SetBlockCommand.class
  net/minecraft/server/commands/SetPlayerIdleTimeoutCommand.class
  net/minecraft/server/commands/SetSpawnCommand.class
  net/minecraft/server/commands/SetWorldSpawnCommand.class
  net/minecraft/server/commands/SpawnArmorTrimsCommand.class
  net/minecraft/server/commands/SpectateCommand.class
  net/minecraft/server/commands/SpreadPlayersCommand$Position.class
  net/minecraft/server/commands/SpreadPlayersCommand.class
  net/minecraft/server/commands/StopCommand.class
  net/minecraft/server/commands/StopSoundCommand.class
  net/minecraft/server/commands/SummonCommand.class
  net/minecraft/server/commands/TagCommand.class
  net/minecraft/server/commands/TeamCommand.class
  net/minecraft/server/commands/TeamMsgCommand.class
  net/minecraft/server/commands/TeleportCommand$LookAt.class
  net/minecraft/server/commands/TeleportCommand$LookAtEntity.class
  net/minecraft/server/commands/TeleportCommand$LookAtPosition.class
  net/minecraft/server/commands/TeleportCommand.class
  net/minecraft/server/commands/TellRawCommand.class
  net/minecraft/server/commands/TickCommand.class
  net/minecraft/server/commands/TimeCommand.class
  net/minecraft/server/commands/TitleCommand.class
  net/minecraft/server/commands/TransferCommand.class
  net/minecraft/server/commands/TriggerCommand.class
  net/minecraft/server/commands/WardenSpawnTrackerCommand.class
  net/minecraft/server/commands/WeatherCommand.class
  net/minecraft/server/commands/WhitelistCommand.class
  net/minecraft/server/commands/WorldBorderCommand.class
  net/minecraft/server/commands/data/
  net/minecraft/server/commands/data/BlockDataAccessor$1.class
  net/minecraft/server/commands/data/BlockDataAccessor.class
  net/minecraft/server/commands/data/DataAccessor.class
  net/minecraft/server/commands/data/DataCommands$DataManipulator.class
  net/minecraft/server/commands/data/DataCommands$DataManipulatorDecorator.class
  net/minecraft/server/commands/data/DataCommands$DataProvider.class
  net/minecraft/server/commands/data/DataCommands$StringProcessor.class
  net/minecraft/server/commands/data/DataCommands.class
  net/minecraft/server/commands/data/EntityDataAccessor$1.class
  net/minecraft/server/commands/data/EntityDataAccessor.class
  net/minecraft/server/commands/data/StorageDataAccessor$1.class
  net/minecraft/server/commands/data/StorageDataAccessor.class
  net/minecraft/server/commands/data/package-info.class
  net/minecraft/server/commands/package-info.class
  net/minecraft/server/dedicated/
  net/minecraft/server/dedicated/DedicatedPlayerList.class
  net/minecraft/server/dedicated/DedicatedServer$1.class
  net/minecraft/server/dedicated/DedicatedServer.class
  net/minecraft/server/dedicated/DedicatedServerProperties$WorldDimensionData.class
  net/minecraft/server/dedicated/DedicatedServerProperties.class
  net/minecraft/server/dedicated/DedicatedServerSettings.class
  net/minecraft/server/dedicated/ServerWatchdog$1.class
  net/minecraft/server/dedicated/ServerWatchdog.class
  net/minecraft/server/dedicated/Settings$MutableValue.class
  net/minecraft/server/dedicated/Settings.class
  net/minecraft/server/dedicated/package-info.class
  net/minecraft/server/gui/
  net/minecraft/server/gui/MinecraftServerGui$1.class
  net/minecraft/server/gui/MinecraftServerGui$2.class
  net/minecraft/server/gui/MinecraftServerGui.class
  net/minecraft/server/gui/PlayerListComponent.class
  net/minecraft/server/gui/StatsComponent.class
  net/minecraft/server/gui/package-info.class
  net/minecraft/server/level/
  net/minecraft/server/level/BlockDestructionProgress.class
  net/minecraft/server/level/ChunkGenerationTask.class
  net/minecraft/server/level/ChunkHolder$LevelChangeListener.class
  net/minecraft/server/level/ChunkHolder$PlayerProvider.class
  net/minecraft/server/level/ChunkHolder.class
  net/minecraft/server/level/ChunkLevel$1.class
  net/minecraft/server/level/ChunkLevel.class
  net/minecraft/server/level/ChunkMap$DistanceManager.class
  net/minecraft/server/level/ChunkMap$TrackedEntity.class
  net/minecraft/server/level/ChunkMap.class
  net/minecraft/server/level/ChunkResult$Fail.class
  net/minecraft/server/level/ChunkResult$Success.class
  net/minecraft/server/level/ChunkResult.class
  net/minecraft/server/level/ChunkTaskPriorityQueue.class
  net/minecraft/server/level/ChunkTaskPriorityQueueSorter$Message.class
  net/minecraft/server/level/ChunkTaskPriorityQueueSorter$Release.class
  net/minecraft/server/level/ChunkTaskPriorityQueueSorter.class
  net/minecraft/server/level/ChunkTracker.class
  net/minecraft/server/level/ChunkTrackingView$1.class
  net/minecraft/server/level/ChunkTrackingView$Positioned.class
  net/minecraft/server/level/ChunkTrackingView.class
  net/minecraft/server/level/ClientInformation.class
  net/minecraft/server/level/ColumnPos.class
  net/minecraft/server/level/DemoMode.class
  net/minecraft/server/level/DistanceManager$ChunkTicketTracker.class
  net/minecraft/server/level/DistanceManager$FixedPlayerDistanceChunkTracker.class
  net/minecraft/server/level/DistanceManager$PlayerTicketTracker.class
  net/minecraft/server/level/DistanceManager.class
  net/minecraft/server/level/FullChunkStatus.class
  net/minecraft/server/level/GeneratingChunkMap.class
  net/minecraft/server/level/GenerationChunkHolder.class
  net/minecraft/server/level/PlayerMap.class
  net/minecraft/server/level/PlayerRespawnLogic.class
  net/minecraft/server/level/SectionTracker.class
  net/minecraft/server/level/ServerBossEvent.class
  net/minecraft/server/level/ServerChunkCache$ChunkAndHolder.class
  net/minecraft/server/level/ServerChunkCache$MainThreadExecutor.class
  net/minecraft/server/level/ServerChunkCache.class
  net/minecraft/server/level/ServerEntity.class
  net/minecraft/server/level/ServerLevel$EntityCallbacks.class
  net/minecraft/server/level/ServerLevel.class
  net/minecraft/server/level/ServerPlayer$1.class
  net/minecraft/server/level/ServerPlayer$2.class
  net/minecraft/server/level/ServerPlayer$RespawnPosAngle.class
  net/minecraft/server/level/ServerPlayer.class
  net/minecraft/server/level/ServerPlayerGameMode.class
  net/minecraft/server/level/ThreadedLevelLightEngine$TaskType.class
  net/minecraft/server/level/ThreadedLevelLightEngine.class
  net/minecraft/server/level/Ticket.class
  net/minecraft/server/level/TicketType.class
  net/minecraft/server/level/TickingTracker.class
  net/minecraft/server/level/WorldGenRegion.class
  net/minecraft/server/level/package-info.class
  net/minecraft/server/level/progress/
  net/minecraft/server/level/progress/ChunkProgressListener.class
  net/minecraft/server/level/progress/ChunkProgressListenerFactory.class
  net/minecraft/server/level/progress/LoggerChunkProgressListener.class
  net/minecraft/server/level/progress/ProcessorChunkProgressListener.class
  net/minecraft/server/level/progress/StoringChunkProgressListener.class
  net/minecraft/server/level/progress/package-info.class
  net/minecraft/server/network/
  net/minecraft/server/network/CommonListenerCookie.class
  net/minecraft/server/network/ConfigurationTask$Type.class
  net/minecraft/server/network/ConfigurationTask.class
  net/minecraft/server/network/Filterable.class
  net/minecraft/server/network/FilteredText.class
  net/minecraft/server/network/LegacyProtocolUtils.class
  net/minecraft/server/network/LegacyQueryHandler.class
  net/minecraft/server/network/MemoryServerHandshakePacketListenerImpl.class
  net/minecraft/server/network/PlayerChunkSender.class
  net/minecraft/server/network/ServerCommonPacketListenerImpl.class
  net/minecraft/server/network/ServerConfigurationPacketListenerImpl.class
  net/minecraft/server/network/ServerConnectionListener$1.class
  net/minecraft/server/network/ServerConnectionListener$2.class
  net/minecraft/server/network/ServerConnectionListener$LatencySimulator$DelayedMessage.class
  net/minecraft/server/network/ServerConnectionListener$LatencySimulator.class
  net/minecraft/server/network/ServerConnectionListener.class
  net/minecraft/server/network/ServerGamePacketListenerImpl$1.class
  net/minecraft/server/network/ServerGamePacketListenerImpl$2.class
  net/minecraft/server/network/ServerGamePacketListenerImpl$EntityInteraction.class
  net/minecraft/server/network/ServerGamePacketListenerImpl.class
  net/minecraft/server/network/ServerHandshakePacketListenerImpl$1.class
  net/minecraft/server/network/ServerHandshakePacketListenerImpl.class
  net/minecraft/server/network/ServerLoginPacketListenerImpl$1.class
  net/minecraft/server/network/ServerLoginPacketListenerImpl$State.class
  net/minecraft/server/network/ServerLoginPacketListenerImpl.class
  net/minecraft/server/network/ServerPlayerConnection.class
  net/minecraft/server/network/ServerStatusPacketListenerImpl.class
  net/minecraft/server/network/TextFilter$1.class
  net/minecraft/server/network/TextFilter.class
  net/minecraft/server/network/TextFilterClient$IgnoreStrategy.class
  net/minecraft/server/network/TextFilterClient$JoinOrLeaveEncoder.class
  net/minecraft/server/network/TextFilterClient$MessageEncoder.class
  net/minecraft/server/network/TextFilterClient$PlayerContext.class
  net/minecraft/server/network/TextFilterClient$RequestFailedException.class
  net/minecraft/server/network/TextFilterClient.class
  net/minecraft/server/network/config/
  net/minecraft/server/network/config/JoinWorldTask.class
  net/minecraft/server/network/config/ServerResourcePackConfigurationTask.class
  net/minecraft/server/network/config/SynchronizeRegistriesTask.class
  net/minecraft/server/network/config/package-info.class
  net/minecraft/server/network/package-info.class
  net/minecraft/server/package-info.class
  net/minecraft/server/packs/
  net/minecraft/server/packs/AbstractPackResources.class
  net/minecraft/server/packs/BuiltInMetadata.class
  net/minecraft/server/packs/CompositePackResources.class
  net/minecraft/server/packs/DownloadCacheCleaner$1.class
  net/minecraft/server/packs/DownloadCacheCleaner$PathAndPriority.class
  net/minecraft/server/packs/DownloadCacheCleaner$PathAndTime.class
  net/minecraft/server/packs/DownloadCacheCleaner.class
  net/minecraft/server/packs/DownloadQueue$BatchConfig.class
  net/minecraft/server/packs/DownloadQueue$BatchResult.class
  net/minecraft/server/packs/DownloadQueue$DownloadRequest.class
  net/minecraft/server/packs/DownloadQueue$FileInfoEntry.class
  net/minecraft/server/packs/DownloadQueue$LogEntry.class
  net/minecraft/server/packs/DownloadQueue.class
  net/minecraft/server/packs/FeatureFlagsMetadataSection.class
  net/minecraft/server/packs/FilePackResources$FileResourcesSupplier.class
  net/minecraft/server/packs/FilePackResources$SharedZipFileAccess.class
  net/minecraft/server/packs/FilePackResources.class
  net/minecraft/server/packs/OverlayMetadataSection$OverlayEntry.class
  net/minecraft/server/packs/OverlayMetadataSection.class
  net/minecraft/server/packs/PackLocationInfo.class
  net/minecraft/server/packs/PackResources$ResourceOutput.class
  net/minecraft/server/packs/PackResources.class
  net/minecraft/server/packs/PackSelectionConfig.class
  net/minecraft/server/packs/PackType.class
  net/minecraft/server/packs/PathPackResources$PathResourcesSupplier.class
  net/minecraft/server/packs/PathPackResources.class
  net/minecraft/server/packs/VanillaPackResources.class
  net/minecraft/server/packs/VanillaPackResourcesBuilder.class
  net/minecraft/server/packs/linkfs/
  net/minecraft/server/packs/linkfs/DummyFileAttributes.class
  net/minecraft/server/packs/linkfs/LinkFSFileStore.class
  net/minecraft/server/packs/linkfs/LinkFSPath$1.class
  net/minecraft/server/packs/linkfs/LinkFSPath$2.class
  net/minecraft/server/packs/linkfs/LinkFSPath$3.class
  net/minecraft/server/packs/linkfs/LinkFSPath.class
  net/minecraft/server/packs/linkfs/LinkFSProvider$1.class
  net/minecraft/server/packs/linkfs/LinkFSProvider$2.class
  net/minecraft/server/packs/linkfs/LinkFSProvider.class
  net/minecraft/server/packs/linkfs/LinkFileSystem$Builder.class
  net/minecraft/server/packs/linkfs/LinkFileSystem$DirectoryEntry.class
  net/minecraft/server/packs/linkfs/LinkFileSystem.class
  net/minecraft/server/packs/linkfs/PathContents$1.class
  net/minecraft/server/packs/linkfs/PathContents$2.class
  net/minecraft/server/packs/linkfs/PathContents$DirectoryContents.class
  net/minecraft/server/packs/linkfs/PathContents$FileContents.class
  net/minecraft/server/packs/linkfs/PathContents.class
  net/minecraft/server/packs/linkfs/package-info.class
  net/minecraft/server/packs/metadata/
  net/minecraft/server/packs/metadata/MetadataSectionSerializer.class
  net/minecraft/server/packs/metadata/MetadataSectionType$1.class
  net/minecraft/server/packs/metadata/MetadataSectionType.class
  net/minecraft/server/packs/metadata/pack/
  net/minecraft/server/packs/metadata/pack/PackMetadataSection.class
  net/minecraft/server/packs/metadata/pack/package-info.class
  net/minecraft/server/packs/metadata/package-info.class
  net/minecraft/server/packs/package-info.class
  net/minecraft/server/packs/repository/
  net/minecraft/server/packs/repository/BuiltInPackSource$1.class
  net/minecraft/server/packs/repository/BuiltInPackSource.class
  net/minecraft/server/packs/repository/FolderRepositorySource$FolderPackDetector.class
  net/minecraft/server/packs/repository/FolderRepositorySource.class
  net/minecraft/server/packs/repository/KnownPack.class
  net/minecraft/server/packs/repository/Pack$Metadata.class
  net/minecraft/server/packs/repository/Pack$Position.class
  net/minecraft/server/packs/repository/Pack$ResourcesSupplier.class
  net/minecraft/server/packs/repository/Pack.class
  net/minecraft/server/packs/repository/PackCompatibility.class
  net/minecraft/server/packs/repository/PackDetector.class
  net/minecraft/server/packs/repository/PackRepository.class
  net/minecraft/server/packs/repository/PackSource$1.class
  net/minecraft/server/packs/repository/PackSource.class
  net/minecraft/server/packs/repository/RepositorySource.class
  net/minecraft/server/packs/repository/ServerPacksSource.class
  net/minecraft/server/packs/repository/package-info.class
  net/minecraft/server/packs/resources/
  net/minecraft/server/packs/resources/CloseableResourceManager.class
  net/minecraft/server/packs/resources/FallbackResourceManager$1ResourceWithSourceAndIndex.class
  net/minecraft/server/packs/resources/FallbackResourceManager$EntryStack.class
  net/minecraft/server/packs/resources/FallbackResourceManager$LeakedResourceWarningInputStream.class
  net/minecraft/server/packs/resources/FallbackResourceManager$PackEntry.class
  net/minecraft/server/packs/resources/FallbackResourceManager$ResourceWithSource.class
  net/minecraft/server/packs/resources/FallbackResourceManager.class
  net/minecraft/server/packs/resources/IoSupplier.class
  net/minecraft/server/packs/resources/MultiPackResourceManager.class
  net/minecraft/server/packs/resources/PreparableReloadListener$PreparationBarrier.class
  net/minecraft/server/packs/resources/PreparableReloadListener.class
  net/minecraft/server/packs/resources/ProfiledReloadInstance$State.class
  net/minecraft/server/packs/resources/ProfiledReloadInstance.class
  net/minecraft/server/packs/resources/ReloadInstance.class
  net/minecraft/server/packs/resources/ReloadableResourceManager.class
  net/minecraft/server/packs/resources/Resource.class
  net/minecraft/server/packs/resources/ResourceFilterSection.class
  net/minecraft/server/packs/resources/ResourceManager$Empty.class
  net/minecraft/server/packs/resources/ResourceManager.class
  net/minecraft/server/packs/resources/ResourceManagerReloadListener.class
  net/minecraft/server/packs/resources/ResourceMetadata$1.class
  net/minecraft/server/packs/resources/ResourceMetadata$2.class
  net/minecraft/server/packs/resources/ResourceMetadata$Builder$1.class
  net/minecraft/server/packs/resources/ResourceMetadata$Builder.class
  net/minecraft/server/packs/resources/ResourceMetadata.class
  net/minecraft/server/packs/resources/ResourceProvider.class
  net/minecraft/server/packs/resources/SimpleJsonResourceReloadListener.class
  net/minecraft/server/packs/resources/SimplePreparableReloadListener.class
  net/minecraft/server/packs/resources/SimpleReloadInstance$1.class
  net/minecraft/server/packs/resources/SimpleReloadInstance$StateFactory.class
  net/minecraft/server/packs/resources/SimpleReloadInstance.class
  net/minecraft/server/packs/resources/package-info.class
  net/minecraft/server/players/
  net/minecraft/server/players/BanListEntry.class
  net/minecraft/server/players/GameProfileCache$1.class
  net/minecraft/server/players/GameProfileCache$GameProfileInfo.class
  net/minecraft/server/players/GameProfileCache.class
  net/minecraft/server/players/IpBanList.class
  net/minecraft/server/players/IpBanListEntry.class
  net/minecraft/server/players/OldUsersConverter$1.class
  net/minecraft/server/players/OldUsersConverter$2.class
  net/minecraft/server/players/OldUsersConverter$3.class
  net/minecraft/server/players/OldUsersConverter$4.class
  net/minecraft/server/players/OldUsersConverter$5.class
  net/minecraft/server/players/OldUsersConverter$ConversionError.class
  net/minecraft/server/players/OldUsersConverter.class
  net/minecraft/server/players/PlayerList$1.class
  net/minecraft/server/players/PlayerList.class
  net/minecraft/server/players/ServerOpList.class
  net/minecraft/server/players/ServerOpListEntry.class
  net/minecraft/server/players/SleepStatus.class
  net/minecraft/server/players/StoredUserEntry.class
  net/minecraft/server/players/StoredUserList.class
  net/minecraft/server/players/UserBanList.class
  net/minecraft/server/players/UserBanListEntry.class
  net/minecraft/server/players/UserWhiteList.class
  net/minecraft/server/players/UserWhiteListEntry.class
  net/minecraft/server/players/package-info.class
  net/minecraft/server/rcon/
  net/minecraft/server/rcon/NetworkDataOutputStream.class
  net/minecraft/server/rcon/PktUtils.class
  net/minecraft/server/rcon/RconConsoleSource.class
  net/minecraft/server/rcon/package-info.class
  net/minecraft/server/rcon/thread/
  net/minecraft/server/rcon/thread/GenericThread.class
  net/minecraft/server/rcon/thread/QueryThreadGs4$RequestChallenge.class
  net/minecraft/server/rcon/thread/QueryThreadGs4.class
  net/minecraft/server/rcon/thread/RconClient.class
  net/minecraft/server/rcon/thread/RconThread.class
  net/minecraft/server/rcon/thread/package-info.class
  net/minecraft/sounds/
  net/minecraft/sounds/Music.class
  net/minecraft/sounds/Musics.class
  net/minecraft/sounds/SoundEvent.class
  net/minecraft/sounds/SoundEvents.class
  net/minecraft/sounds/SoundSource.class
  net/minecraft/sounds/package-info.class
  net/minecraft/stats/
  net/minecraft/stats/RecipeBook.class
  net/minecraft/stats/RecipeBookSettings$TypeSettings.class
  net/minecraft/stats/RecipeBookSettings.class
  net/minecraft/stats/ServerRecipeBook.class
  net/minecraft/stats/ServerStatsCounter.class
  net/minecraft/stats/Stat.class
  net/minecraft/stats/StatFormatter.class
  net/minecraft/stats/StatType.class
  net/minecraft/stats/Stats.class
  net/minecraft/stats/StatsCounter.class
  net/minecraft/stats/package-info.class
  net/minecraft/tags/
  net/minecraft/tags/BannerPatternTags.class
  net/minecraft/tags/BiomeTags.class
  net/minecraft/tags/BlockTags.class
  net/minecraft/tags/CatVariantTags.class
  net/minecraft/tags/DamageTypeTags.class
  net/minecraft/tags/EnchantmentTags.class
  net/minecraft/tags/EntityTypeTags.class
  net/minecraft/tags/FlatLevelGeneratorPresetTags.class
  net/minecraft/tags/FluidTags.class
  net/minecraft/tags/GameEventTags.class
  net/minecraft/tags/InstrumentTags.class
  net/minecraft/tags/ItemTags.class
  net/minecraft/tags/PaintingVariantTags.class
  net/minecraft/tags/PoiTypeTags.class
  net/minecraft/tags/StructureTags.class
  net/minecraft/tags/TagBuilder.class
  net/minecraft/tags/TagEntry$Lookup.class
  net/minecraft/tags/TagEntry.class
  net/minecraft/tags/TagFile.class
  net/minecraft/tags/TagKey.class
  net/minecraft/tags/TagLoader$1.class
  net/minecraft/tags/TagLoader$EntryWithSource.class
  net/minecraft/tags/TagLoader$SortingEntry.class
  net/minecraft/tags/TagLoader.class
  net/minecraft/tags/TagManager$LoadResult.class
  net/minecraft/tags/TagManager.class
  net/minecraft/tags/TagNetworkSerialization$NetworkPayload.class
  net/minecraft/tags/TagNetworkSerialization$TagOutput.class
  net/minecraft/tags/TagNetworkSerialization.class
  net/minecraft/tags/WorldPresetTags.class
  net/minecraft/tags/package-info.class
  net/minecraft/util/
  net/minecraft/util/AbortableIterationConsumer$Continuation.class
  net/minecraft/util/AbortableIterationConsumer.class
  net/minecraft/util/ArrayListDeque$DescendingIterator.class
  net/minecraft/util/ArrayListDeque$ReversedView.class
  net/minecraft/util/ArrayListDeque.class
  net/minecraft/util/BitStorage.class
  net/minecraft/util/Brightness.class
  net/minecraft/util/ByIdMap$OutOfBoundsStrategy.class
  net/minecraft/util/ByIdMap.class
  net/minecraft/util/ClassInstanceMultiMap.class
  net/minecraft/util/ClassTreeIdRegistry.class
  net/minecraft/util/ColorRGBA.class
  net/minecraft/util/CommonColors.class
  net/minecraft/util/CommonLinks.class
  net/minecraft/util/CrudeIncrementalIntIdentityHashBiMap.class
  net/minecraft/util/Crypt$ByteArrayToKeyFunction.class
  net/minecraft/util/Crypt$SaltSignaturePair.class
  net/minecraft/util/Crypt$SaltSupplier.class
  net/minecraft/util/Crypt.class
  net/minecraft/util/CryptException.class
  net/minecraft/util/CsvOutput$Builder.class
  net/minecraft/util/CsvOutput.class
  net/minecraft/util/CubicSampler$Vec3Fetcher.class
  net/minecraft/util/CubicSampler.class
  net/minecraft/util/CubicSpline$1Point.class
  net/minecraft/util/CubicSpline$Builder.class
  net/minecraft/util/CubicSpline$Constant.class
  net/minecraft/util/CubicSpline$CoordinateVisitor.class
  net/minecraft/util/CubicSpline$Multipoint.class
  net/minecraft/util/CubicSpline.class
  net/minecraft/util/DebugBuffer.class
  net/minecraft/util/DelegateDataOutput.class
  net/minecraft/util/DependencySorter$Entry.class
  net/minecraft/util/DependencySorter.class
  net/minecraft/util/DirectoryLock$LockException.class
  net/minecraft/util/DirectoryLock.class
  net/minecraft/util/EncoderCache$1.class
  net/minecraft/util/EncoderCache$2.class
  net/minecraft/util/EncoderCache$Key.class
  net/minecraft/util/EncoderCache.class
  net/minecraft/util/ExceptionCollector.class
  net/minecraft/util/ExtraCodecs$1.class
  net/minecraft/util/ExtraCodecs$1ContextRetrievalCodec.class
  net/minecraft/util/ExtraCodecs$2.class
  net/minecraft/util/ExtraCodecs$3.class
  net/minecraft/util/ExtraCodecs$4.class
  net/minecraft/util/ExtraCodecs$5.class
  net/minecraft/util/ExtraCodecs$6.class
  net/minecraft/util/ExtraCodecs$7.class
  net/minecraft/util/ExtraCodecs$StrictUnboundedMapCodec.class
  net/minecraft/util/ExtraCodecs$TagOrElementLocation.class
  net/minecraft/util/ExtraCodecs.class
  net/minecraft/util/FastBufferedInputStream.class
  net/minecraft/util/FastColor$ABGR32.class
  net/minecraft/util/FastColor$ARGB32.class
  net/minecraft/util/FastColor.class
  net/minecraft/util/FileZipper.class
  net/minecraft/util/FormattedCharSequence.class
  net/minecraft/util/FormattedCharSink.class
  net/minecraft/util/FutureChain.class
  net/minecraft/util/Graph.class
  net/minecraft/util/GsonHelper.class
  net/minecraft/util/HttpUtil$DownloadProgressListener.class
  net/minecraft/util/HttpUtil.class
  net/minecraft/util/InclusiveRange.class
  net/minecraft/util/KeyDispatchDataCodec.class
  net/minecraft/util/LazyLoadedValue.class
  net/minecraft/util/LinearCongruentialGenerator.class
  net/minecraft/util/ListAndDeque.class
  net/minecraft/util/LowerCaseEnumTypeAdapterFactory$1.class
  net/minecraft/util/LowerCaseEnumTypeAdapterFactory.class
  net/minecraft/util/MemoryReserve.class
  net/minecraft/util/ModCheck$Confidence.class
  net/minecraft/util/ModCheck.class
  net/minecraft/util/Mth.class
  net/minecraft/util/NativeModuleLister$NativeModuleInfo.class
  net/minecraft/util/NativeModuleLister$NativeModuleVersion.class
  net/minecraft/util/NativeModuleLister.class
  net/minecraft/util/NullOps$NullMapBuilder.class
  net/minecraft/util/NullOps.class
  net/minecraft/util/OptionEnum.class
  net/minecraft/util/ParticleUtils.class
  net/minecraft/util/PngInfo.class
  net/minecraft/util/ProblemReporter$Collector.class
  net/minecraft/util/ProblemReporter.class
  net/minecraft/util/ProgressListener.class
  net/minecraft/util/RandomSource.class
  net/minecraft/util/ResourceLocationPattern.class
  net/minecraft/util/SegmentedAnglePrecision.class
  net/minecraft/util/SequencedPriorityIterator.class
  net/minecraft/util/SignatureUpdater$Output.class
  net/minecraft/util/SignatureUpdater.class
  net/minecraft/util/SignatureValidator.class
  net/minecraft/util/Signer.class
  net/minecraft/util/SimpleBitStorage$InitializationException.class
  net/minecraft/util/SimpleBitStorage.class
  net/minecraft/util/SingleKeyCache.class
  net/minecraft/util/SmoothDouble.class
  net/minecraft/util/SortedArraySet$ArrayIterator.class
  net/minecraft/util/SortedArraySet.class
  net/minecraft/util/SpawnUtil$Strategy.class
  net/minecraft/util/SpawnUtil.class
  net/minecraft/util/StaticCache2D$Initializer.class
  net/minecraft/util/StaticCache2D.class
  net/minecraft/util/StringDecomposer.class
  net/minecraft/util/StringRepresentable$1.class
  net/minecraft/util/StringRepresentable$EnumCodec.class
  net/minecraft/util/StringRepresentable$StringRepresentableCodec.class
  net/minecraft/util/StringRepresentable.class
  net/minecraft/util/StringUtil.class
  net/minecraft/util/TaskChainer$1.class
  net/minecraft/util/TaskChainer.class
  net/minecraft/util/ThreadingDetector.class
  net/minecraft/util/TimeSource$NanoTimeSource.class
  net/minecraft/util/TimeSource.class
  net/minecraft/util/TimeUtil.class
  net/minecraft/util/ToFloatFunction$1.class
  net/minecraft/util/ToFloatFunction$2.class
  net/minecraft/util/ToFloatFunction.class
  net/minecraft/util/Tuple.class
  net/minecraft/util/Unit.class
  net/minecraft/util/VisibleForDebug.class
  net/minecraft/util/ZeroBitStorage.class
  net/minecraft/util/datafix/
  net/minecraft/util/datafix/ComponentDataFixUtils.class
  net/minecraft/util/datafix/DataFixTypes$1.class
  net/minecraft/util/datafix/DataFixTypes.class
  net/minecraft/util/datafix/DataFixers$1.class
  net/minecraft/util/datafix/DataFixers$2.class
  net/minecraft/util/datafix/DataFixers.class
  net/minecraft/util/datafix/ExtraDataFixUtils.class
  net/minecraft/util/datafix/FixWolfHealth.class
  net/minecraft/util/datafix/PackedBitStorage.class
  net/minecraft/util/datafix/fixes/
  net/minecraft/util/datafix/fixes/AbstractArrowPickupFix.class
  net/minecraft/util/datafix/fixes/AbstractPoiSectionFix.class
  net/minecraft/util/datafix/fixes/AbstractUUIDFix.class
  net/minecraft/util/datafix/fixes/AddFlagIfNotPresentFix.class
  net/minecraft/util/datafix/fixes/AddNewChoices.class
  net/minecraft/util/datafix/fixes/AdvancementsFix.class
  net/minecraft/util/datafix/fixes/AdvancementsRenameFix.class
  net/minecraft/util/datafix/fixes/AreaEffectCloudPotionFix.class
  net/minecraft/util/datafix/fixes/AttributeModifierIdFix.class
  net/minecraft/util/datafix/fixes/AttributesRename.class
  net/minecraft/util/datafix/fixes/BannerEntityCustomNameToOverrideComponentFix.class
  net/minecraft/util/datafix/fixes/BannerPatternFormatFix.class
  net/minecraft/util/datafix/fixes/BedItemColorFix.class
  net/minecraft/util/datafix/fixes/BeehiveFieldRenameFix.class
  net/minecraft/util/datafix/fixes/BiomeFix.class
  net/minecraft/util/datafix/fixes/BitStorageAlignFix.class
  net/minecraft/util/datafix/fixes/BlendingDataFix.class
  net/minecraft/util/datafix/fixes/BlendingDataRemoveFromNetherEndFix.class
  net/minecraft/util/datafix/fixes/BlockEntityBannerColorFix.class
  net/minecraft/util/datafix/fixes/BlockEntityBlockStateFix.class
  net/minecraft/util/datafix/fixes/BlockEntityCustomNameToComponentFix.class
  net/minecraft/util/datafix/fixes/BlockEntityIdFix.class
  net/minecraft/util/datafix/fixes/BlockEntityJukeboxFix.class
  net/minecraft/util/datafix/fixes/BlockEntityKeepPacked.class
  net/minecraft/util/datafix/fixes/BlockEntityRenameFix.class
  net/minecraft/util/datafix/fixes/BlockEntityShulkerBoxColorFix.class
  net/minecraft/util/datafix/fixes/BlockEntitySignDoubleSidedEditableTextFix.class
  net/minecraft/util/datafix/fixes/BlockEntitySignTextStrictJsonFix.class
  net/minecraft/util/datafix/fixes/BlockEntityUUIDFix.class
  net/minecraft/util/datafix/fixes/BlockNameFlatteningFix.class
  net/minecraft/util/datafix/fixes/BlockPosFormatAndRenamesFix.class
  net/minecraft/util/datafix/fixes/BlockRenameFix$1.class
  net/minecraft/util/datafix/fixes/BlockRenameFix.class
  net/minecraft/util/datafix/fixes/BlockStateData.class
  net/minecraft/util/datafix/fixes/BlockStateStructureTemplateFix.class
  net/minecraft/util/datafix/fixes/CatTypeFix.class
  net/minecraft/util/datafix/fixes/CauldronRenameFix.class
  net/minecraft/util/datafix/fixes/CavesAndCliffsRenames.class
  net/minecraft/util/datafix/fixes/ChestedHorsesInventoryZeroIndexingFix.class
  net/minecraft/util/datafix/fixes/ChunkBedBlockEntityInjecterFix.class
  net/minecraft/util/datafix/fixes/ChunkBiomeFix.class
  net/minecraft/util/datafix/fixes/ChunkDeleteIgnoredLightDataFix.class
  net/minecraft/util/datafix/fixes/ChunkDeleteLightFix.class
  net/minecraft/util/datafix/fixes/ChunkHeightAndBiomeFix.class
  net/minecraft/util/datafix/fixes/ChunkLightRemoveFix.class
  net/minecraft/util/datafix/fixes/ChunkPalettedStorageFix$DataLayer.class
  net/minecraft/util/datafix/fixes/ChunkPalettedStorageFix$Direction$Axis.class
  net/minecraft/util/datafix/fixes/ChunkPalettedStorageFix$Direction$AxisDirection.class
  net/minecraft/util/datafix/fixes/ChunkPalettedStorageFix$Direction.class
  net/minecraft/util/datafix/fixes/ChunkPalettedStorageFix$Section.class
  net/minecraft/util/datafix/fixes/ChunkPalettedStorageFix$UpgradeChunk.class
  net/minecraft/util/datafix/fixes/ChunkPalettedStorageFix.class
  net/minecraft/util/datafix/fixes/ChunkProtoTickListFix$PoorMansPalettedContainer.class
  net/minecraft/util/datafix/fixes/ChunkProtoTickListFix.class
  net/minecraft/util/datafix/fixes/ChunkRenamesFix.class
  net/minecraft/util/datafix/fixes/ChunkStatusFix.class
  net/minecraft/util/datafix/fixes/ChunkStatusFix2.class
  net/minecraft/util/datafix/fixes/ChunkStructuresTemplateRenameFix.class
  net/minecraft/util/datafix/fixes/ChunkToProtochunkFix.class
  net/minecraft/util/datafix/fixes/ColorlessShulkerEntityFix.class
  net/minecraft/util/datafix/fixes/CriteriaRenameFix.class
  net/minecraft/util/datafix/fixes/DecoratedPotFieldRenameFix.class
  net/minecraft/util/datafix/fixes/DropInvalidSignDataFix.class
  net/minecraft/util/datafix/fixes/DyeItemRenameFix.class
  net/minecraft/util/datafix/fixes/EffectDurationFix.class
  net/minecraft/util/datafix/fixes/EmptyItemInHotbarFix.class
  net/minecraft/util/datafix/fixes/EmptyItemInVillagerTradeFix.class
  net/minecraft/util/datafix/fixes/EntityArmorStandSilentFix.class
  net/minecraft/util/datafix/fixes/EntityBlockStateFix.class
  net/minecraft/util/datafix/fixes/EntityBrushableBlockFieldsRenameFix.class
  net/minecraft/util/datafix/fixes/EntityCatSplitFix.class
  net/minecraft/util/datafix/fixes/EntityCodSalmonFix.class
  net/minecraft/util/datafix/fixes/EntityCustomNameToComponentFix.class
  net/minecraft/util/datafix/fixes/EntityElderGuardianSplitFix.class
  net/minecraft/util/datafix/fixes/EntityEquipmentToArmorAndHandFix.class
  net/minecraft/util/datafix/fixes/EntityGoatMissingStateFix.class
  net/minecraft/util/datafix/fixes/EntityHealthFix.class
  net/minecraft/util/datafix/fixes/EntityHorseSaddleFix.class
  net/minecraft/util/datafix/fixes/EntityHorseSplitFix.class
  net/minecraft/util/datafix/fixes/EntityIdFix.class
  net/minecraft/util/datafix/fixes/EntityItemFrameDirectionFix.class
  net/minecraft/util/datafix/fixes/EntityMinecartIdentifiersFix.class
  net/minecraft/util/datafix/fixes/EntityPaintingFieldsRenameFix.class
  net/minecraft/util/datafix/fixes/EntityPaintingItemFrameDirectionFix.class
  net/minecraft/util/datafix/fixes/EntityPaintingMotiveFix.class
  net/minecraft/util/datafix/fixes/EntityProjectileOwnerFix.class
  net/minecraft/util/datafix/fixes/EntityPufferfishRenameFix.class
  net/minecraft/util/datafix/fixes/EntityRavagerRenameFix.class
  net/minecraft/util/datafix/fixes/EntityRedundantChanceTagsFix.class
  net/minecraft/util/datafix/fixes/EntityRenameFix.class
  net/minecraft/util/datafix/fixes/EntityRidingToPassengersFix.class
  net/minecraft/util/datafix/fixes/EntityShulkerColorFix.class
  net/minecraft/util/datafix/fixes/EntityShulkerRotationFix.class
  net/minecraft/util/datafix/fixes/EntitySkeletonSplitFix.class
  net/minecraft/util/datafix/fixes/EntityStringUuidFix.class
  net/minecraft/util/datafix/fixes/EntityTheRenameningFix.class
  net/minecraft/util/datafix/fixes/EntityTippedArrowFix.class
  net/minecraft/util/datafix/fixes/EntityUUIDFix.class
  net/minecraft/util/datafix/fixes/EntityVariantFix.class
  net/minecraft/util/datafix/fixes/EntityWolfColorFix.class
  net/minecraft/util/datafix/fixes/EntityZombieSplitFix.class
  net/minecraft/util/datafix/fixes/EntityZombieVillagerTypeFix.class
  net/minecraft/util/datafix/fixes/EntityZombifiedPiglinRenameFix.class
  net/minecraft/util/datafix/fixes/FeatureFlagRemoveFix.class
  net/minecraft/util/datafix/fixes/FilteredBooksFix.class
  net/minecraft/util/datafix/fixes/FilteredSignsFix.class
  net/minecraft/util/datafix/fixes/FixProjectileStoredItem$SubFixer.class
  net/minecraft/util/datafix/fixes/FixProjectileStoredItem.class
  net/minecraft/util/datafix/fixes/ForcePoiRebuild.class
  net/minecraft/util/datafix/fixes/FurnaceRecipeFix.class
  net/minecraft/util/datafix/fixes/GoatHornIdFix.class
  net/minecraft/util/datafix/fixes/GossipUUIDFix.class
  net/minecraft/util/datafix/fixes/HeightmapRenamingFix.class
  net/minecraft/util/datafix/fixes/HorseBodyArmorItemFix.class
  net/minecraft/util/datafix/fixes/IglooMetadataRemovalFix.class
  net/minecraft/util/datafix/fixes/ItemBannerColorFix.class
  net/minecraft/util/datafix/fixes/ItemCustomNameToComponentFix.class
  net/minecraft/util/datafix/fixes/ItemIdFix.class
  net/minecraft/util/datafix/fixes/ItemLoreFix.class
  net/minecraft/util/datafix/fixes/ItemPotionFix.class
  net/minecraft/util/datafix/fixes/ItemRemoveBlockEntityTagFix.class
  net/minecraft/util/datafix/fixes/ItemRenameFix$1.class
  net/minecraft/util/datafix/fixes/ItemRenameFix.class
  net/minecraft/util/datafix/fixes/ItemShulkerBoxColorFix.class
  net/minecraft/util/datafix/fixes/ItemSpawnEggFix.class
  net/minecraft/util/datafix/fixes/ItemStackComponentRemainderFix.class
  net/minecraft/util/datafix/fixes/ItemStackComponentizationFix$ItemStackData.class
  net/minecraft/util/datafix/fixes/ItemStackComponentizationFix.class
  net/minecraft/util/datafix/fixes/ItemStackCustomNameToOverrideComponentFix.class
  net/minecraft/util/datafix/fixes/ItemStackEnchantmentNamesFix.class
  net/minecraft/util/datafix/fixes/ItemStackMapIdFix.class
  net/minecraft/util/datafix/fixes/ItemStackSpawnEggFix.class
  net/minecraft/util/datafix/fixes/ItemStackTagFix.class
  net/minecraft/util/datafix/fixes/ItemStackTheFlatteningFix.class
  net/minecraft/util/datafix/fixes/ItemStackUUIDFix.class
  net/minecraft/util/datafix/fixes/ItemWaterPotionFix.class
  net/minecraft/util/datafix/fixes/ItemWrittenBookPagesStrictJsonFix.class
  net/minecraft/util/datafix/fixes/JigsawPropertiesFix.class
  net/minecraft/util/datafix/fixes/JigsawRotationFix.class
  net/minecraft/util/datafix/fixes/JukeboxTicksSinceSongStartedFix.class
  net/minecraft/util/datafix/fixes/LeavesFix$LeavesSection.class
  net/minecraft/util/datafix/fixes/LeavesFix$Section.class
  net/minecraft/util/datafix/fixes/LeavesFix.class
  net/minecraft/util/datafix/fixes/LegacyDragonFightFix.class
  net/minecraft/util/datafix/fixes/LevelDataGeneratorOptionsFix.class
  net/minecraft/util/datafix/fixes/LevelFlatGeneratorInfoFix.class
  net/minecraft/util/datafix/fixes/LevelLegacyWorldGenSettingsFix.class
  net/minecraft/util/datafix/fixes/LevelUUIDFix.class
  net/minecraft/util/datafix/fixes/LodestoneCompassComponentFix.class
  net/minecraft/util/datafix/fixes/MapBannerBlockPosFormatFix.class
  net/minecraft/util/datafix/fixes/MapIdFix.class
  net/minecraft/util/datafix/fixes/MemoryExpiryDataFix.class
  net/minecraft/util/datafix/fixes/MissingDimensionFix.class
  net/minecraft/util/datafix/fixes/MobEffectIdFix.class
  net/minecraft/util/datafix/fixes/MobSpawnerEntityIdentifiersFix.class
  net/minecraft/util/datafix/fixes/NamedEntityFix.class
  net/minecraft/util/datafix/fixes/NamedEntityWriteReadFix.class
  net/minecraft/util/datafix/fixes/NamespacedTypeRenameFix.class
  net/minecraft/util/datafix/fixes/NewVillageFix.class
  net/minecraft/util/datafix/fixes/ObjectiveDisplayNameFix.class
  net/minecraft/util/datafix/fixes/ObjectiveRenderTypeFix.class
  net/minecraft/util/datafix/fixes/OminousBannerBlockEntityRenameFix.class
  net/minecraft/util/datafix/fixes/OminousBannerRenameFix.class
  net/minecraft/util/datafix/fixes/OptionsAccessibilityOnboardFix.class
  net/minecraft/util/datafix/fixes/OptionsAddTextBackgroundFix.class
  net/minecraft/util/datafix/fixes/OptionsAmbientOcclusionFix.class
  net/minecraft/util/datafix/fixes/OptionsForceVBOFix.class
  net/minecraft/util/datafix/fixes/OptionsKeyLwjgl3Fix.class
  net/minecraft/util/datafix/fixes/OptionsKeyTranslationFix.class
  net/minecraft/util/datafix/fixes/OptionsLowerCaseLanguageFix.class
  net/minecraft/util/datafix/fixes/OptionsMenuBlurrinessFix.class
  net/minecraft/util/datafix/fixes/OptionsProgrammerArtFix.class
  net/minecraft/util/datafix/fixes/OptionsRenameFieldFix.class
  net/minecraft/util/datafix/fixes/OverreachingTickFix.class
  net/minecraft/util/datafix/fixes/ParticleUnflatteningFix.class
  net/minecraft/util/datafix/fixes/PlayerHeadBlockProfileFix.class
  net/minecraft/util/datafix/fixes/PlayerUUIDFix.class
  net/minecraft/util/datafix/fixes/PoiTypeRemoveFix.class
  net/minecraft/util/datafix/fixes/PoiTypeRenameFix.class
  net/minecraft/util/datafix/fixes/PrimedTntBlockStateFixer.class
  net/minecraft/util/datafix/fixes/ProjectileStoredWeaponFix.class
  net/minecraft/util/datafix/fixes/RandomSequenceSettingsFix.class
  net/minecraft/util/datafix/fixes/RecipesFix.class
  net/minecraft/util/datafix/fixes/RecipesRenameningFix.class
  net/minecraft/util/datafix/fixes/RedstoneWireConnectionsFix.class
  net/minecraft/util/datafix/fixes/References$1.class
  net/minecraft/util/datafix/fixes/References.class
  net/minecraft/util/datafix/fixes/RemapChunkStatusFix.class
  net/minecraft/util/datafix/fixes/RemoveEmptyItemInBrushableBlockFix.class
  net/minecraft/util/datafix/fixes/RemoveGolemGossipFix.class
  net/minecraft/util/datafix/fixes/RenameEnchantmentsFix.class
  net/minecraft/util/datafix/fixes/RenamedCoralFansFix.class
  net/minecraft/util/datafix/fixes/RenamedCoralFix.class
  net/minecraft/util/datafix/fixes/ReorganizePoi.class
  net/minecraft/util/datafix/fixes/SavedDataFeaturePoolElementFix.class
  net/minecraft/util/datafix/fixes/SavedDataUUIDFix.class
  net/minecraft/util/datafix/fixes/ScoreboardDisplaySlotFix.class
  net/minecraft/util/datafix/fixes/SimpleEntityRenameFix.class
  net/minecraft/util/datafix/fixes/SimplestEntityRenameFix.class
  net/minecraft/util/datafix/fixes/SpawnerDataFix.class
  net/minecraft/util/datafix/fixes/StatsCounterFix$StatType.class
  net/minecraft/util/datafix/fixes/StatsCounterFix.class
  net/minecraft/util/datafix/fixes/StatsRenameFix.class
  net/minecraft/util/datafix/fixes/StriderGravityFix.class
  net/minecraft/util/datafix/fixes/StructureReferenceCountFix.class
  net/minecraft/util/datafix/fixes/StructureSettingsFlattenFix.class
  net/minecraft/util/datafix/fixes/StructuresBecomeConfiguredFix$Conversion.class
  net/minecraft/util/datafix/fixes/StructuresBecomeConfiguredFix.class
  net/minecraft/util/datafix/fixes/TeamDisplayNameFix.class
  net/minecraft/util/datafix/fixes/TippedArrowPotionToItemFix.class
  net/minecraft/util/datafix/fixes/TrappedChestBlockEntityFix$TrappedChestSection.class
  net/minecraft/util/datafix/fixes/TrappedChestBlockEntityFix.class
  net/minecraft/util/datafix/fixes/TrialSpawnerConfigFix.class
  net/minecraft/util/datafix/fixes/VariantRenameFix.class
  net/minecraft/util/datafix/fixes/VillagerDataFix.class
  net/minecraft/util/datafix/fixes/VillagerFollowRangeFix.class
  net/minecraft/util/datafix/fixes/VillagerRebuildLevelAndXpFix.class
  net/minecraft/util/datafix/fixes/VillagerTradeFix.class
  net/minecraft/util/datafix/fixes/WallPropertyFix.class
  net/minecraft/util/datafix/fixes/WeaponSmithChestLootTableFix.class
  net/minecraft/util/datafix/fixes/WorldGenSettingsDisallowOldCustomWorldsFix.class
  net/minecraft/util/datafix/fixes/WorldGenSettingsFix$StructureFeatureConfiguration.class
  net/minecraft/util/datafix/fixes/WorldGenSettingsFix.class
  net/minecraft/util/datafix/fixes/WorldGenSettingsHeightAndBiomeFix.class
  net/minecraft/util/datafix/fixes/WriteAndReadFix.class
  net/minecraft/util/datafix/fixes/ZombieVillagerRebuildXpFix.class
  net/minecraft/util/datafix/fixes/package-info.class
  net/minecraft/util/datafix/package-info.class
  net/minecraft/util/datafix/schemas/
  net/minecraft/util/datafix/schemas/NamespacedSchema$1.class
  net/minecraft/util/datafix/schemas/NamespacedSchema.class
  net/minecraft/util/datafix/schemas/V100.class
  net/minecraft/util/datafix/schemas/V102.class
  net/minecraft/util/datafix/schemas/V1022.class
  net/minecraft/util/datafix/schemas/V106.class
  net/minecraft/util/datafix/schemas/V107.class
  net/minecraft/util/datafix/schemas/V1125.class
  net/minecraft/util/datafix/schemas/V135.class
  net/minecraft/util/datafix/schemas/V143.class
  net/minecraft/util/datafix/schemas/V1451.class
  net/minecraft/util/datafix/schemas/V1451_1.class
  net/minecraft/util/datafix/schemas/V1451_2.class
  net/minecraft/util/datafix/schemas/V1451_3.class
  net/minecraft/util/datafix/schemas/V1451_4.class
  net/minecraft/util/datafix/schemas/V1451_5.class
  net/minecraft/util/datafix/schemas/V1451_6$1.class
  net/minecraft/util/datafix/schemas/V1451_6$2.class
  net/minecraft/util/datafix/schemas/V1451_6.class
  net/minecraft/util/datafix/schemas/V1460.class
  net/minecraft/util/datafix/schemas/V1466.class
  net/minecraft/util/datafix/schemas/V1470.class
  net/minecraft/util/datafix/schemas/V1481.class
  net/minecraft/util/datafix/schemas/V1483.class
  net/minecraft/util/datafix/schemas/V1486.class
  net/minecraft/util/datafix/schemas/V1510.class
  net/minecraft/util/datafix/schemas/V1800.class
  net/minecraft/util/datafix/schemas/V1801.class
  net/minecraft/util/datafix/schemas/V1904.class
  net/minecraft/util/datafix/schemas/V1906.class
  net/minecraft/util/datafix/schemas/V1909.class
  net/minecraft/util/datafix/schemas/V1920.class
  net/minecraft/util/datafix/schemas/V1928.class
  net/minecraft/util/datafix/schemas/V1929.class
  net/minecraft/util/datafix/schemas/V1931.class
  net/minecraft/util/datafix/schemas/V2100.class
  net/minecraft/util/datafix/schemas/V2501.class
  net/minecraft/util/datafix/schemas/V2502.class
  net/minecraft/util/datafix/schemas/V2505.class
  net/minecraft/util/datafix/schemas/V2509.class
  net/minecraft/util/datafix/schemas/V2519.class
  net/minecraft/util/datafix/schemas/V2522.class
  net/minecraft/util/datafix/schemas/V2551.class
  net/minecraft/util/datafix/schemas/V2568.class
  net/minecraft/util/datafix/schemas/V2571.class
  net/minecraft/util/datafix/schemas/V2684.class
  net/minecraft/util/datafix/schemas/V2686.class
  net/minecraft/util/datafix/schemas/V2688.class
  net/minecraft/util/datafix/schemas/V2704.class
  net/minecraft/util/datafix/schemas/V2707.class
  net/minecraft/util/datafix/schemas/V2831.class
  net/minecraft/util/datafix/schemas/V2832.class
  net/minecraft/util/datafix/schemas/V2842.class
  net/minecraft/util/datafix/schemas/V3076.class
  net/minecraft/util/datafix/schemas/V3078.class
  net/minecraft/util/datafix/schemas/V3081.class
  net/minecraft/util/datafix/schemas/V3082.class
  net/minecraft/util/datafix/schemas/V3083.class
  net/minecraft/util/datafix/schemas/V3202.class
  net/minecraft/util/datafix/schemas/V3203.class
  net/minecraft/util/datafix/schemas/V3204.class
  net/minecraft/util/datafix/schemas/V3325.class
  net/minecraft/util/datafix/schemas/V3326.class
  net/minecraft/util/datafix/schemas/V3327.class
  net/minecraft/util/datafix/schemas/V3328.class
  net/minecraft/util/datafix/schemas/V3438.class
  net/minecraft/util/datafix/schemas/V3448.class
  net/minecraft/util/datafix/schemas/V3682.class
  net/minecraft/util/datafix/schemas/V3683.class
  net/minecraft/util/datafix/schemas/V3685.class
  net/minecraft/util/datafix/schemas/V3689.class
  net/minecraft/util/datafix/schemas/V3799.class
  net/minecraft/util/datafix/schemas/V3807.class
  net/minecraft/util/datafix/schemas/V3808.class
  net/minecraft/util/datafix/schemas/V3808_1.class
  net/minecraft/util/datafix/schemas/V3808_2.class
  net/minecraft/util/datafix/schemas/V3816.class
  net/minecraft/util/datafix/schemas/V3818.class
  net/minecraft/util/datafix/schemas/V3818_3.class
  net/minecraft/util/datafix/schemas/V3818_4.class
  net/minecraft/util/datafix/schemas/V3818_5.class
  net/minecraft/util/datafix/schemas/V3825.class
  net/minecraft/util/datafix/schemas/V3938.class
  net/minecraft/util/datafix/schemas/V501.class
  net/minecraft/util/datafix/schemas/V700.class
  net/minecraft/util/datafix/schemas/V701.class
  net/minecraft/util/datafix/schemas/V702.class
  net/minecraft/util/datafix/schemas/V703.class
  net/minecraft/util/datafix/schemas/V704$1.class
  net/minecraft/util/datafix/schemas/V704.class
  net/minecraft/util/datafix/schemas/V705$1.class
  net/minecraft/util/datafix/schemas/V705.class
  net/minecraft/util/datafix/schemas/V808.class
  net/minecraft/util/datafix/schemas/V99$1.class
  net/minecraft/util/datafix/schemas/V99.class
  net/minecraft/util/datafix/schemas/package-info.class
  net/minecraft/util/debugchart/
  net/minecraft/util/debugchart/AbstractSampleLogger.class
  net/minecraft/util/debugchart/DebugSampleSubscriptionTracker$SubscriptionRequest.class
  net/minecraft/util/debugchart/DebugSampleSubscriptionTracker$SubscriptionStartedAt.class
  net/minecraft/util/debugchart/DebugSampleSubscriptionTracker.class
  net/minecraft/util/debugchart/LocalSampleLogger.class
  net/minecraft/util/debugchart/RemoteDebugSampleType.class
  net/minecraft/util/debugchart/RemoteSampleLogger.class
  net/minecraft/util/debugchart/SampleLogger.class
  net/minecraft/util/debugchart/SampleStorage.class
  net/minecraft/util/debugchart/TpsDebugDimensions.class
  net/minecraft/util/eventlog/
  net/minecraft/util/eventlog/EventLogDirectory$CompressedFile.class
  net/minecraft/util/eventlog/EventLogDirectory$File.class
  net/minecraft/util/eventlog/EventLogDirectory$FileId.class
  net/minecraft/util/eventlog/EventLogDirectory$FileList.class
  net/minecraft/util/eventlog/EventLogDirectory$RawFile.class
  net/minecraft/util/eventlog/EventLogDirectory.class
  net/minecraft/util/eventlog/JsonEventLog$1.class
  net/minecraft/util/eventlog/JsonEventLog.class
  net/minecraft/util/eventlog/JsonEventLogReader$1.class
  net/minecraft/util/eventlog/JsonEventLogReader.class
  net/minecraft/util/eventlog/package-info.class
  net/minecraft/util/monitoring/
  net/minecraft/util/monitoring/jmx/
  net/minecraft/util/monitoring/jmx/MinecraftServerStatistics$AttributeDescription.class
  net/minecraft/util/monitoring/jmx/MinecraftServerStatistics.class
  net/minecraft/util/monitoring/jmx/package-info.class
  net/minecraft/util/package-info.class
  net/minecraft/util/parsing/
  net/minecraft/util/parsing/package-info.class
  net/minecraft/util/parsing/packrat/
  net/minecraft/util/parsing/packrat/Atom.class
  net/minecraft/util/parsing/packrat/Control.class
  net/minecraft/util/parsing/packrat/Dictionary.class
  net/minecraft/util/parsing/packrat/ErrorCollector$LongestOnly.class
  net/minecraft/util/parsing/packrat/ErrorCollector.class
  net/minecraft/util/parsing/packrat/ErrorEntry.class
  net/minecraft/util/parsing/packrat/ParseState$CacheEntry.class
  net/minecraft/util/parsing/packrat/ParseState$CacheKey.class
  net/minecraft/util/parsing/packrat/ParseState.class
  net/minecraft/util/parsing/packrat/Rule$RuleAction.class
  net/minecraft/util/parsing/packrat/Rule$SimpleRuleAction.class
  net/minecraft/util/parsing/packrat/Rule$WrappedTerm.class
  net/minecraft/util/parsing/packrat/Rule.class
  net/minecraft/util/parsing/packrat/Scope.class
  net/minecraft/util/parsing/packrat/SuggestionSupplier.class
  net/minecraft/util/parsing/packrat/Term$1.class
  net/minecraft/util/parsing/packrat/Term$2.class
  net/minecraft/util/parsing/packrat/Term$Alternative.class
  net/minecraft/util/parsing/packrat/Term$Marker.class
  net/minecraft/util/parsing/packrat/Term$Maybe.class
  net/minecraft/util/parsing/packrat/Term$Reference.class
  net/minecraft/util/parsing/packrat/Term$Sequence.class
  net/minecraft/util/parsing/packrat/Term.class
  net/minecraft/util/parsing/packrat/commands/
  net/minecraft/util/parsing/packrat/commands/Grammar.class
  net/minecraft/util/parsing/packrat/commands/ResourceLocationParseRule.class
  net/minecraft/util/parsing/packrat/commands/ResourceLookupRule.class
  net/minecraft/util/parsing/packrat/commands/ResourceSuggestion.class
  net/minecraft/util/parsing/packrat/commands/StringReaderParserState.class
  net/minecraft/util/parsing/packrat/commands/StringReaderTerms$TerminalCharacter.class
  net/minecraft/util/parsing/packrat/commands/StringReaderTerms$TerminalWord.class
  net/minecraft/util/parsing/packrat/commands/StringReaderTerms.class
  net/minecraft/util/parsing/packrat/commands/TagParseRule.class
  net/minecraft/util/parsing/packrat/commands/package-info.class
  net/minecraft/util/parsing/packrat/package-info.class
  net/minecraft/util/profiling/
  net/minecraft/util/profiling/ActiveProfiler$PathEntry.class
  net/minecraft/util/profiling/ActiveProfiler.class
  net/minecraft/util/profiling/ContinuousProfiler.class
  net/minecraft/util/profiling/EmptyProfileResults.class
  net/minecraft/util/profiling/FilledProfileResults$1.class
  net/minecraft/util/profiling/FilledProfileResults$CounterCollector.class
  net/minecraft/util/profiling/FilledProfileResults.class
  net/minecraft/util/profiling/InactiveProfiler.class
  net/minecraft/util/profiling/ProfileCollector.class
  net/minecraft/util/profiling/ProfileResults.class
  net/minecraft/util/profiling/ProfilerFiller$1.class
  net/minecraft/util/profiling/ProfilerFiller.class
  net/minecraft/util/profiling/ProfilerPathEntry.class
  net/minecraft/util/profiling/ResultField.class
  net/minecraft/util/profiling/SingleTickProfiler.class
  net/minecraft/util/profiling/jfr/
  net/minecraft/util/profiling/jfr/Environment.class
  net/minecraft/util/profiling/jfr/JfrProfiler$1.class
  net/minecraft/util/profiling/jfr/JfrProfiler.class
  net/minecraft/util/profiling/jfr/JvmProfiler$NoOpProfiler.class
  net/minecraft/util/profiling/jfr/JvmProfiler.class
  net/minecraft/util/profiling/jfr/Percentiles.class
  net/minecraft/util/profiling/jfr/SummaryReporter.class
  net/minecraft/util/profiling/jfr/callback/
  net/minecraft/util/profiling/jfr/callback/ProfiledDuration.class
  net/minecraft/util/profiling/jfr/callback/package-info.class
  net/minecraft/util/profiling/jfr/event/
  net/minecraft/util/profiling/jfr/event/ChunkGenerationEvent$Fields.class
  net/minecraft/util/profiling/jfr/event/ChunkGenerationEvent.class
  net/minecraft/util/profiling/jfr/event/ChunkRegionIoEvent$Fields.class
  net/minecraft/util/profiling/jfr/event/ChunkRegionIoEvent.class
  net/minecraft/util/profiling/jfr/event/ChunkRegionReadEvent.class
  net/minecraft/util/profiling/jfr/event/ChunkRegionWriteEvent.class
  net/minecraft/util/profiling/jfr/event/NetworkSummaryEvent$Fields.class
  net/minecraft/util/profiling/jfr/event/NetworkSummaryEvent$SumAggregation.class
  net/minecraft/util/profiling/jfr/event/NetworkSummaryEvent.class
  net/minecraft/util/profiling/jfr/event/PacketEvent$Fields.class
  net/minecraft/util/profiling/jfr/event/PacketEvent.class
  net/minecraft/util/profiling/jfr/event/PacketReceivedEvent.class
  net/minecraft/util/profiling/jfr/event/PacketSentEvent.class
  net/minecraft/util/profiling/jfr/event/ServerTickTimeEvent$Fields.class
  net/minecraft/util/profiling/jfr/event/ServerTickTimeEvent.class
  net/minecraft/util/profiling/jfr/event/WorldLoadFinishedEvent.class
  net/minecraft/util/profiling/jfr/event/package-info.class
  net/minecraft/util/profiling/jfr/package-info.class
  net/minecraft/util/profiling/jfr/parse/
  net/minecraft/util/profiling/jfr/parse/JfrStatsParser$1.class
  net/minecraft/util/profiling/jfr/parse/JfrStatsParser$MutableCountAndSize.class
  net/minecraft/util/profiling/jfr/parse/JfrStatsParser.class
  net/minecraft/util/profiling/jfr/parse/JfrStatsResult.class
  net/minecraft/util/profiling/jfr/parse/package-info.class
  net/minecraft/util/profiling/jfr/serialize/
  net/minecraft/util/profiling/jfr/serialize/JfrResultJsonSerializer.class
  net/minecraft/util/profiling/jfr/serialize/package-info.class
  net/minecraft/util/profiling/jfr/stats/
  net/minecraft/util/profiling/jfr/stats/ChunkGenStat.class
  net/minecraft/util/profiling/jfr/stats/ChunkIdentification.class
  net/minecraft/util/profiling/jfr/stats/CpuLoadStat.class
  net/minecraft/util/profiling/jfr/stats/FileIOStat$Summary.class
  net/minecraft/util/profiling/jfr/stats/FileIOStat.class
  net/minecraft/util/profiling/jfr/stats/GcHeapStat$Summary.class
  net/minecraft/util/profiling/jfr/stats/GcHeapStat$Timing.class
  net/minecraft/util/profiling/jfr/stats/GcHeapStat.class
  net/minecraft/util/profiling/jfr/stats/IoSummary$CountAndSize.class
  net/minecraft/util/profiling/jfr/stats/IoSummary.class
  net/minecraft/util/profiling/jfr/stats/PacketIdentification.class
  net/minecraft/util/profiling/jfr/stats/ThreadAllocationStat$Summary.class
  net/minecraft/util/profiling/jfr/stats/ThreadAllocationStat.class
  net/minecraft/util/profiling/jfr/stats/TickTimeStat.class
  net/minecraft/util/profiling/jfr/stats/TimedStat.class
  net/minecraft/util/profiling/jfr/stats/TimedStatSummary.class
  net/minecraft/util/profiling/jfr/stats/package-info.class
  net/minecraft/util/profiling/metrics/
  net/minecraft/util/profiling/metrics/MetricCategory.class
  net/minecraft/util/profiling/metrics/MetricSampler$MetricSamplerBuilder.class
  net/minecraft/util/profiling/metrics/MetricSampler$SamplerResult.class
  net/minecraft/util/profiling/metrics/MetricSampler$ThresholdTest.class
  net/minecraft/util/profiling/metrics/MetricSampler$ValueIncreasedByPercentage.class
  net/minecraft/util/profiling/metrics/MetricSampler.class
  net/minecraft/util/profiling/metrics/MetricsRegistry$AggregatedMetricSampler.class
  net/minecraft/util/profiling/metrics/MetricsRegistry.class
  net/minecraft/util/profiling/metrics/MetricsSamplerProvider.class
  net/minecraft/util/profiling/metrics/ProfilerMeasured.class
  net/minecraft/util/profiling/metrics/package-info.class
  net/minecraft/util/profiling/metrics/profiling/
  net/minecraft/util/profiling/metrics/profiling/ActiveMetricsRecorder.class
  net/minecraft/util/profiling/metrics/profiling/InactiveMetricsRecorder.class
  net/minecraft/util/profiling/metrics/profiling/MetricsRecorder.class
  net/minecraft/util/profiling/metrics/profiling/ProfilerSamplerAdapter.class
  net/minecraft/util/profiling/metrics/profiling/ServerMetricsSamplersProvider$1.class
  net/minecraft/util/profiling/metrics/profiling/ServerMetricsSamplersProvider$CpuStats.class
  net/minecraft/util/profiling/metrics/profiling/ServerMetricsSamplersProvider.class
  net/minecraft/util/profiling/metrics/profiling/package-info.class
  net/minecraft/util/profiling/metrics/storage/
  net/minecraft/util/profiling/metrics/storage/MetricsPersister.class
  net/minecraft/util/profiling/metrics/storage/RecordedDeviation.class
  net/minecraft/util/profiling/metrics/storage/package-info.class
  net/minecraft/util/profiling/package-info.class
  net/minecraft/util/random/
  net/minecraft/util/random/SimpleWeightedRandomList$Builder.class
  net/minecraft/util/random/SimpleWeightedRandomList.class
  net/minecraft/util/random/Weight.class
  net/minecraft/util/random/WeightedEntry$IntrusiveBase.class
  net/minecraft/util/random/WeightedEntry$Wrapper.class
  net/minecraft/util/random/WeightedEntry.class
  net/minecraft/util/random/WeightedRandom.class
  net/minecraft/util/random/WeightedRandomList.class
  net/minecraft/util/random/package-info.class
  net/minecraft/util/thread/
  net/minecraft/util/thread/BlockableEventLoop.class
  net/minecraft/util/thread/NamedThreadFactory.class
  net/minecraft/util/thread/ProcessorHandle$1.class
  net/minecraft/util/thread/ProcessorHandle.class
  net/minecraft/util/thread/ProcessorMailbox.class
  net/minecraft/util/thread/ReentrantBlockableEventLoop.class
  net/minecraft/util/thread/StrictQueue$FixedPriorityQueue.class
  net/minecraft/util/thread/StrictQueue$IntRunnable.class
  net/minecraft/util/thread/StrictQueue$QueueStrictQueue.class
  net/minecraft/util/thread/StrictQueue.class
  net/minecraft/util/thread/package-info.class
  net/minecraft/util/valueproviders/
  net/minecraft/util/valueproviders/BiasedToBottomInt.class
  net/minecraft/util/valueproviders/ClampedInt.class
  net/minecraft/util/valueproviders/ClampedNormalFloat.class
  net/minecraft/util/valueproviders/ClampedNormalInt.class
  net/minecraft/util/valueproviders/ConstantFloat.class
  net/minecraft/util/valueproviders/ConstantInt.class
  net/minecraft/util/valueproviders/FloatProvider.class
  net/minecraft/util/valueproviders/FloatProviderType.class
  net/minecraft/util/valueproviders/IntProvider.class
  net/minecraft/util/valueproviders/IntProviderType.class
  net/minecraft/util/valueproviders/MultipliedFloats.class
  net/minecraft/util/valueproviders/SampledFloat.class
  net/minecraft/util/valueproviders/TrapezoidFloat.class
  net/minecraft/util/valueproviders/UniformFloat.class
  net/minecraft/util/valueproviders/UniformInt.class
  net/minecraft/util/valueproviders/WeightedListInt.class
  net/minecraft/util/valueproviders/package-info.class
  net/minecraft/util/worldupdate/
  net/minecraft/util/worldupdate/WorldUpgrader$AbstractUpgrader.class
  net/minecraft/util/worldupdate/WorldUpgrader$ChunkUpgrader.class
  net/minecraft/util/worldupdate/WorldUpgrader$DimensionToUpgrade.class
  net/minecraft/util/worldupdate/WorldUpgrader$EntityUpgrader.class
  net/minecraft/util/worldupdate/WorldUpgrader$FileToUpgrade.class
  net/minecraft/util/worldupdate/WorldUpgrader$PoiUpgrader.class
  net/minecraft/util/worldupdate/WorldUpgrader$SimpleRegionStorageUpgrader.class
  net/minecraft/util/worldupdate/WorldUpgrader.class
  net/minecraft/util/worldupdate/package-info.class
  net/minecraft/world/
  net/minecraft/world/BossEvent$BossBarColor.class
  net/minecraft/world/BossEvent$BossBarOverlay.class
  net/minecraft/world/BossEvent.class
  net/minecraft/world/Clearable.class
  net/minecraft/world/CompoundContainer.class
  net/minecraft/world/Container.class
  net/minecraft/world/ContainerHelper.class
  net/minecraft/world/ContainerListener.class
  net/minecraft/world/Containers.class
  net/minecraft/world/Difficulty.class
  net/minecraft/world/DifficultyInstance.class
  net/minecraft/world/InteractionHand.class
  net/minecraft/world/InteractionResult.class
  net/minecraft/world/InteractionResultHolder.class
  net/minecraft/world/ItemInteractionResult.class
  net/minecraft/world/LockCode.class
  net/minecraft/world/MenuProvider.class
  net/minecraft/world/Nameable.class
  net/minecraft/world/RandomSequence.class
  net/minecraft/world/RandomSequences$DirtyMarkingRandomSource.class
  net/minecraft/world/RandomSequences.class
  net/minecraft/world/RandomizableContainer.class
  net/minecraft/world/SimpleContainer.class
  net/minecraft/world/SimpleMenuProvider.class
  net/minecraft/world/TickRateManager.class
  net/minecraft/world/WorldlyContainer.class
  net/minecraft/world/WorldlyContainerHolder.class
  net/minecraft/world/damagesource/
  net/minecraft/world/damagesource/CombatEntry.class
  net/minecraft/world/damagesource/CombatRules.class
  net/minecraft/world/damagesource/CombatTracker.class
  net/minecraft/world/damagesource/DamageEffects.class
  net/minecraft/world/damagesource/DamageScaling.class
  net/minecraft/world/damagesource/DamageSource$1.class
  net/minecraft/world/damagesource/DamageSource.class
  net/minecraft/world/damagesource/DamageSources.class
  net/minecraft/world/damagesource/DamageType.class
  net/minecraft/world/damagesource/DamageTypes.class
  net/minecraft/world/damagesource/DeathMessageType.class
  net/minecraft/world/damagesource/FallLocation.class
  net/minecraft/world/damagesource/package-info.class
  net/minecraft/world/effect/
  net/minecraft/world/effect/AbsorptionMobEffect.class
  net/minecraft/world/effect/BadOmenMobEffect.class
  net/minecraft/world/effect/HealOrHarmMobEffect.class
  net/minecraft/world/effect/HungerMobEffect.class
  net/minecraft/world/effect/InfestedMobEffect.class
  net/minecraft/world/effect/InstantenousMobEffect.class
  net/minecraft/world/effect/MobEffect$AttributeTemplate.class
  net/minecraft/world/effect/MobEffect.class
  net/minecraft/world/effect/MobEffectCategory.class
  net/minecraft/world/effect/MobEffectInstance$BlendState.class
  net/minecraft/world/effect/MobEffectInstance$Details.class
  net/minecraft/world/effect/MobEffectInstance.class
  net/minecraft/world/effect/MobEffectUtil.class
  net/minecraft/world/effect/MobEffects.class
  net/minecraft/world/effect/OozingMobEffect$NearbySlimes.class
  net/minecraft/world/effect/OozingMobEffect.class
  net/minecraft/world/effect/PoisonMobEffect.class
  net/minecraft/world/effect/RaidOmenMobEffect.class
  net/minecraft/world/effect/RegenerationMobEffect.class
  net/minecraft/world/effect/SaturationMobEffect.class
  net/minecraft/world/effect/WeavingMobEffect.class
  net/minecraft/world/effect/WindChargedMobEffect.class
  net/minecraft/world/effect/WitherMobEffect.class
  net/minecraft/world/effect/package-info.class
  net/minecraft/world/entity/
  net/minecraft/world/entity/AgeableMob$AgeableMobGroupData.class
  net/minecraft/world/entity/AgeableMob.class
  net/minecraft/world/entity/AnimationState.class
  net/minecraft/world/entity/AreaEffectCloud.class
  net/minecraft/world/entity/Attackable.class
  net/minecraft/world/entity/Crackiness$Level.class
  net/minecraft/world/entity/Crackiness.class
  net/minecraft/world/entity/Display$BillboardConstraints.class
  net/minecraft/world/entity/Display$BlockDisplay$BlockRenderState.class
  net/minecraft/world/entity/Display$BlockDisplay.class
  net/minecraft/world/entity/Display$ColorInterpolator.class
  net/minecraft/world/entity/Display$FloatInterpolator.class
  net/minecraft/world/entity/Display$GenericInterpolator.class
  net/minecraft/world/entity/Display$IntInterpolator.class
  net/minecraft/world/entity/Display$ItemDisplay$ItemRenderState.class
  net/minecraft/world/entity/Display$ItemDisplay.class
  net/minecraft/world/entity/Display$LinearFloatInterpolator.class
  net/minecraft/world/entity/Display$LinearIntInterpolator.class
  net/minecraft/world/entity/Display$PosRotInterpolationTarget.class
  net/minecraft/world/entity/Display$RenderState.class
  net/minecraft/world/entity/Display$TextDisplay$Align.class
  net/minecraft/world/entity/Display$TextDisplay$CachedInfo.class
  net/minecraft/world/entity/Display$TextDisplay$CachedLine.class
  net/minecraft/world/entity/Display$TextDisplay$LineSplitter.class
  net/minecraft/world/entity/Display$TextDisplay$TextRenderState.class
  net/minecraft/world/entity/Display$TextDisplay.class
  net/minecraft/world/entity/Display$TransformationInterpolator.class
  net/minecraft/world/entity/Display.class
  net/minecraft/world/entity/Entity$1.class
  net/minecraft/world/entity/Entity$MoveFunction.class
  net/minecraft/world/entity/Entity$MovementEmission.class
  net/minecraft/world/entity/Entity$RemovalReason.class
  net/minecraft/world/entity/Entity.class
  net/minecraft/world/entity/EntityAttachment$Fallback.class
  net/minecraft/world/entity/EntityAttachment.class
  net/minecraft/world/entity/EntityAttachments$Builder.class
  net/minecraft/world/entity/EntityAttachments.class
  net/minecraft/world/entity/EntityDimensions.class
  net/minecraft/world/entity/EntityEvent.class
  net/minecraft/world/entity/EntitySelector$MobCanWearArmorEntitySelector.class
  net/minecraft/world/entity/EntitySelector.class
  net/minecraft/world/entity/EntityType$1.class
  net/minecraft/world/entity/EntityType$Builder.class
  net/minecraft/world/entity/EntityType$EntityFactory.class
  net/minecraft/world/entity/EntityType.class
  net/minecraft/world/entity/EquipmentSlot$Type.class
  net/minecraft/world/entity/EquipmentSlot.class
  net/minecraft/world/entity/EquipmentSlotGroup$1.class
  net/minecraft/world/entity/EquipmentSlotGroup.class
  net/minecraft/world/entity/EquipmentTable.class
  net/minecraft/world/entity/EquipmentUser.class
  net/minecraft/world/entity/ExperienceOrb.class
  net/minecraft/world/entity/FlyingMob.class
  net/minecraft/world/entity/GlowSquid.class
  net/minecraft/world/entity/HasCustomInventoryScreen.class
  net/minecraft/world/entity/HumanoidArm.class
  net/minecraft/world/entity/Interaction$PlayerAction.class
  net/minecraft/world/entity/Interaction.class
  net/minecraft/world/entity/ItemBasedSteering.class
  net/minecraft/world/entity/ItemSteerable.class
  net/minecraft/world/entity/Leashable$LeashData.class
  net/minecraft/world/entity/Leashable.class
  net/minecraft/world/entity/LerpingModel.class
  net/minecraft/world/entity/LightningBolt.class
  net/minecraft/world/entity/LivingEntity$1.class
  net/minecraft/world/entity/LivingEntity$Fallsounds.class
  net/minecraft/world/entity/LivingEntity.class
  net/minecraft/world/entity/Marker.class
  net/minecraft/world/entity/Mob$1.class
  net/minecraft/world/entity/Mob.class
  net/minecraft/world/entity/MobCategory.class
  net/minecraft/world/entity/MobSpawnType.class
  net/minecraft/world/entity/MoverType.class
  net/minecraft/world/entity/NeutralMob.class
  net/minecraft/world/entity/OminousItemSpawner.class
  net/minecraft/world/entity/OwnableEntity.class
  net/minecraft/world/entity/PathfinderMob.class
  net/minecraft/world/entity/PlayerRideable.class
  net/minecraft/world/entity/PlayerRideableJumping.class
  net/minecraft/world/entity/PortalProcessor.class
  net/minecraft/world/entity/Pose.class
  net/minecraft/world/entity/PowerableMob.class
  net/minecraft/world/entity/RelativeMovement.class
  net/minecraft/world/entity/ReputationEventHandler.class
  net/minecraft/world/entity/Saddleable.class
  net/minecraft/world/entity/Shearable.class
  net/minecraft/world/entity/SlotAccess$1.class
  net/minecraft/world/entity/SlotAccess$2.class
  net/minecraft/world/entity/SlotAccess$3.class
  net/minecraft/world/entity/SlotAccess$4.class
  net/minecraft/world/entity/SlotAccess.class
  net/minecraft/world/entity/SpawnGroupData.class
  net/minecraft/world/entity/SpawnPlacementType.class
  net/minecraft/world/entity/SpawnPlacementTypes$1.class
  net/minecraft/world/entity/SpawnPlacementTypes.class
  net/minecraft/world/entity/SpawnPlacements$Data.class
  net/minecraft/world/entity/SpawnPlacements$SpawnPredicate.class
  net/minecraft/world/entity/SpawnPlacements.class
  net/minecraft/world/entity/TamableAnimal$TamableAnimalPanicGoal.class
  net/minecraft/world/entity/TamableAnimal.class
  net/minecraft/world/entity/Targeting.class
  net/minecraft/world/entity/TraceableEntity.class
  net/minecraft/world/entity/VariantHolder.class
  net/minecraft/world/entity/WalkAnimationState.class
  net/minecraft/world/entity/ai/
  net/minecraft/world/entity/ai/Brain$1.class
  net/minecraft/world/entity/ai/Brain$MemoryValue.class
  net/minecraft/world/entity/ai/Brain$Provider.class
  net/minecraft/world/entity/ai/Brain.class
  net/minecraft/world/entity/ai/attributes/
  net/minecraft/world/entity/ai/attributes/Attribute$Sentiment.class
  net/minecraft/world/entity/ai/attributes/Attribute.class
  net/minecraft/world/entity/ai/attributes/AttributeInstance.class
  net/minecraft/world/entity/ai/attributes/AttributeMap.class
  net/minecraft/world/entity/ai/attributes/AttributeModifier$Operation.class
  net/minecraft/world/entity/ai/attributes/AttributeModifier.class
  net/minecraft/world/entity/ai/attributes/AttributeSupplier$Builder.class
  net/minecraft/world/entity/ai/attributes/AttributeSupplier.class
  net/minecraft/world/entity/ai/attributes/Attributes.class
  net/minecraft/world/entity/ai/attributes/DefaultAttributes.class
  net/minecraft/world/entity/ai/attributes/RangedAttribute.class
  net/minecraft/world/entity/ai/attributes/package-info.class
  net/minecraft/world/entity/ai/behavior/
  net/minecraft/world/entity/ai/behavior/AcquirePoi$JitteredLinearRetry.class
  net/minecraft/world/entity/ai/behavior/AcquirePoi.class
  net/minecraft/world/entity/ai/behavior/AnimalMakeLove.class
  net/minecraft/world/entity/ai/behavior/AnimalPanic.class
  net/minecraft/world/entity/ai/behavior/AssignProfessionFromJobSite.class
  net/minecraft/world/entity/ai/behavior/BabyFollowAdult.class
  net/minecraft/world/entity/ai/behavior/BackUpIfTooClose.class
  net/minecraft/world/entity/ai/behavior/BecomePassiveIfMemoryPresent.class
  net/minecraft/world/entity/ai/behavior/Behavior$Status.class
  net/minecraft/world/entity/ai/behavior/Behavior.class
  net/minecraft/world/entity/ai/behavior/BehaviorControl.class
  net/minecraft/world/entity/ai/behavior/BehaviorUtils.class
  net/minecraft/world/entity/ai/behavior/BlockPosTracker.class
  net/minecraft/world/entity/ai/behavior/CelebrateVillagersSurvivedRaid.class
  net/minecraft/world/entity/ai/behavior/CopyMemoryWithExpiry.class
  net/minecraft/world/entity/ai/behavior/CountDownCooldownTicks.class
  net/minecraft/world/entity/ai/behavior/Croak.class
  net/minecraft/world/entity/ai/behavior/CrossbowAttack$CrossbowState.class
  net/minecraft/world/entity/ai/behavior/CrossbowAttack.class
  net/minecraft/world/entity/ai/behavior/DismountOrSkipMounting.class
  net/minecraft/world/entity/ai/behavior/DoNothing.class
  net/minecraft/world/entity/ai/behavior/EntityTracker.class
  net/minecraft/world/entity/ai/behavior/EraseMemoryIf.class
  net/minecraft/world/entity/ai/behavior/FollowTemptation.class
  net/minecraft/world/entity/ai/behavior/GateBehavior$OrderPolicy.class
  net/minecraft/world/entity/ai/behavior/GateBehavior$RunningPolicy$1.class
  net/minecraft/world/entity/ai/behavior/GateBehavior$RunningPolicy$2.class
  net/minecraft/world/entity/ai/behavior/GateBehavior$RunningPolicy.class
  net/minecraft/world/entity/ai/behavior/GateBehavior.class
  net/minecraft/world/entity/ai/behavior/GiveGiftToHero.class
  net/minecraft/world/entity/ai/behavior/GoAndGiveItemsToTarget.class
  net/minecraft/world/entity/ai/behavior/GoToClosestVillage.class
  net/minecraft/world/entity/ai/behavior/GoToPotentialJobSite.class
  net/minecraft/world/entity/ai/behavior/GoToTargetLocation.class
  net/minecraft/world/entity/ai/behavior/GoToWantedItem.class
  net/minecraft/world/entity/ai/behavior/HarvestFarmland.class
  net/minecraft/world/entity/ai/behavior/InsideBrownianWalk.class
  net/minecraft/world/entity/ai/behavior/InteractWith.class
  net/minecraft/world/entity/ai/behavior/InteractWithDoor.class
  net/minecraft/world/entity/ai/behavior/JumpOnBed.class
  net/minecraft/world/entity/ai/behavior/LocateHidingPlace.class
  net/minecraft/world/entity/ai/behavior/LongJumpMidJump.class
  net/minecraft/world/entity/ai/behavior/LongJumpToPreferredBlock.class
  net/minecraft/world/entity/ai/behavior/LongJumpToRandomPos$PossibleJump.class
  net/minecraft/world/entity/ai/behavior/LongJumpToRandomPos.class
  net/minecraft/world/entity/ai/behavior/LongJumpUtil.class
  net/minecraft/world/entity/ai/behavior/LookAndFollowTradingPlayerSink.class
  net/minecraft/world/entity/ai/behavior/LookAtTargetSink.class
  net/minecraft/world/entity/ai/behavior/MeleeAttack.class
  net/minecraft/world/entity/ai/behavior/Mount.class
  net/minecraft/world/entity/ai/behavior/MoveToSkySeeingSpot.class
  net/minecraft/world/entity/ai/behavior/MoveToTargetSink.class
  net/minecraft/world/entity/ai/behavior/OneShot.class
  net/minecraft/world/entity/ai/behavior/PlayTagWithOtherKids.class
  net/minecraft/world/entity/ai/behavior/PoiCompetitorScan.class
  net/minecraft/world/entity/ai/behavior/PositionTracker.class
  net/minecraft/world/entity/ai/behavior/PrepareRamNearestTarget$RamCandidate.class
  net/minecraft/world/entity/ai/behavior/PrepareRamNearestTarget.class
  net/minecraft/world/entity/ai/behavior/RamTarget.class
  net/minecraft/world/entity/ai/behavior/RandomLookAround.class
  net/minecraft/world/entity/ai/behavior/RandomStroll.class
  net/minecraft/world/entity/ai/behavior/ReactToBell.class
  net/minecraft/world/entity/ai/behavior/ResetProfession.class
  net/minecraft/world/entity/ai/behavior/ResetRaidStatus.class
  net/minecraft/world/entity/ai/behavior/RingBell.class
  net/minecraft/world/entity/ai/behavior/RunOne.class
  net/minecraft/world/entity/ai/behavior/SetClosestHomeAsWalkTarget.class
  net/minecraft/world/entity/ai/behavior/SetEntityLookTarget.class
  net/minecraft/world/entity/ai/behavior/SetEntityLookTargetSometimes$Ticker.class
  net/minecraft/world/entity/ai/behavior/SetEntityLookTargetSometimes.class
  net/minecraft/world/entity/ai/behavior/SetHiddenState.class
  net/minecraft/world/entity/ai/behavior/SetLookAndInteract.class
  net/minecraft/world/entity/ai/behavior/SetRaidStatus.class
  net/minecraft/world/entity/ai/behavior/SetWalkTargetAwayFrom.class
  net/minecraft/world/entity/ai/behavior/SetWalkTargetFromAttackTargetIfTargetOutOfReach.class
  net/minecraft/world/entity/ai/behavior/SetWalkTargetFromBlockMemory.class
  net/minecraft/world/entity/ai/behavior/SetWalkTargetFromLookTarget.class
  net/minecraft/world/entity/ai/behavior/ShowTradesToPlayer.class
  net/minecraft/world/entity/ai/behavior/ShufflingList$WeightedEntry$1.class
  net/minecraft/world/entity/ai/behavior/ShufflingList$WeightedEntry.class
  net/minecraft/world/entity/ai/behavior/ShufflingList.class
  net/minecraft/world/entity/ai/behavior/SleepInBed.class
  net/minecraft/world/entity/ai/behavior/SocializeAtBell.class
  net/minecraft/world/entity/ai/behavior/StartAttacking.class
  net/minecraft/world/entity/ai/behavior/StartCelebratingIfTargetDead.class
  net/minecraft/world/entity/ai/behavior/StayCloseToTarget.class
  net/minecraft/world/entity/ai/behavior/StopAttackingIfTargetInvalid.class
  net/minecraft/world/entity/ai/behavior/StopBeingAngryIfTargetDead.class
  net/minecraft/world/entity/ai/behavior/StrollAroundPoi.class
  net/minecraft/world/entity/ai/behavior/StrollToPoi.class
  net/minecraft/world/entity/ai/behavior/StrollToPoiList.class
  net/minecraft/world/entity/ai/behavior/Swim.class
  net/minecraft/world/entity/ai/behavior/TradeWithVillager.class
  net/minecraft/world/entity/ai/behavior/TriggerGate.class
  net/minecraft/world/entity/ai/behavior/TryFindLand.class
  net/minecraft/world/entity/ai/behavior/TryFindLandNearWater.class
  net/minecraft/world/entity/ai/behavior/TryFindWater.class
  net/minecraft/world/entity/ai/behavior/TryLaySpawnOnWaterNearLand.class
  net/minecraft/world/entity/ai/behavior/UpdateActivityFromSchedule.class
  net/minecraft/world/entity/ai/behavior/UseBonemeal.class
  net/minecraft/world/entity/ai/behavior/ValidateNearbyPoi.class
  net/minecraft/world/entity/ai/behavior/VillageBoundRandomStroll.class
  net/minecraft/world/entity/ai/behavior/VillagerCalmDown.class
  net/minecraft/world/entity/ai/behavior/VillagerGoalPackages.class
  net/minecraft/world/entity/ai/behavior/VillagerMakeLove.class
  net/minecraft/world/entity/ai/behavior/VillagerPanicTrigger.class
  net/minecraft/world/entity/ai/behavior/WakeUp.class
  net/minecraft/world/entity/ai/behavior/WorkAtComposter.class
  net/minecraft/world/entity/ai/behavior/WorkAtPoi.class
  net/minecraft/world/entity/ai/behavior/YieldJobSite.class
  net/minecraft/world/entity/ai/behavior/declarative/
  net/minecraft/world/entity/ai/behavior/declarative/BehaviorBuilder$1.class
  net/minecraft/world/entity/ai/behavior/declarative/BehaviorBuilder$Constant$1.class
  net/minecraft/world/entity/ai/behavior/declarative/BehaviorBuilder$Constant.class
  net/minecraft/world/entity/ai/behavior/declarative/BehaviorBuilder$Instance$1.class
  net/minecraft/world/entity/ai/behavior/declarative/BehaviorBuilder$Instance$2.class
  net/minecraft/world/entity/ai/behavior/declarative/BehaviorBuilder$Instance$3.class
  net/minecraft/world/entity/ai/behavior/declarative/BehaviorBuilder$Instance$4.class
  net/minecraft/world/entity/ai/behavior/declarative/BehaviorBuilder$Instance$5.class
  net/minecraft/world/entity/ai/behavior/declarative/BehaviorBuilder$Instance$Mu.class
  net/minecraft/world/entity/ai/behavior/declarative/BehaviorBuilder$Instance.class
  net/minecraft/world/entity/ai/behavior/declarative/BehaviorBuilder$Mu.class
  net/minecraft/world/entity/ai/behavior/declarative/BehaviorBuilder$PureMemory$1.class
  net/minecraft/world/entity/ai/behavior/declarative/BehaviorBuilder$PureMemory.class
  net/minecraft/world/entity/ai/behavior/declarative/BehaviorBuilder$TriggerWithResult.class
  net/minecraft/world/entity/ai/behavior/declarative/BehaviorBuilder$TriggerWrapper$1.class
  net/minecraft/world/entity/ai/behavior/declarative/BehaviorBuilder$TriggerWrapper.class
  net/minecraft/world/entity/ai/behavior/declarative/BehaviorBuilder.class
  net/minecraft/world/entity/ai/behavior/declarative/MemoryAccessor.class
  net/minecraft/world/entity/ai/behavior/declarative/MemoryCondition$Absent.class
  net/minecraft/world/entity/ai/behavior/declarative/MemoryCondition$Present.class
  net/minecraft/world/entity/ai/behavior/declarative/MemoryCondition$Registered.class
  net/minecraft/world/entity/ai/behavior/declarative/MemoryCondition.class
  net/minecraft/world/entity/ai/behavior/declarative/Trigger.class
  net/minecraft/world/entity/ai/behavior/declarative/package-info.class
  net/minecraft/world/entity/ai/behavior/package-info.class
  net/minecraft/world/entity/ai/behavior/warden/
  net/minecraft/world/entity/ai/behavior/warden/Digging.class
  net/minecraft/world/entity/ai/behavior/warden/Emerging.class
  net/minecraft/world/entity/ai/behavior/warden/ForceUnmount.class
  net/minecraft/world/entity/ai/behavior/warden/Roar.class
  net/minecraft/world/entity/ai/behavior/warden/SetRoarTarget.class
  net/minecraft/world/entity/ai/behavior/warden/SetWardenLookTarget.class
  net/minecraft/world/entity/ai/behavior/warden/Sniffing.class
  net/minecraft/world/entity/ai/behavior/warden/SonicBoom.class
  net/minecraft/world/entity/ai/behavior/warden/TryToSniff.class
  net/minecraft/world/entity/ai/behavior/warden/package-info.class
  net/minecraft/world/entity/ai/control/
  net/minecraft/world/entity/ai/control/BodyRotationControl.class
  net/minecraft/world/entity/ai/control/Control.class
  net/minecraft/world/entity/ai/control/FlyingMoveControl.class
  net/minecraft/world/entity/ai/control/JumpControl.class
  net/minecraft/world/entity/ai/control/LookControl.class
  net/minecraft/world/entity/ai/control/MoveControl$Operation.class
  net/minecraft/world/entity/ai/control/MoveControl.class
  net/minecraft/world/entity/ai/control/SmoothSwimmingLookControl.class
  net/minecraft/world/entity/ai/control/SmoothSwimmingMoveControl.class
  net/minecraft/world/entity/ai/control/package-info.class
  net/minecraft/world/entity/ai/goal/
  net/minecraft/world/entity/ai/goal/AvoidEntityGoal.class
  net/minecraft/world/entity/ai/goal/BegGoal.class
  net/minecraft/world/entity/ai/goal/BoatGoals.class
  net/minecraft/world/entity/ai/goal/BreakDoorGoal.class
  net/minecraft/world/entity/ai/goal/BreathAirGoal.class
  net/minecraft/world/entity/ai/goal/BreedGoal.class
  net/minecraft/world/entity/ai/goal/CatLieOnBedGoal.class
  net/minecraft/world/entity/ai/goal/CatSitOnBlockGoal.class
  net/minecraft/world/entity/ai/goal/ClimbOnTopOfPowderSnowGoal.class
  net/minecraft/world/entity/ai/goal/DolphinJumpGoal.class
  net/minecraft/world/entity/ai/goal/DoorInteractGoal.class
  net/minecraft/world/entity/ai/goal/EatBlockGoal.class
  net/minecraft/world/entity/ai/goal/FleeSunGoal.class
  net/minecraft/world/entity/ai/goal/FloatGoal.class
  net/minecraft/world/entity/ai/goal/FollowBoatGoal.class
  net/minecraft/world/entity/ai/goal/FollowFlockLeaderGoal.class
  net/minecraft/world/entity/ai/goal/FollowMobGoal.class
  net/minecraft/world/entity/ai/goal/FollowOwnerGoal.class
  net/minecraft/world/entity/ai/goal/FollowParentGoal.class
  net/minecraft/world/entity/ai/goal/Goal$Flag.class
  net/minecraft/world/entity/ai/goal/Goal.class
  net/minecraft/world/entity/ai/goal/GoalSelector$1.class
  net/minecraft/world/entity/ai/goal/GoalSelector$2.class
  net/minecraft/world/entity/ai/goal/GoalSelector.class
  net/minecraft/world/entity/ai/goal/GolemRandomStrollInVillageGoal.class
  net/minecraft/world/entity/ai/goal/InteractGoal.class
  net/minecraft/world/entity/ai/goal/JumpGoal.class
  net/minecraft/world/entity/ai/goal/LandOnOwnersShoulderGoal.class
  net/minecraft/world/entity/ai/goal/LeapAtTargetGoal.class
  net/minecraft/world/entity/ai/goal/LlamaFollowCaravanGoal.class
  net/minecraft/world/entity/ai/goal/LookAtPlayerGoal.class
  net/minecraft/world/entity/ai/goal/LookAtTradingPlayerGoal.class
  net/minecraft/world/entity/ai/goal/MeleeAttackGoal.class
  net/minecraft/world/entity/ai/goal/MoveBackToVillageGoal.class
  net/minecraft/world/entity/ai/goal/MoveThroughVillageGoal.class
  net/minecraft/world/entity/ai/goal/MoveToBlockGoal.class
  net/minecraft/world/entity/ai/goal/MoveTowardsRestrictionGoal.class
  net/minecraft/world/entity/ai/goal/MoveTowardsTargetGoal.class
  net/minecraft/world/entity/ai/goal/OcelotAttackGoal.class
  net/minecraft/world/entity/ai/goal/OfferFlowerGoal.class
  net/minecraft/world/entity/ai/goal/OpenDoorGoal.class
  net/minecraft/world/entity/ai/goal/PanicGoal.class
  net/minecraft/world/entity/ai/goal/PathfindToRaidGoal.class
  net/minecraft/world/entity/ai/goal/RandomLookAroundGoal.class
  net/minecraft/world/entity/ai/goal/RandomStandGoal.class
  net/minecraft/world/entity/ai/goal/RandomStrollGoal.class
  net/minecraft/world/entity/ai/goal/RandomSwimmingGoal.class
  net/minecraft/world/entity/ai/goal/RangedAttackGoal.class
  net/minecraft/world/entity/ai/goal/RangedBowAttackGoal.class
  net/minecraft/world/entity/ai/goal/RangedCrossbowAttackGoal$CrossbowState.class
  net/minecraft/world/entity/ai/goal/RangedCrossbowAttackGoal.class
  net/minecraft/world/entity/ai/goal/RemoveBlockGoal.class
  net/minecraft/world/entity/ai/goal/RestrictSunGoal.class
  net/minecraft/world/entity/ai/goal/RunAroundLikeCrazyGoal.class
  net/minecraft/world/entity/ai/goal/SitWhenOrderedToGoal.class
  net/minecraft/world/entity/ai/goal/StrollThroughVillageGoal.class
  net/minecraft/world/entity/ai/goal/SwellGoal.class
  net/minecraft/world/entity/ai/goal/TemptGoal.class
  net/minecraft/world/entity/ai/goal/TradeWithPlayerGoal.class
  net/minecraft/world/entity/ai/goal/TryFindWaterGoal.class
  net/minecraft/world/entity/ai/goal/UseItemGoal.class
  net/minecraft/world/entity/ai/goal/WaterAvoidingRandomFlyingGoal.class
  net/minecraft/world/entity/ai/goal/WaterAvoidingRandomStrollGoal.class
  net/minecraft/world/entity/ai/goal/WrappedGoal.class
  net/minecraft/world/entity/ai/goal/ZombieAttackGoal.class
  net/minecraft/world/entity/ai/goal/package-info.class
  net/minecraft/world/entity/ai/goal/target/
  net/minecraft/world/entity/ai/goal/target/DefendVillageTargetGoal.class
  net/minecraft/world/entity/ai/goal/target/HurtByTargetGoal.class
  net/minecraft/world/entity/ai/goal/target/NearestAttackableTargetGoal.class
  net/minecraft/world/entity/ai/goal/target/NearestAttackableWitchTargetGoal.class
  net/minecraft/world/entity/ai/goal/target/NearestHealableRaiderTargetGoal.class
  net/minecraft/world/entity/ai/goal/target/NonTameRandomTargetGoal.class
  net/minecraft/world/entity/ai/goal/target/OwnerHurtByTargetGoal.class
  net/minecraft/world/entity/ai/goal/target/OwnerHurtTargetGoal.class
  net/minecraft/world/entity/ai/goal/target/ResetUniversalAngerTargetGoal.class
  net/minecraft/world/entity/ai/goal/target/TargetGoal.class
  net/minecraft/world/entity/ai/goal/target/package-info.class
  net/minecraft/world/entity/ai/gossip/
  net/minecraft/world/entity/ai/gossip/GossipContainer$EntityGossips.class
  net/minecraft/world/entity/ai/gossip/GossipContainer$GossipEntry.class
  net/minecraft/world/entity/ai/gossip/GossipContainer.class
  net/minecraft/world/entity/ai/gossip/GossipType.class
  net/minecraft/world/entity/ai/gossip/package-info.class
  net/minecraft/world/entity/ai/memory/
  net/minecraft/world/entity/ai/memory/ExpirableValue.class
  net/minecraft/world/entity/ai/memory/MemoryModuleType.class
  net/minecraft/world/entity/ai/memory/MemoryStatus.class
  net/minecraft/world/entity/ai/memory/NearestVisibleLivingEntities.class
  net/minecraft/world/entity/ai/memory/WalkTarget.class
  net/minecraft/world/entity/ai/memory/package-info.class
  net/minecraft/world/entity/ai/navigation/
  net/minecraft/world/entity/ai/navigation/AmphibiousPathNavigation.class
  net/minecraft/world/entity/ai/navigation/FlyingPathNavigation.class
  net/minecraft/world/entity/ai/navigation/GroundPathNavigation.class
  net/minecraft/world/entity/ai/navigation/PathNavigation.class
  net/minecraft/world/entity/ai/navigation/WallClimberNavigation.class
  net/minecraft/world/entity/ai/navigation/WaterBoundPathNavigation.class
  net/minecraft/world/entity/ai/navigation/package-info.class
  net/minecraft/world/entity/ai/package-info.class
  net/minecraft/world/entity/ai/sensing/
  net/minecraft/world/entity/ai/sensing/AdultSensor.class
  net/minecraft/world/entity/ai/sensing/AxolotlAttackablesSensor.class
  net/minecraft/world/entity/ai/sensing/BreezeAttackEntitySensor.class
  net/minecraft/world/entity/ai/sensing/DummySensor.class
  net/minecraft/world/entity/ai/sensing/FrogAttackablesSensor.class
  net/minecraft/world/entity/ai/sensing/GolemSensor.class
  net/minecraft/world/entity/ai/sensing/HoglinSpecificSensor.class
  net/minecraft/world/entity/ai/sensing/HurtBySensor.class
  net/minecraft/world/entity/ai/sensing/IsInWaterSensor.class
  net/minecraft/world/entity/ai/sensing/MobSensor.class
  net/minecraft/world/entity/ai/sensing/NearestBedSensor.class
  net/minecraft/world/entity/ai/sensing/NearestItemSensor.class
  net/minecraft/world/entity/ai/sensing/NearestLivingEntitySensor.class
  net/minecraft/world/entity/ai/sensing/NearestVisibleLivingEntitySensor.class
  net/minecraft/world/entity/ai/sensing/PiglinBruteSpecificSensor.class
  net/minecraft/world/entity/ai/sensing/PiglinSpecificSensor.class
  net/minecraft/world/entity/ai/sensing/PlayerSensor.class
  net/minecraft/world/entity/ai/sensing/SecondaryPoiSensor.class
  net/minecraft/world/entity/ai/sensing/Sensing.class
  net/minecraft/world/entity/ai/sensing/Sensor.class
  net/minecraft/world/entity/ai/sensing/SensorType.class
  net/minecraft/world/entity/ai/sensing/TemptingSensor.class
  net/minecraft/world/entity/ai/sensing/VillagerBabiesSensor.class
  net/minecraft/world/entity/ai/sensing/VillagerHostilesSensor.class
  net/minecraft/world/entity/ai/sensing/WardenEntitySensor.class
  net/minecraft/world/entity/ai/sensing/package-info.class
  net/minecraft/world/entity/ai/targeting/
  net/minecraft/world/entity/ai/targeting/TargetingConditions.class
  net/minecraft/world/entity/ai/targeting/package-info.class
  net/minecraft/world/entity/ai/util/
  net/minecraft/world/entity/ai/util/AirAndWaterRandomPos.class
  net/minecraft/world/entity/ai/util/AirRandomPos.class
  net/minecraft/world/entity/ai/util/DefaultRandomPos.class
  net/minecraft/world/entity/ai/util/GoalUtils.class
  net/minecraft/world/entity/ai/util/HoverRandomPos.class
  net/minecraft/world/entity/ai/util/LandRandomPos.class
  net/minecraft/world/entity/ai/util/RandomPos.class
  net/minecraft/world/entity/ai/util/package-info.class
  net/minecraft/world/entity/ai/village/
  net/minecraft/world/entity/ai/village/ReputationEventType$1.class
  net/minecraft/world/entity/ai/village/ReputationEventType.class
  net/minecraft/world/entity/ai/village/VillageSiege$State.class
  net/minecraft/world/entity/ai/village/VillageSiege.class
  net/minecraft/world/entity/ai/village/package-info.class
  net/minecraft/world/entity/ai/village/poi/
  net/minecraft/world/entity/ai/village/poi/PoiManager$DistanceTracker.class
  net/minecraft/world/entity/ai/village/poi/PoiManager$Occupancy.class
  net/minecraft/world/entity/ai/village/poi/PoiManager.class
  net/minecraft/world/entity/ai/village/poi/PoiRecord.class
  net/minecraft/world/entity/ai/village/poi/PoiSection.class
  net/minecraft/world/entity/ai/village/poi/PoiType.class
  net/minecraft/world/entity/ai/village/poi/PoiTypes.class
  net/minecraft/world/entity/ai/village/poi/package-info.class
  net/minecraft/world/entity/ambient/
  net/minecraft/world/entity/ambient/AmbientCreature.class
  net/minecraft/world/entity/ambient/Bat.class
  net/minecraft/world/entity/ambient/package-info.class
  net/minecraft/world/entity/animal/
  net/minecraft/world/entity/animal/AbstractFish$FishMoveControl.class
  net/minecraft/world/entity/animal/AbstractFish$FishSwimGoal.class
  net/minecraft/world/entity/animal/AbstractFish.class
  net/minecraft/world/entity/animal/AbstractGolem.class
  net/minecraft/world/entity/animal/AbstractSchoolingFish$SchoolSpawnGroupData.class
  net/minecraft/world/entity/animal/AbstractSchoolingFish.class
  net/minecraft/world/entity/animal/Animal.class
  net/minecraft/world/entity/animal/Bee$1.class
  net/minecraft/world/entity/animal/Bee$BaseBeeGoal.class
  net/minecraft/world/entity/animal/Bee$BeeAttackGoal.class
  net/minecraft/world/entity/animal/Bee$BeeBecomeAngryTargetGoal.class
  net/minecraft/world/entity/animal/Bee$BeeEnterHiveGoal.class
  net/minecraft/world/entity/animal/Bee$BeeGoToHiveGoal.class
  net/minecraft/world/entity/animal/Bee$BeeGoToKnownFlowerGoal.class
  net/minecraft/world/entity/animal/Bee$BeeGrowCropGoal.class
  net/minecraft/world/entity/animal/Bee$BeeHurtByOtherGoal.class
  net/minecraft/world/entity/animal/Bee$BeeLocateHiveGoal.class
  net/minecraft/world/entity/animal/Bee$BeeLookControl.class
  net/minecraft/world/entity/animal/Bee$BeePollinateGoal.class
  net/minecraft/world/entity/animal/Bee$BeeWanderGoal.class
  net/minecraft/world/entity/animal/Bee.class
  net/minecraft/world/entity/animal/Bucketable.class
  net/minecraft/world/entity/animal/Cat$CatAvoidEntityGoal.class
  net/minecraft/world/entity/animal/Cat$CatRelaxOnOwnerGoal.class
  net/minecraft/world/entity/animal/Cat$CatTemptGoal.class
  net/minecraft/world/entity/animal/Cat.class
  net/minecraft/world/entity/animal/CatVariant.class
  net/minecraft/world/entity/animal/Chicken.class
  net/minecraft/world/entity/animal/Cod.class
  net/minecraft/world/entity/animal/Cow.class
  net/minecraft/world/entity/animal/Dolphin$DolphinSwimToTreasureGoal.class
  net/minecraft/world/entity/animal/Dolphin$DolphinSwimWithPlayerGoal.class
  net/minecraft/world/entity/animal/Dolphin$PlayWithItemsGoal.class
  net/minecraft/world/entity/animal/Dolphin.class
  net/minecraft/world/entity/animal/FlyingAnimal.class
  net/minecraft/world/entity/animal/Fox$DefendTrustedTargetGoal.class
  net/minecraft/world/entity/animal/Fox$FaceplantGoal.class
  net/minecraft/world/entity/animal/Fox$FoxAlertableEntitiesSelector.class
  net/minecraft/world/entity/animal/Fox$FoxBehaviorGoal.class
  net/minecraft/world/entity/animal/Fox$FoxBreedGoal.class
  net/minecraft/world/entity/animal/Fox$FoxEatBerriesGoal.class
  net/minecraft/world/entity/animal/Fox$FoxFloatGoal.class
  net/minecraft/world/entity/animal/Fox$FoxFollowParentGoal.class
  net/minecraft/world/entity/animal/Fox$FoxGroupData.class
  net/minecraft/world/entity/animal/Fox$FoxLookAtPlayerGoal.class
  net/minecraft/world/entity/animal/Fox$FoxLookControl.class
  net/minecraft/world/entity/animal/Fox$FoxMeleeAttackGoal.class
  net/minecraft/world/entity/animal/Fox$FoxMoveControl.class
  net/minecraft/world/entity/animal/Fox$FoxPanicGoal.class
  net/minecraft/world/entity/animal/Fox$FoxPounceGoal.class
  net/minecraft/world/entity/animal/Fox$FoxSearchForItemsGoal.class
  net/minecraft/world/entity/animal/Fox$FoxStrollThroughVillageGoal.class
  net/minecraft/world/entity/animal/Fox$PerchAndSearchGoal.class
  net/minecraft/world/entity/animal/Fox$SeekShelterGoal.class
  net/minecraft/world/entity/animal/Fox$SleepGoal.class
  net/minecraft/world/entity/animal/Fox$StalkPreyGoal.class
  net/minecraft/world/entity/animal/Fox$Type.class
  net/minecraft/world/entity/animal/Fox.class
  net/minecraft/world/entity/animal/FrogVariant.class
  net/minecraft/world/entity/animal/IronGolem.class
  net/minecraft/world/entity/animal/MushroomCow$MushroomType.class
  net/minecraft/world/entity/animal/MushroomCow.class
  net/minecraft/world/entity/animal/Ocelot$OcelotAvoidEntityGoal.class
  net/minecraft/world/entity/animal/Ocelot$OcelotTemptGoal.class
  net/minecraft/world/entity/animal/Ocelot.class
  net/minecraft/world/entity/animal/Panda$Gene.class
  net/minecraft/world/entity/animal/Panda$PandaAttackGoal.class
  net/minecraft/world/entity/animal/Panda$PandaAvoidGoal.class
  net/minecraft/world/entity/animal/Panda$PandaBreedGoal.class
  net/minecraft/world/entity/animal/Panda$PandaHurtByTargetGoal.class
  net/minecraft/world/entity/animal/Panda$PandaLieOnBackGoal.class
  net/minecraft/world/entity/animal/Panda$PandaLookAtPlayerGoal.class
  net/minecraft/world/entity/animal/Panda$PandaMoveControl.class
  net/minecraft/world/entity/animal/Panda$PandaPanicGoal.class
  net/minecraft/world/entity/animal/Panda$PandaRollGoal.class
  net/minecraft/world/entity/animal/Panda$PandaSitGoal.class
  net/minecraft/world/entity/animal/Panda$PandaSneezeGoal.class
  net/minecraft/world/entity/animal/Panda.class
  net/minecraft/world/entity/animal/Parrot$1.class
  net/minecraft/world/entity/animal/Parrot$ParrotWanderGoal.class
  net/minecraft/world/entity/animal/Parrot$Variant.class
  net/minecraft/world/entity/animal/Parrot.class
  net/minecraft/world/entity/animal/Pig.class
  net/minecraft/world/entity/animal/PolarBear$PolarBearAttackPlayersGoal.class
  net/minecraft/world/entity/animal/PolarBear$PolarBearHurtByTargetGoal.class
  net/minecraft/world/entity/animal/PolarBear$PolarBearMeleeAttackGoal.class
  net/minecraft/world/entity/animal/PolarBear.class
  net/minecraft/world/entity/animal/Pufferfish$PufferfishPuffGoal.class
  net/minecraft/world/entity/animal/Pufferfish.class
  net/minecraft/world/entity/animal/Rabbit$RabbitAvoidEntityGoal.class
  net/minecraft/world/entity/animal/Rabbit$RabbitGroupData.class
  net/minecraft/world/entity/animal/Rabbit$RabbitJumpControl.class
  net/minecraft/world/entity/animal/Rabbit$RabbitMoveControl.class
  net/minecraft/world/entity/animal/Rabbit$RabbitPanicGoal.class
  net/minecraft/world/entity/animal/Rabbit$RaidGardenGoal.class
  net/minecraft/world/entity/animal/Rabbit$Variant.class
  net/minecraft/world/entity/animal/Rabbit.class
  net/minecraft/world/entity/animal/Salmon.class
  net/minecraft/world/entity/animal/Sheep$1.class
  net/minecraft/world/entity/animal/Sheep.class
  net/minecraft/world/entity/animal/ShoulderRidingEntity.class
  net/minecraft/world/entity/animal/SnowGolem.class
  net/minecraft/world/entity/animal/Squid$SquidFleeGoal.class
  net/minecraft/world/entity/animal/Squid$SquidRandomMovementGoal.class
  net/minecraft/world/entity/animal/Squid.class
  net/minecraft/world/entity/animal/TropicalFish$Base.class
  net/minecraft/world/entity/animal/TropicalFish$Pattern.class
  net/minecraft/world/entity/animal/TropicalFish$TropicalFishGroupData.class
  net/minecraft/world/entity/animal/TropicalFish$Variant.class
  net/minecraft/world/entity/animal/TropicalFish.class
  net/minecraft/world/entity/animal/Turtle$TurtleBreedGoal.class
  net/minecraft/world/entity/animal/Turtle$TurtleGoHomeGoal.class
  net/minecraft/world/entity/animal/Turtle$TurtleGoToWaterGoal.class
  net/minecraft/world/entity/animal/Turtle$TurtleLayEggGoal.class
  net/minecraft/world/entity/animal/Turtle$TurtleMoveControl.class
  net/minecraft/world/entity/animal/Turtle$TurtlePanicGoal.class
  net/minecraft/world/entity/animal/Turtle$TurtlePathNavigation.class
  net/minecraft/world/entity/animal/Turtle$TurtleRandomStrollGoal.class
  net/minecraft/world/entity/animal/Turtle$TurtleTravelGoal.class
  net/minecraft/world/entity/animal/Turtle.class
  net/minecraft/world/entity/animal/WaterAnimal.class
  net/minecraft/world/entity/animal/Wolf$WolfAvoidEntityGoal.class
  net/minecraft/world/entity/animal/Wolf$WolfPackData.class
  net/minecraft/world/entity/animal/Wolf.class
  net/minecraft/world/entity/animal/WolfVariant.class
  net/minecraft/world/entity/animal/WolfVariants.class
  net/minecraft/world/entity/animal/allay/
  net/minecraft/world/entity/animal/allay/Allay$JukeboxListener.class
  net/minecraft/world/entity/animal/allay/Allay$VibrationUser.class
  net/minecraft/world/entity/animal/allay/Allay.class
  net/minecraft/world/entity/animal/allay/AllayAi.class
  net/minecraft/world/entity/animal/allay/package-info.class
  net/minecraft/world/entity/animal/armadillo/
  net/minecraft/world/entity/animal/armadillo/Armadillo$1.class
  net/minecraft/world/entity/animal/armadillo/Armadillo$ArmadilloState$1.class
  net/minecraft/world/entity/animal/armadillo/Armadillo$ArmadilloState$2.class
  net/minecraft/world/entity/animal/armadillo/Armadillo$ArmadilloState$3.class
  net/minecraft/world/entity/animal/armadillo/Armadillo$ArmadilloState$4.class
  net/minecraft/world/entity/animal/armadillo/Armadillo$ArmadilloState.class
  net/minecraft/world/entity/animal/armadillo/Armadillo.class
  net/minecraft/world/entity/animal/armadillo/ArmadilloAi$1.class
  net/minecraft/world/entity/animal/armadillo/ArmadilloAi$ArmadilloBallUp.class
  net/minecraft/world/entity/animal/armadillo/ArmadilloAi$ArmadilloPanic.class
  net/minecraft/world/entity/animal/armadillo/ArmadilloAi.class
  net/minecraft/world/entity/animal/armadillo/package-info.class
  net/minecraft/world/entity/animal/axolotl/
  net/minecraft/world/entity/animal/axolotl/Axolotl$AxolotlGroupData.class
  net/minecraft/world/entity/animal/axolotl/Axolotl$AxolotlLookControl.class
  net/minecraft/world/entity/animal/axolotl/Axolotl$AxolotlMoveControl.class
  net/minecraft/world/entity/animal/axolotl/Axolotl$Variant.class
  net/minecraft/world/entity/animal/axolotl/Axolotl.class
  net/minecraft/world/entity/animal/axolotl/AxolotlAi.class
  net/minecraft/world/entity/animal/axolotl/PlayDead.class
  net/minecraft/world/entity/animal/axolotl/ValidatePlayDead.class
  net/minecraft/world/entity/animal/axolotl/package-info.class
  net/minecraft/world/entity/animal/camel/
  net/minecraft/world/entity/animal/camel/Camel$CamelBodyRotationControl.class
  net/minecraft/world/entity/animal/camel/Camel$CamelLookControl.class
  net/minecraft/world/entity/animal/camel/Camel$CamelMoveControl.class
  net/minecraft/world/entity/animal/camel/Camel.class
  net/minecraft/world/entity/animal/camel/CamelAi$CamelPanic.class
  net/minecraft/world/entity/animal/camel/CamelAi$RandomSitting.class
  net/minecraft/world/entity/animal/camel/CamelAi.class
  net/minecraft/world/entity/animal/camel/package-info.class
  net/minecraft/world/entity/animal/frog/
  net/minecraft/world/entity/animal/frog/Frog$FrogLookControl.class
  net/minecraft/world/entity/animal/frog/Frog$FrogNodeEvaluator.class
  net/minecraft/world/entity/animal/frog/Frog$FrogPathNavigation.class
  net/minecraft/world/entity/animal/frog/Frog.class
  net/minecraft/world/entity/animal/frog/FrogAi.class
  net/minecraft/world/entity/animal/frog/ShootTongue$State.class
  net/minecraft/world/entity/animal/frog/ShootTongue.class
  net/minecraft/world/entity/animal/frog/Tadpole.class
  net/minecraft/world/entity/animal/frog/TadpoleAi.class
  net/minecraft/world/entity/animal/frog/package-info.class
  net/minecraft/world/entity/animal/goat/
  net/minecraft/world/entity/animal/goat/Goat.class
  net/minecraft/world/entity/animal/goat/GoatAi.class
  net/minecraft/world/entity/animal/goat/package-info.class
  net/minecraft/world/entity/animal/horse/
  net/minecraft/world/entity/animal/horse/AbstractChestedHorse$1.class
  net/minecraft/world/entity/animal/horse/AbstractChestedHorse.class
  net/minecraft/world/entity/animal/horse/AbstractHorse$1.class
  net/minecraft/world/entity/animal/horse/AbstractHorse$2.class
  net/minecraft/world/entity/animal/horse/AbstractHorse.class
  net/minecraft/world/entity/animal/horse/Donkey.class
  net/minecraft/world/entity/animal/horse/Horse$HorseGroupData.class
  net/minecraft/world/entity/animal/horse/Horse.class
  net/minecraft/world/entity/animal/horse/Llama$LlamaAttackWolfGoal.class
  net/minecraft/world/entity/animal/horse/Llama$LlamaGroupData.class
  net/minecraft/world/entity/animal/horse/Llama$LlamaHurtByTargetGoal.class
  net/minecraft/world/entity/animal/horse/Llama$Variant.class
  net/minecraft/world/entity/animal/horse/Llama.class
  net/minecraft/world/entity/animal/horse/Markings.class
  net/minecraft/world/entity/animal/horse/Mule.class
  net/minecraft/world/entity/animal/horse/SkeletonHorse.class
  net/minecraft/world/entity/animal/horse/SkeletonTrapGoal.class
  net/minecraft/world/entity/animal/horse/TraderLlama$TraderLlamaDefendWanderingTraderGoal.class
  net/minecraft/world/entity/animal/horse/TraderLlama.class
  net/minecraft/world/entity/animal/horse/Variant.class
  net/minecraft/world/entity/animal/horse/ZombieHorse.class
  net/minecraft/world/entity/animal/horse/package-info.class
  net/minecraft/world/entity/animal/package-info.class
  net/minecraft/world/entity/animal/sniffer/
  net/minecraft/world/entity/animal/sniffer/Sniffer$State.class
  net/minecraft/world/entity/animal/sniffer/Sniffer.class
  net/minecraft/world/entity/animal/sniffer/SnifferAi$1.class
  net/minecraft/world/entity/animal/sniffer/SnifferAi$2.class
  net/minecraft/world/entity/animal/sniffer/SnifferAi$3.class
  net/minecraft/world/entity/animal/sniffer/SnifferAi$Digging.class
  net/minecraft/world/entity/animal/sniffer/SnifferAi$FeelingHappy.class
  net/minecraft/world/entity/animal/sniffer/SnifferAi$FinishedDigging.class
  net/minecraft/world/entity/animal/sniffer/SnifferAi$Scenting.class
  net/minecraft/world/entity/animal/sniffer/SnifferAi$Searching.class
  net/minecraft/world/entity/animal/sniffer/SnifferAi$Sniffing.class
  net/minecraft/world/entity/animal/sniffer/SnifferAi.class
  net/minecraft/world/entity/animal/sniffer/package-info.class
  net/minecraft/world/entity/boss/
  net/minecraft/world/entity/boss/EnderDragonPart.class
  net/minecraft/world/entity/boss/enderdragon/
  net/minecraft/world/entity/boss/enderdragon/EndCrystal.class
  net/minecraft/world/entity/boss/enderdragon/EnderDragon.class
  net/minecraft/world/entity/boss/enderdragon/package-info.class
  net/minecraft/world/entity/boss/enderdragon/phases/
  net/minecraft/world/entity/boss/enderdragon/phases/AbstractDragonPhaseInstance.class
  net/minecraft/world/entity/boss/enderdragon/phases/AbstractDragonSittingPhase.class
  net/minecraft/world/entity/boss/enderdragon/phases/DragonChargePlayerPhase.class
  net/minecraft/world/entity/boss/enderdragon/phases/DragonDeathPhase.class
  net/minecraft/world/entity/boss/enderdragon/phases/DragonHoldingPatternPhase.class
  net/minecraft/world/entity/boss/enderdragon/phases/DragonHoverPhase.class
  net/minecraft/world/entity/boss/enderdragon/phases/DragonLandingApproachPhase.class
  net/minecraft/world/entity/boss/enderdragon/phases/DragonLandingPhase.class
  net/minecraft/world/entity/boss/enderdragon/phases/DragonPhaseInstance.class
  net/minecraft/world/entity/boss/enderdragon/phases/DragonSittingAttackingPhase.class
  net/minecraft/world/entity/boss/enderdragon/phases/DragonSittingFlamingPhase.class
  net/minecraft/world/entity/boss/enderdragon/phases/DragonSittingScanningPhase.class
  net/minecraft/world/entity/boss/enderdragon/phases/DragonStrafePlayerPhase.class
  net/minecraft/world/entity/boss/enderdragon/phases/DragonTakeoffPhase.class
  net/minecraft/world/entity/boss/enderdragon/phases/EnderDragonPhase.class
  net/minecraft/world/entity/boss/enderdragon/phases/EnderDragonPhaseManager.class
  net/minecraft/world/entity/boss/enderdragon/phases/package-info.class
  net/minecraft/world/entity/boss/package-info.class
  net/minecraft/world/entity/boss/wither/
  net/minecraft/world/entity/boss/wither/WitherBoss$WitherDoNothingGoal.class
  net/minecraft/world/entity/boss/wither/WitherBoss.class
  net/minecraft/world/entity/boss/wither/package-info.class
  net/minecraft/world/entity/decoration/
  net/minecraft/world/entity/decoration/ArmorStand$1.class
  net/minecraft/world/entity/decoration/ArmorStand.class
  net/minecraft/world/entity/decoration/BlockAttachedEntity.class
  net/minecraft/world/entity/decoration/GlowItemFrame.class
  net/minecraft/world/entity/decoration/HangingEntity$1.class
  net/minecraft/world/entity/decoration/HangingEntity.class
  net/minecraft/world/entity/decoration/ItemFrame.class
  net/minecraft/world/entity/decoration/LeashFenceKnotEntity.class
  net/minecraft/world/entity/decoration/Painting.class
  net/minecraft/world/entity/decoration/PaintingVariant.class
  net/minecraft/world/entity/decoration/PaintingVariants.class
  net/minecraft/world/entity/decoration/package-info.class
  net/minecraft/world/entity/item/
  net/minecraft/world/entity/item/FallingBlockEntity.class
  net/minecraft/world/entity/item/ItemEntity.class
  net/minecraft/world/entity/item/PrimedTnt$1.class
  net/minecraft/world/entity/item/PrimedTnt.class
  net/minecraft/world/entity/item/package-info.class
  net/minecraft/world/entity/monster/
  net/minecraft/world/entity/monster/AbstractIllager$IllagerArmPose.class
  net/minecraft/world/entity/monster/AbstractIllager$RaiderOpenDoorGoal.class
  net/minecraft/world/entity/monster/AbstractIllager.class
  net/minecraft/world/entity/monster/AbstractSkeleton$1.class
  net/minecraft/world/entity/monster/AbstractSkeleton.class
  net/minecraft/world/entity/monster/Blaze$BlazeAttackGoal.class
  net/minecraft/world/entity/monster/Blaze.class
  net/minecraft/world/entity/monster/Bogged.class
  net/minecraft/world/entity/monster/CaveSpider.class
  net/minecraft/world/entity/monster/Creeper.class
  net/minecraft/world/entity/monster/CrossbowAttackMob.class
  net/minecraft/world/entity/monster/Drowned$DrownedAttackGoal.class
  net/minecraft/world/entity/monster/Drowned$DrownedGoToBeachGoal.class
  net/minecraft/world/entity/monster/Drowned$DrownedGoToWaterGoal.class
  net/minecraft/world/entity/monster/Drowned$DrownedMoveControl.class
  net/minecraft/world/entity/monster/Drowned$DrownedSwimUpGoal.class
  net/minecraft/world/entity/monster/Drowned$DrownedTridentAttackGoal.class
  net/minecraft/world/entity/monster/Drowned.class
  net/minecraft/world/entity/monster/ElderGuardian.class
  net/minecraft/world/entity/monster/EnderMan$EndermanFreezeWhenLookedAt.class
  net/minecraft/world/entity/monster/EnderMan$EndermanLeaveBlockGoal.class
  net/minecraft/world/entity/monster/EnderMan$EndermanLookForPlayerGoal.class
  net/minecraft/world/entity/monster/EnderMan$EndermanTakeBlockGoal.class
  net/minecraft/world/entity/monster/EnderMan.class
  net/minecraft/world/entity/monster/Endermite.class
  net/minecraft/world/entity/monster/Enemy.class
  net/minecraft/world/entity/monster/Evoker$EvokerAttackSpellGoal.class
  net/minecraft/world/entity/monster/Evoker$EvokerCastingSpellGoal.class
  net/minecraft/world/entity/monster/Evoker$EvokerSummonSpellGoal.class
  net/minecraft/world/entity/monster/Evoker$EvokerWololoSpellGoal.class
  net/minecraft/world/entity/monster/Evoker.class
  net/minecraft/world/entity/monster/Ghast$GhastLookGoal.class
  net/minecraft/world/entity/monster/Ghast$GhastMoveControl.class
  net/minecraft/world/entity/monster/Ghast$GhastShootFireballGoal.class
  net/minecraft/world/entity/monster/Ghast$RandomFloatAroundGoal.class
  net/minecraft/world/entity/monster/Ghast.class
  net/minecraft/world/entity/monster/Giant.class
  net/minecraft/world/entity/monster/Guardian$GuardianAttackGoal.class
  net/minecraft/world/entity/monster/Guardian$GuardianAttackSelector.class
  net/minecraft/world/entity/monster/Guardian$GuardianMoveControl.class
  net/minecraft/world/entity/monster/Guardian.class
  net/minecraft/world/entity/monster/Husk.class
  net/minecraft/world/entity/monster/Illusioner$IllusionerBlindnessSpellGoal.class
  net/minecraft/world/entity/monster/Illusioner$IllusionerMirrorSpellGoal.class
  net/minecraft/world/entity/monster/Illusioner.class
  net/minecraft/world/entity/monster/MagmaCube.class
  net/minecraft/world/entity/monster/Monster.class
  net/minecraft/world/entity/monster/PatrollingMonster$LongDistancePatrolGoal.class
  net/minecraft/world/entity/monster/PatrollingMonster.class
  net/minecraft/world/entity/monster/Phantom$AttackPhase.class
  net/minecraft/world/entity/monster/Phantom$PhantomAttackPlayerTargetGoal.class
  net/minecraft/world/entity/monster/Phantom$PhantomAttackStrategyGoal.class
  net/minecraft/world/entity/monster/Phantom$PhantomBodyRotationControl.class
  net/minecraft/world/entity/monster/Phantom$PhantomCircleAroundAnchorGoal.class
  net/minecraft/world/entity/monster/Phantom$PhantomLookControl.class
  net/minecraft/world/entity/monster/Phantom$PhantomMoveControl.class
  net/minecraft/world/entity/monster/Phantom$PhantomMoveTargetGoal.class
  net/minecraft/world/entity/monster/Phantom$PhantomSweepAttackGoal.class
  net/minecraft/world/entity/monster/Phantom.class
  net/minecraft/world/entity/monster/Pillager.class
  net/minecraft/world/entity/monster/RangedAttackMob.class
  net/minecraft/world/entity/monster/Ravager.class
  net/minecraft/world/entity/monster/Shulker$ShulkerAttackGoal.class
  net/minecraft/world/entity/monster/Shulker$ShulkerBodyRotationControl.class
  net/minecraft/world/entity/monster/Shulker$ShulkerDefenseAttackGoal.class
  net/minecraft/world/entity/monster/Shulker$ShulkerLookControl.class
  net/minecraft/world/entity/monster/Shulker$ShulkerNearestAttackGoal.class
  net/minecraft/world/entity/monster/Shulker$ShulkerPeekGoal.class
  net/minecraft/world/entity/monster/Shulker.class
  net/minecraft/world/entity/monster/Silverfish$SilverfishMergeWithStoneGoal.class
  net/minecraft/world/entity/monster/Silverfish$SilverfishWakeUpFriendsGoal.class
  net/minecraft/world/entity/monster/Silverfish.class
  net/minecraft/world/entity/monster/Skeleton.class
  net/minecraft/world/entity/monster/Slime$SlimeAttackGoal.class
  net/minecraft/world/entity/monster/Slime$SlimeFloatGoal.class
  net/minecraft/world/entity/monster/Slime$SlimeKeepOnJumpingGoal.class
  net/minecraft/world/entity/monster/Slime$SlimeMoveControl.class
  net/minecraft/world/entity/monster/Slime$SlimeRandomDirectionGoal.class
  net/minecraft/world/entity/monster/Slime.class
  net/minecraft/world/entity/monster/SpellcasterIllager$IllagerSpell.class
  net/minecraft/world/entity/monster/SpellcasterIllager$SpellcasterCastingSpellGoal.class
  net/minecraft/world/entity/monster/SpellcasterIllager$SpellcasterUseSpellGoal.class
  net/minecraft/world/entity/monster/SpellcasterIllager.class
  net/minecraft/world/entity/monster/Spider$SpiderAttackGoal.class
  net/minecraft/world/entity/monster/Spider$SpiderEffectsGroupData.class
  net/minecraft/world/entity/monster/Spider$SpiderTargetGoal.class
  net/minecraft/world/entity/monster/Spider.class
  net/minecraft/world/entity/monster/Stray.class
  net/minecraft/world/entity/monster/Strider$StriderGoToLavaGoal.class
  net/minecraft/world/entity/monster/Strider$StriderPathNavigation.class
  net/minecraft/world/entity/monster/Strider.class
  net/minecraft/world/entity/monster/Vex$VexChargeAttackGoal.class
  net/minecraft/world/entity/monster/Vex$VexCopyOwnerTargetGoal.class
  net/minecraft/world/entity/monster/Vex$VexMoveControl.class
  net/minecraft/world/entity/monster/Vex$VexRandomMoveGoal.class
  net/minecraft/world/entity/monster/Vex.class
  net/minecraft/world/entity/monster/Vindicator$VindicatorBreakDoorGoal.class
  net/minecraft/world/entity/monster/Vindicator$VindicatorJohnnyAttackGoal.class
  net/minecraft/world/entity/monster/Vindicator.class
  net/minecraft/world/entity/monster/Witch.class
  net/minecraft/world/entity/monster/WitherSkeleton.class
  net/minecraft/world/entity/monster/Zoglin.class
  net/minecraft/world/entity/monster/Zombie$ZombieAttackTurtleEggGoal.class
  net/minecraft/world/entity/monster/Zombie$ZombieGroupData.class
  net/minecraft/world/entity/monster/Zombie.class
  net/minecraft/world/entity/monster/ZombieVillager.class
  net/minecraft/world/entity/monster/ZombifiedPiglin.class
  net/minecraft/world/entity/monster/breeze/
  net/minecraft/world/entity/monster/breeze/Breeze$1.class
  net/minecraft/world/entity/monster/breeze/Breeze.class
  net/minecraft/world/entity/monster/breeze/BreezeAi$SlideToTargetSink.class
  net/minecraft/world/entity/monster/breeze/BreezeAi.class
  net/minecraft/world/entity/monster/breeze/BreezeUtil.class
  net/minecraft/world/entity/monster/breeze/LongJump.class
  net/minecraft/world/entity/monster/breeze/Shoot.class
  net/minecraft/world/entity/monster/breeze/ShootWhenStuck.class
  net/minecraft/world/entity/monster/breeze/Slide.class
  net/minecraft/world/entity/monster/breeze/package-info.class
  net/minecraft/world/entity/monster/hoglin/
  net/minecraft/world/entity/monster/hoglin/Hoglin.class
  net/minecraft/world/entity/monster/hoglin/HoglinAi.class
  net/minecraft/world/entity/monster/hoglin/HoglinBase.class
  net/minecraft/world/entity/monster/hoglin/package-info.class
  net/minecraft/world/entity/monster/package-info.class
  net/minecraft/world/entity/monster/piglin/
  net/minecraft/world/entity/monster/piglin/AbstractPiglin.class
  net/minecraft/world/entity/monster/piglin/Piglin.class
  net/minecraft/world/entity/monster/piglin/PiglinAi.class
  net/minecraft/world/entity/monster/piglin/PiglinArmPose.class
  net/minecraft/world/entity/monster/piglin/PiglinBrute.class
  net/minecraft/world/entity/monster/piglin/PiglinBruteAi.class
  net/minecraft/world/entity/monster/piglin/RememberIfHoglinWasKilled.class
  net/minecraft/world/entity/monster/piglin/StartAdmiringItemIfSeen.class
  net/minecraft/world/entity/monster/piglin/StartHuntingHoglin.class
  net/minecraft/world/entity/monster/piglin/StopAdmiringIfItemTooFarAway.class
  net/minecraft/world/entity/monster/piglin/StopAdmiringIfTiredOfTryingToReachItem.class
  net/minecraft/world/entity/monster/piglin/StopHoldingItemIfNoLongerAdmiring.class
  net/minecraft/world/entity/monster/piglin/package-info.class
  net/minecraft/world/entity/monster/warden/
  net/minecraft/world/entity/monster/warden/AngerLevel.class
  net/minecraft/world/entity/monster/warden/AngerManagement$1.class
  net/minecraft/world/entity/monster/warden/AngerManagement$Sorter.class
  net/minecraft/world/entity/monster/warden/AngerManagement.class
  net/minecraft/world/entity/monster/warden/Warden$1$1.class
  net/minecraft/world/entity/monster/warden/Warden$1.class
  net/minecraft/world/entity/monster/warden/Warden$2.class
  net/minecraft/world/entity/monster/warden/Warden$VibrationUser.class
  net/minecraft/world/entity/monster/warden/Warden.class
  net/minecraft/world/entity/monster/warden/WardenAi.class
  net/minecraft/world/entity/monster/warden/WardenSpawnTracker.class
  net/minecraft/world/entity/monster/warden/package-info.class
  net/minecraft/world/entity/npc/
  net/minecraft/world/entity/npc/AbstractVillager.class
  net/minecraft/world/entity/npc/CatSpawner.class
  net/minecraft/world/entity/npc/ClientSideMerchant.class
  net/minecraft/world/entity/npc/InventoryCarrier.class
  net/minecraft/world/entity/npc/Npc.class
  net/minecraft/world/entity/npc/Villager.class
  net/minecraft/world/entity/npc/VillagerData.class
  net/minecraft/world/entity/npc/VillagerDataHolder.class
  net/minecraft/world/entity/npc/VillagerProfession.class
  net/minecraft/world/entity/npc/VillagerTrades$DyedArmorForEmeralds.class
  net/minecraft/world/entity/npc/VillagerTrades$EmeraldForItems.class
  net/minecraft/world/entity/npc/VillagerTrades$EmeraldsForVillagerTypeItem.class
  net/minecraft/world/entity/npc/VillagerTrades$EnchantBookForEmeralds.class
  net/minecraft/world/entity/npc/VillagerTrades$EnchantedItemForEmeralds.class
  net/minecraft/world/entity/npc/VillagerTrades$FailureItemListing.class
  net/minecraft/world/entity/npc/VillagerTrades$ItemListing.class
  net/minecraft/world/entity/npc/VillagerTrades$ItemsAndEmeraldsToItems.class
  net/minecraft/world/entity/npc/VillagerTrades$ItemsForEmeralds.class
  net/minecraft/world/entity/npc/VillagerTrades$SuspiciousStewForEmerald.class
  net/minecraft/world/entity/npc/VillagerTrades$TippedArrowForItemsAndEmeralds.class
  net/minecraft/world/entity/npc/VillagerTrades$TreasureMapForEmeralds.class
  net/minecraft/world/entity/npc/VillagerTrades$TypeSpecificTrade.class
  net/minecraft/world/entity/npc/VillagerTrades.class
  net/minecraft/world/entity/npc/VillagerType.class
  net/minecraft/world/entity/npc/WanderingTrader$WanderToPositionGoal.class
  net/minecraft/world/entity/npc/WanderingTrader.class
  net/minecraft/world/entity/npc/WanderingTraderSpawner.class
  net/minecraft/world/entity/npc/package-info.class
  net/minecraft/world/entity/package-info.class
  net/minecraft/world/entity/player/
  net/minecraft/world/entity/player/Abilities.class
  net/minecraft/world/entity/player/ChatVisiblity.class
  net/minecraft/world/entity/player/Inventory.class
  net/minecraft/world/entity/player/Player$1.class
  net/minecraft/world/entity/player/Player$2.class
  net/minecraft/world/entity/player/Player$BedSleepingProblem.class
  net/minecraft/world/entity/player/Player.class
  net/minecraft/world/entity/player/PlayerModelPart.class
  net/minecraft/world/entity/player/ProfileKeyPair.class
  net/minecraft/world/entity/player/ProfilePublicKey$Data.class
  net/minecraft/world/entity/player/ProfilePublicKey$ValidationException.class
  net/minecraft/world/entity/player/ProfilePublicKey.class
  net/minecraft/world/entity/player/StackedContents$RecipePicker.class
  net/minecraft/world/entity/player/StackedContents.class
  net/minecraft/world/entity/player/package-info.class
  net/minecraft/world/entity/projectile/
  net/minecraft/world/entity/projectile/AbstractArrow$Pickup.class
  net/minecraft/world/entity/projectile/AbstractArrow.class
  net/minecraft/world/entity/projectile/AbstractHurtingProjectile.class
  net/minecraft/world/entity/projectile/Arrow.class
  net/minecraft/world/entity/projectile/DragonFireball.class
  net/minecraft/world/entity/projectile/EvokerFangs.class
  net/minecraft/world/entity/projectile/EyeOfEnder.class
  net/minecraft/world/entity/projectile/Fireball.class
  net/minecraft/world/entity/projectile/FireworkRocketEntity.class
  net/minecraft/world/entity/projectile/FishingHook$FishHookState.class
  net/minecraft/world/entity/projectile/FishingHook$OpenWaterType.class
  net/minecraft/world/entity/projectile/FishingHook.class
  net/minecraft/world/entity/projectile/ItemSupplier.class
  net/minecraft/world/entity/projectile/LargeFireball.class
  net/minecraft/world/entity/projectile/LlamaSpit.class
  net/minecraft/world/entity/projectile/Projectile.class
  net/minecraft/world/entity/projectile/ProjectileDeflection.class
  net/minecraft/world/entity/projectile/ProjectileUtil.class
  net/minecraft/world/entity/projectile/ShulkerBullet.class
  net/minecraft/world/entity/projectile/SmallFireball.class
  net/minecraft/world/entity/projectile/Snowball.class
  net/minecraft/world/entity/projectile/SpectralArrow.class
  net/minecraft/world/entity/projectile/ThrowableItemProjectile.class
  net/minecraft/world/entity/projectile/ThrowableProjectile.class
  net/minecraft/world/entity/projectile/ThrownEgg.class
  net/minecraft/world/entity/projectile/ThrownEnderpearl.class
  net/minecraft/world/entity/projectile/ThrownExperienceBottle.class
  net/minecraft/world/entity/projectile/ThrownPotion.class
  net/minecraft/world/entity/projectile/ThrownTrident.class
  net/minecraft/world/entity/projectile/WitherSkull.class
  net/minecraft/world/entity/projectile/package-info.class
  net/minecraft/world/entity/projectile/windcharge/
  net/minecraft/world/entity/projectile/windcharge/AbstractWindCharge.class
  net/minecraft/world/entity/projectile/windcharge/BreezeWindCharge.class
  net/minecraft/world/entity/projectile/windcharge/WindCharge.class
  net/minecraft/world/entity/raid/
  net/minecraft/world/entity/raid/Raid$1.class
  net/minecraft/world/entity/raid/Raid$RaidStatus.class
  net/minecraft/world/entity/raid/Raid$RaiderType.class
  net/minecraft/world/entity/raid/Raid.class
  net/minecraft/world/entity/raid/Raider$HoldGroundAttackGoal.class
  net/minecraft/world/entity/raid/Raider$ObtainRaidLeaderBannerGoal.class
  net/minecraft/world/entity/raid/Raider$RaiderCelebration.class
  net/minecraft/world/entity/raid/Raider$RaiderMoveThroughVillageGoal.class
  net/minecraft/world/entity/raid/Raider.class
  net/minecraft/world/entity/raid/Raids.class
  net/minecraft/world/entity/raid/package-info.class
  net/minecraft/world/entity/schedule/
  net/minecraft/world/entity/schedule/Activity.class
  net/minecraft/world/entity/schedule/Keyframe.class
  net/minecraft/world/entity/schedule/Schedule.class
  net/minecraft/world/entity/schedule/ScheduleBuilder$ActivityTransition.class
  net/minecraft/world/entity/schedule/ScheduleBuilder.class
  net/minecraft/world/entity/schedule/Timeline.class
  net/minecraft/world/entity/schedule/package-info.class
  net/minecraft/world/entity/vehicle/
  net/minecraft/world/entity/vehicle/AbstractMinecart$1.class
  net/minecraft/world/entity/vehicle/AbstractMinecart$Type.class
  net/minecraft/world/entity/vehicle/AbstractMinecart.class
  net/minecraft/world/entity/vehicle/AbstractMinecartContainer.class
  net/minecraft/world/entity/vehicle/Boat$Status.class
  net/minecraft/world/entity/vehicle/Boat$Type.class
  net/minecraft/world/entity/vehicle/Boat.class
  net/minecraft/world/entity/vehicle/ChestBoat$1.class
  net/minecraft/world/entity/vehicle/ChestBoat.class
  net/minecraft/world/entity/vehicle/ContainerEntity$1.class
  net/minecraft/world/entity/vehicle/ContainerEntity.class
  net/minecraft/world/entity/vehicle/DismountHelper.class
  net/minecraft/world/entity/vehicle/Minecart.class
  net/minecraft/world/entity/vehicle/MinecartChest.class
  net/minecraft/world/entity/vehicle/MinecartCommandBlock$MinecartCommandBase.class
  net/minecraft/world/entity/vehicle/MinecartCommandBlock.class
  net/minecraft/world/entity/vehicle/MinecartFurnace.class
  net/minecraft/world/entity/vehicle/MinecartHopper.class
  net/minecraft/world/entity/vehicle/MinecartSpawner$1.class
  net/minecraft/world/entity/vehicle/MinecartSpawner.class
  net/minecraft/world/entity/vehicle/MinecartTNT.class
  net/minecraft/world/entity/vehicle/VehicleEntity.class
  net/minecraft/world/entity/vehicle/package-info.class
  net/minecraft/world/flag/
  net/minecraft/world/flag/FeatureElement.class
  net/minecraft/world/flag/FeatureFlag.class
  net/minecraft/world/flag/FeatureFlagRegistry$Builder.class
  net/minecraft/world/flag/FeatureFlagRegistry.class
  net/minecraft/world/flag/FeatureFlagSet.class
  net/minecraft/world/flag/FeatureFlagUniverse.class
  net/minecraft/world/flag/FeatureFlags.class
  net/minecraft/world/flag/package-info.class
  net/minecraft/world/food/
  net/minecraft/world/food/FoodConstants.class
  net/minecraft/world/food/FoodData.class
  net/minecraft/world/food/FoodProperties$Builder.class
  net/minecraft/world/food/FoodProperties$PossibleEffect.class
  net/minecraft/world/food/FoodProperties.class
  net/minecraft/world/food/Foods.class
  net/minecraft/world/food/package-info.class
  net/minecraft/world/inventory/
  net/minecraft/world/inventory/AbstractContainerMenu$1.class
  net/minecraft/world/inventory/AbstractContainerMenu.class
  net/minecraft/world/inventory/AbstractFurnaceMenu.class
  net/minecraft/world/inventory/AnvilMenu.class
  net/minecraft/world/inventory/ArmorSlot.class
  net/minecraft/world/inventory/BeaconMenu$1.class
  net/minecraft/world/inventory/BeaconMenu$PaymentSlot.class
  net/minecraft/world/inventory/BeaconMenu.class
  net/minecraft/world/inventory/BlastFurnaceMenu.class
  net/minecraft/world/inventory/BrewingStandMenu$FuelSlot.class
  net/minecraft/world/inventory/BrewingStandMenu$IngredientsSlot.class
  net/minecraft/world/inventory/BrewingStandMenu$PotionSlot.class
  net/minecraft/world/inventory/BrewingStandMenu.class
  net/minecraft/world/inventory/CartographyTableMenu$1.class
  net/minecraft/world/inventory/CartographyTableMenu$2.class
  net/minecraft/world/inventory/CartographyTableMenu$3.class
  net/minecraft/world/inventory/CartographyTableMenu$4.class
  net/minecraft/world/inventory/CartographyTableMenu$5.class
  net/minecraft/world/inventory/CartographyTableMenu.class
  net/minecraft/world/inventory/ChestMenu.class
  net/minecraft/world/inventory/ClickAction.class
  net/minecraft/world/inventory/ClickType.class
  net/minecraft/world/inventory/ContainerData.class
  net/minecraft/world/inventory/ContainerLevelAccess$1.class
  net/minecraft/world/inventory/ContainerLevelAccess$2.class
  net/minecraft/world/inventory/ContainerLevelAccess.class
  net/minecraft/world/inventory/ContainerListener.class
  net/minecraft/world/inventory/ContainerSynchronizer.class
  net/minecraft/world/inventory/CrafterMenu.class
  net/minecraft/world/inventory/CrafterSlot.class
  net/minecraft/world/inventory/CraftingContainer.class
  net/minecraft/world/inventory/CraftingMenu.class
  net/minecraft/world/inventory/DataSlot$1.class
  net/minecraft/world/inventory/DataSlot$2.class
  net/minecraft/world/inventory/DataSlot$3.class
  net/minecraft/world/inventory/DataSlot.class
  net/minecraft/world/inventory/DispenserMenu.class
  net/minecraft/world/inventory/EnchantmentMenu$1.class
  net/minecraft/world/inventory/EnchantmentMenu$2.class
  net/minecraft/world/inventory/EnchantmentMenu$3.class
  net/minecraft/world/inventory/EnchantmentMenu.class
  net/minecraft/world/inventory/FurnaceFuelSlot.class
  net/minecraft/world/inventory/FurnaceMenu.class
  net/minecraft/world/inventory/FurnaceResultSlot.class
  net/minecraft/world/inventory/GrindstoneMenu$1.class
  net/minecraft/world/inventory/GrindstoneMenu$2.class
  net/minecraft/world/inventory/GrindstoneMenu$3.class
  net/minecraft/world/inventory/GrindstoneMenu$4.class
  net/minecraft/world/inventory/GrindstoneMenu.class
  net/minecraft/world/inventory/HopperMenu.class
  net/minecraft/world/inventory/HorseInventoryMenu$1.class
  net/minecraft/world/inventory/HorseInventoryMenu$2.class
  net/minecraft/world/inventory/HorseInventoryMenu.class
  net/minecraft/world/inventory/InventoryMenu$1.class
  net/minecraft/world/inventory/InventoryMenu.class
  net/minecraft/world/inventory/ItemCombinerMenu$1.class
  net/minecraft/world/inventory/ItemCombinerMenu$2.class
  net/minecraft/world/inventory/ItemCombinerMenu$3.class
  net/minecraft/world/inventory/ItemCombinerMenu.class
  net/minecraft/world/inventory/ItemCombinerMenuSlotDefinition$Builder.class
  net/minecraft/world/inventory/ItemCombinerMenuSlotDefinition$SlotDefinition.class
  net/minecraft/world/inventory/ItemCombinerMenuSlotDefinition.class
  net/minecraft/world/inventory/LecternMenu$1.class
  net/minecraft/world/inventory/LecternMenu.class
  net/minecraft/world/inventory/LoomMenu$1.class
  net/minecraft/world/inventory/LoomMenu$2.class
  net/minecraft/world/inventory/LoomMenu$3.class
  net/minecraft/world/inventory/LoomMenu$4.class
  net/minecraft/world/inventory/LoomMenu$5.class
  net/minecraft/world/inventory/LoomMenu$6.class
  net/minecraft/world/inventory/LoomMenu.class
  net/minecraft/world/inventory/MenuConstructor.class
  net/minecraft/world/inventory/MenuType$MenuSupplier.class
  net/minecraft/world/inventory/MenuType.class
  net/minecraft/world/inventory/MerchantContainer.class
  net/minecraft/world/inventory/MerchantMenu.class
  net/minecraft/world/inventory/MerchantResultSlot.class
  net/minecraft/world/inventory/NonInteractiveResultSlot.class
  net/minecraft/world/inventory/PlayerEnderChestContainer.class
  net/minecraft/world/inventory/RecipeBookMenu.class
  net/minecraft/world/inventory/RecipeBookType.class
  net/minecraft/world/inventory/RecipeCraftingHolder.class
  net/minecraft/world/inventory/ResultContainer.class
  net/minecraft/world/inventory/ResultSlot.class
  net/minecraft/world/inventory/ShulkerBoxMenu.class
  net/minecraft/world/inventory/ShulkerBoxSlot.class
  net/minecraft/world/inventory/SimpleContainerData.class
  net/minecraft/world/inventory/Slot.class
  net/minecraft/world/inventory/SlotRange$1.class
  net/minecraft/world/inventory/SlotRange.class
  net/minecraft/world/inventory/SlotRanges.class
  net/minecraft/world/inventory/SmithingMenu.class
  net/minecraft/world/inventory/SmokerMenu.class
  net/minecraft/world/inventory/StackedContentsCompatible.class
  net/minecraft/world/inventory/StonecutterMenu$1.class
  net/minecraft/world/inventory/StonecutterMenu$2.class
  net/minecraft/world/inventory/StonecutterMenu.class
  net/minecraft/world/inventory/TransientCraftingContainer.class
  net/minecraft/world/inventory/package-info.class
  net/minecraft/world/inventory/tooltip/
  net/minecraft/world/inventory/tooltip/BundleTooltip.class
  net/minecraft/world/inventory/tooltip/TooltipComponent.class
  net/minecraft/world/inventory/tooltip/package-info.class
  net/minecraft/world/item/
  net/minecraft/world/item/AdventureModePredicate.class
  net/minecraft/world/item/AirItem.class
  net/minecraft/world/item/AnimalArmorItem$BodyType.class
  net/minecraft/world/item/AnimalArmorItem.class
  net/minecraft/world/item/ArmorItem$1.class
  net/minecraft/world/item/ArmorItem$Type.class
  net/minecraft/world/item/ArmorItem.class
  net/minecraft/world/item/ArmorMaterial$Layer.class
  net/minecraft/world/item/ArmorMaterial.class
  net/minecraft/world/item/ArmorMaterials.class
  net/minecraft/world/item/ArmorStandItem.class
  net/minecraft/world/item/ArrowItem.class
  net/minecraft/world/item/AxeItem.class
  net/minecraft/world/item/BannerItem.class
  net/minecraft/world/item/BannerPatternItem.class
  net/minecraft/world/item/BedItem.class
  net/minecraft/world/item/BlockItem.class
  net/minecraft/world/item/BoatItem.class
  net/minecraft/world/item/BoneMealItem$1.class
  net/minecraft/world/item/BoneMealItem.class
  net/minecraft/world/item/BookItem.class
  net/minecraft/world/item/BottleItem.class
  net/minecraft/world/item/BowItem.class
  net/minecraft/world/item/BrushItem$1.class
  net/minecraft/world/item/BrushItem$DustParticlesDelta.class
  net/minecraft/world/item/BrushItem.class
  net/minecraft/world/item/BucketItem.class
  net/minecraft/world/item/BundleItem.class
  net/minecraft/world/item/ChorusFruitItem.class
  net/minecraft/world/item/CompassItem.class
  net/minecraft/world/item/ComplexItem.class
  net/minecraft/world/item/CreativeModeTab$Builder.class
  net/minecraft/world/item/CreativeModeTab$DisplayItemsGenerator.class
  net/minecraft/world/item/CreativeModeTab$ItemDisplayBuilder.class
  net/minecraft/world/item/CreativeModeTab$ItemDisplayParameters.class
  net/minecraft/world/item/CreativeModeTab$Output.class
  net/minecraft/world/item/CreativeModeTab$Row.class
  net/minecraft/world/item/CreativeModeTab$TabVisibility.class
  net/minecraft/world/item/CreativeModeTab$Type.class
  net/minecraft/world/item/CreativeModeTab.class
  net/minecraft/world/item/CreativeModeTabs.class
  net/minecraft/world/item/CrossbowItem$ChargingSounds.class
  net/minecraft/world/item/CrossbowItem.class
  net/minecraft/world/item/DebugStickItem.class
  net/minecraft/world/item/DiggerItem.class
  net/minecraft/world/item/DiscFragmentItem.class
  net/minecraft/world/item/DispensibleContainerItem.class
  net/minecraft/world/item/DoubleHighBlockItem.class
  net/minecraft/world/item/DyeColor.class
  net/minecraft/world/item/DyeItem.class
  net/minecraft/world/item/EggItem.class
  net/minecraft/world/item/EitherHolder.class
  net/minecraft/world/item/ElytraItem.class
  net/minecraft/world/item/EmptyMapItem.class
  net/minecraft/world/item/EnchantedBookItem.class
  net/minecraft/world/item/EndCrystalItem.class
  net/minecraft/world/item/EnderEyeItem.class
  net/minecraft/world/item/EnderpearlItem.class
  net/minecraft/world/item/Equipable.class
  net/minecraft/world/item/ExperienceBottleItem.class
  net/minecraft/world/item/FireChargeItem.class
  net/minecraft/world/item/FireworkRocketItem.class
  net/minecraft/world/item/FireworkStarItem.class
  net/minecraft/world/item/FishingRodItem.class
  net/minecraft/world/item/FlintAndSteelItem.class
  net/minecraft/world/item/FoodOnAStickItem.class
  net/minecraft/world/item/GameMasterBlockItem.class
  net/minecraft/world/item/GlowInkSacItem.class
  net/minecraft/world/item/HangingEntityItem.class
  net/minecraft/world/item/HangingSignItem.class
  net/minecraft/world/item/HoeItem.class
  net/minecraft/world/item/HoneyBottleItem.class
  net/minecraft/world/item/HoneycombItem.class
  net/minecraft/world/item/InkSacItem.class
  net/minecraft/world/item/Instrument.class
  net/minecraft/world/item/InstrumentItem.class
  net/minecraft/world/item/Instruments.class
  net/minecraft/world/item/Item$Properties.class
  net/minecraft/world/item/Item$TooltipContext$1.class
  net/minecraft/world/item/Item$TooltipContext$2.class
  net/minecraft/world/item/Item$TooltipContext$3.class
  net/minecraft/world/item/Item$TooltipContext.class
  net/minecraft/world/item/Item.class
  net/minecraft/world/item/ItemCooldowns$CooldownInstance.class
  net/minecraft/world/item/ItemCooldowns.class
  net/minecraft/world/item/ItemDisplayContext.class
  net/minecraft/world/item/ItemFrameItem.class
  net/minecraft/world/item/ItemNameBlockItem.class
  net/minecraft/world/item/ItemStack$1.class
  net/minecraft/world/item/ItemStack$2.class
  net/minecraft/world/item/ItemStack$3.class
  net/minecraft/world/item/ItemStack$4.class
  net/minecraft/world/item/ItemStack.class
  net/minecraft/world/item/ItemStackLinkedSet$1.class
  net/minecraft/world/item/ItemStackLinkedSet.class
  net/minecraft/world/item/ItemUtils.class
  net/minecraft/world/item/Items.class
  net/minecraft/world/item/JukeboxPlayable.class
  net/minecraft/world/item/JukeboxSong.class
  net/minecraft/world/item/JukeboxSongPlayer$OnSongChanged.class
  net/minecraft/world/item/JukeboxSongPlayer.class
  net/minecraft/world/item/JukeboxSongs.class
  net/minecraft/world/item/KnowledgeBookItem.class
  net/minecraft/world/item/LeadItem.class
  net/minecraft/world/item/LingeringPotionItem.class
  net/minecraft/world/item/MaceItem.class
  net/minecraft/world/item/MapItem$1.class
  net/minecraft/world/item/MapItem.class
  net/minecraft/world/item/MilkBucketItem.class
  net/minecraft/world/item/MinecartItem$1.class
  net/minecraft/world/item/MinecartItem.class
  net/minecraft/world/item/MobBucketItem.class
  net/minecraft/world/item/NameTagItem.class
  net/minecraft/world/item/OminousBottleItem.class
  net/minecraft/world/item/PickaxeItem.class
  net/minecraft/world/item/PlaceOnWaterBlockItem.class
  net/minecraft/world/item/PlayerHeadItem.class
  net/minecraft/world/item/PotionItem.class
  net/minecraft/world/item/ProjectileItem$DispenseConfig$Builder.class
  net/minecraft/world/item/ProjectileItem$DispenseConfig.class
  net/minecraft/world/item/ProjectileItem$PositionFunction.class
  net/minecraft/world/item/ProjectileItem.class
  net/minecraft/world/item/ProjectileWeaponItem.class
  net/minecraft/world/item/Rarity.class
  net/minecraft/world/item/SaddleItem.class
  net/minecraft/world/item/ScaffoldingBlockItem.class
  net/minecraft/world/item/ServerItemCooldowns.class
  net/minecraft/world/item/ShearsItem.class
  net/minecraft/world/item/ShieldItem.class
  net/minecraft/world/item/ShovelItem.class
  net/minecraft/world/item/SignApplicator.class
  net/minecraft/world/item/SignItem.class
  net/minecraft/world/item/SmithingTemplateItem.class
  net/minecraft/world/item/SnowballItem.class
  net/minecraft/world/item/SolidBucketItem.class
  net/minecraft/world/item/SpawnEggItem.class
  net/minecraft/world/item/SpectralArrowItem.class
  net/minecraft/world/item/SplashPotionItem.class
  net/minecraft/world/item/SpyglassItem.class
  net/minecraft/world/item/StandingAndWallBlockItem.class
  net/minecraft/world/item/SuspiciousStewItem.class
  net/minecraft/world/item/SwordItem.class
  net/minecraft/world/item/ThrowablePotionItem.class
  net/minecraft/world/item/Tier.class
  net/minecraft/world/item/TieredItem.class
  net/minecraft/world/item/Tiers.class
  net/minecraft/world/item/TippedArrowItem.class
  net/minecraft/world/item/TooltipFlag$Default.class
  net/minecraft/world/item/TooltipFlag.class
  net/minecraft/world/item/TridentItem.class
  net/minecraft/world/item/UseAnim.class
  net/minecraft/world/item/WindChargeItem.class
  net/minecraft/world/item/WritableBookItem.class
  net/minecraft/world/item/WrittenBookItem.class
  net/minecraft/world/item/alchemy/
  net/minecraft/world/item/alchemy/Potion.class
  net/minecraft/world/item/alchemy/PotionBrewing$Builder.class
  net/minecraft/world/item/alchemy/PotionBrewing$Mix.class
  net/minecraft/world/item/alchemy/PotionBrewing.class
  net/minecraft/world/item/alchemy/PotionContents.class
  net/minecraft/world/item/alchemy/Potions.class
  net/minecraft/world/item/alchemy/package-info.class
  net/minecraft/world/item/armortrim/
  net/minecraft/world/item/armortrim/ArmorTrim.class
  net/minecraft/world/item/armortrim/TrimMaterial.class
  net/minecraft/world/item/armortrim/TrimMaterials.class
  net/minecraft/world/item/armortrim/TrimPattern.class
  net/minecraft/world/item/armortrim/TrimPatterns.class
  net/minecraft/world/item/armortrim/package-info.class
  net/minecraft/world/item/component/
  net/minecraft/world/item/component/BlockItemStateProperties.class
  net/minecraft/world/item/component/BookContent.class
  net/minecraft/world/item/component/BundleContents$Mutable.class
  net/minecraft/world/item/component/BundleContents.class
  net/minecraft/world/item/component/ChargedProjectiles.class
  net/minecraft/world/item/component/CustomData.class
  net/minecraft/world/item/component/CustomModelData.class
  net/minecraft/world/item/component/DebugStickState.class
  net/minecraft/world/item/component/DyedItemColor.class
  net/minecraft/world/item/component/FireworkExplosion$Shape.class
  net/minecraft/world/item/component/FireworkExplosion.class
  net/minecraft/world/item/component/Fireworks.class
  net/minecraft/world/item/component/ItemAttributeModifiers$1.class
  net/minecraft/world/item/component/ItemAttributeModifiers$Builder.class
  net/minecraft/world/item/component/ItemAttributeModifiers$Entry.class
  net/minecraft/world/item/component/ItemAttributeModifiers.class
  net/minecraft/world/item/component/ItemContainerContents$Slot.class
  net/minecraft/world/item/component/ItemContainerContents.class
  net/minecraft/world/item/component/ItemLore.class
  net/minecraft/world/item/component/LodestoneTracker.class
  net/minecraft/world/item/component/MapDecorations$Entry.class
  net/minecraft/world/item/component/MapDecorations.class
  net/minecraft/world/item/component/MapItemColor.class
  net/minecraft/world/item/component/MapPostProcessing.class
  net/minecraft/world/item/component/ResolvableProfile.class
  net/minecraft/world/item/component/SeededContainerLoot.class
  net/minecraft/world/item/component/SuspiciousStewEffects$Entry.class
  net/minecraft/world/item/component/SuspiciousStewEffects.class
  net/minecraft/world/item/component/Tool$Rule.class
  net/minecraft/world/item/component/Tool.class
  net/minecraft/world/item/component/TooltipProvider.class
  net/minecraft/world/item/component/Unbreakable.class
  net/minecraft/world/item/component/WritableBookContent.class
  net/minecraft/world/item/component/WrittenBookContent.class
  net/minecraft/world/item/component/package-info.class
  net/minecraft/world/item/context/
  net/minecraft/world/item/context/BlockPlaceContext.class
  net/minecraft/world/item/context/DirectionalPlaceContext$1.class
  net/minecraft/world/item/context/DirectionalPlaceContext.class
  net/minecraft/world/item/context/UseOnContext.class
  net/minecraft/world/item/context/package-info.class
  net/minecraft/world/item/crafting/
  net/minecraft/world/item/crafting/AbstractCookingRecipe$Factory.class
  net/minecraft/world/item/crafting/AbstractCookingRecipe.class
  net/minecraft/world/item/crafting/ArmorDyeRecipe.class
  net/minecraft/world/item/crafting/BannerDuplicateRecipe.class
  net/minecraft/world/item/crafting/BlastingRecipe.class
  net/minecraft/world/item/crafting/BookCloningRecipe.class
  net/minecraft/world/item/crafting/CampfireCookingRecipe.class
  net/minecraft/world/item/crafting/CookingBookCategory.class
  net/minecraft/world/item/crafting/CraftingBookCategory.class
  net/minecraft/world/item/crafting/CraftingInput$Positioned.class
  net/minecraft/world/item/crafting/CraftingInput.class
  net/minecraft/world/item/crafting/CraftingRecipe.class
  net/minecraft/world/item/crafting/CustomRecipe.class
  net/minecraft/world/item/crafting/DecoratedPotRecipe.class
  net/minecraft/world/item/crafting/FireworkRocketRecipe.class
  net/minecraft/world/item/crafting/FireworkStarFadeRecipe.class
  net/minecraft/world/item/crafting/FireworkStarRecipe.class
  net/minecraft/world/item/crafting/Ingredient$ItemValue.class
  net/minecraft/world/item/crafting/Ingredient$TagValue.class
  net/minecraft/world/item/crafting/Ingredient$Value.class
  net/minecraft/world/item/crafting/Ingredient.class
  net/minecraft/world/item/crafting/MapCloningRecipe.class
  net/minecraft/world/item/crafting/MapExtendingRecipe.class
  net/minecraft/world/item/crafting/Recipe.class
  net/minecraft/world/item/crafting/RecipeCache$Entry.class
  net/minecraft/world/item/crafting/RecipeCache.class
  net/minecraft/world/item/crafting/RecipeHolder.class
  net/minecraft/world/item/crafting/RecipeInput.class
  net/minecraft/world/item/crafting/RecipeManager$1.class
  net/minecraft/world/item/crafting/RecipeManager$CachedCheck.class
  net/minecraft/world/item/crafting/RecipeManager.class
  net/minecraft/world/item/crafting/RecipeSerializer.class
  net/minecraft/world/item/crafting/RecipeType$1.class
  net/minecraft/world/item/crafting/RecipeType.class
  net/minecraft/world/item/crafting/RepairItemRecipe.class
  net/minecraft/world/item/crafting/ShapedRecipe$Serializer.class
  net/minecraft/world/item/crafting/ShapedRecipe.class
  net/minecraft/world/item/crafting/ShapedRecipePattern$Data.class
  net/minecraft/world/item/crafting/ShapedRecipePattern.class
  net/minecraft/world/item/crafting/ShapelessRecipe$Serializer.class
  net/minecraft/world/item/crafting/ShapelessRecipe.class
  net/minecraft/world/item/crafting/ShieldDecorationRecipe.class
  net/minecraft/world/item/crafting/ShulkerBoxColoring.class
  net/minecraft/world/item/crafting/SimpleCookingSerializer.class
  net/minecraft/world/item/crafting/SimpleCraftingRecipeSerializer$Factory.class
  net/minecraft/world/item/crafting/SimpleCraftingRecipeSerializer.class
  net/minecraft/world/item/crafting/SingleItemRecipe$Factory.class
  net/minecraft/world/item/crafting/SingleItemRecipe$Serializer.class
  net/minecraft/world/item/crafting/SingleItemRecipe.class
  net/minecraft/world/item/crafting/SingleRecipeInput.class
  net/minecraft/world/item/crafting/SmeltingRecipe.class
  net/minecraft/world/item/crafting/SmithingRecipe.class
  net/minecraft/world/item/crafting/SmithingRecipeInput.class
  net/minecraft/world/item/crafting/SmithingTransformRecipe$Serializer.class
  net/minecraft/world/item/crafting/SmithingTransformRecipe.class
  net/minecraft/world/item/crafting/SmithingTrimRecipe$Serializer.class
  net/minecraft/world/item/crafting/SmithingTrimRecipe.class
  net/minecraft/world/item/crafting/SmokingRecipe.class
  net/minecraft/world/item/crafting/StonecutterRecipe.class
  net/minecraft/world/item/crafting/SuspiciousStewRecipe.class
  net/minecraft/world/item/crafting/TippedArrowRecipe.class
  net/minecraft/world/item/crafting/package-info.class
  net/minecraft/world/item/enchantment/
  net/minecraft/world/item/enchantment/ConditionalEffect.class
  net/minecraft/world/item/enchantment/EnchantedItemInUse.class
  net/minecraft/world/item/enchantment/Enchantment$1.class
  net/minecraft/world/item/enchantment/Enchantment$Builder.class
  net/minecraft/world/item/enchantment/Enchantment$Cost.class
  net/minecraft/world/item/enchantment/Enchantment$EnchantmentDefinition.class
  net/minecraft/world/item/enchantment/Enchantment.class
  net/minecraft/world/item/enchantment/EnchantmentEffectComponents.class
  net/minecraft/world/item/enchantment/EnchantmentHelper$EnchantmentInSlotVisitor.class
  net/minecraft/world/item/enchantment/EnchantmentHelper$EnchantmentVisitor.class
  net/minecraft/world/item/enchantment/EnchantmentHelper.class
  net/minecraft/world/item/enchantment/EnchantmentInstance.class
  net/minecraft/world/item/enchantment/EnchantmentTarget.class
  net/minecraft/world/item/enchantment/Enchantments.class
  net/minecraft/world/item/enchantment/ItemEnchantments$Mutable.class
  net/minecraft/world/item/enchantment/ItemEnchantments.class
  net/minecraft/world/item/enchantment/LevelBasedValue$Clamped.class
  net/minecraft/world/item/enchantment/LevelBasedValue$Constant.class
  net/minecraft/world/item/enchantment/LevelBasedValue$Fraction.class
  net/minecraft/world/item/enchantment/LevelBasedValue$LevelsSquared.class
  net/minecraft/world/item/enchantment/LevelBasedValue$Linear.class
  net/minecraft/world/item/enchantment/LevelBasedValue$Lookup.class
  net/minecraft/world/item/enchantment/LevelBasedValue.class
  net/minecraft/world/item/enchantment/TargetedConditionalEffect.class
  net/minecraft/world/item/enchantment/effects/
  net/minecraft/world/item/enchantment/effects/AddValue.class
  net/minecraft/world/item/enchantment/effects/AllOf$EntityEffects.class
  net/minecraft/world/item/enchantment/effects/AllOf$LocationBasedEffects.class
  net/minecraft/world/item/enchantment/effects/AllOf$ValueEffects.class
  net/minecraft/world/item/enchantment/effects/AllOf.class
  net/minecraft/world/item/enchantment/effects/ApplyMobEffect.class
  net/minecraft/world/item/enchantment/effects/DamageEntity.class
  net/minecraft/world/item/enchantment/effects/DamageImmunity.class
  net/minecraft/world/item/enchantment/effects/DamageItem.class
  net/minecraft/world/item/enchantment/effects/EnchantmentAttributeEffect.class
  net/minecraft/world/item/enchantment/effects/EnchantmentEntityEffect.class
  net/minecraft/world/item/enchantment/effects/EnchantmentLocationBasedEffect.class
  net/minecraft/world/item/enchantment/effects/EnchantmentValueEffect.class
  net/minecraft/world/item/enchantment/effects/ExplodeEffect.class
  net/minecraft/world/item/enchantment/effects/Ignite.class
  net/minecraft/world/item/enchantment/effects/MultiplyValue.class
  net/minecraft/world/item/enchantment/effects/PlaySoundEffect.class
  net/minecraft/world/item/enchantment/effects/RemoveBinomial.class
  net/minecraft/world/item/enchantment/effects/ReplaceBlock.class
  net/minecraft/world/item/enchantment/effects/ReplaceDisk.class
  net/minecraft/world/item/enchantment/effects/RunFunction.class
  net/minecraft/world/item/enchantment/effects/SetBlockProperties.class
  net/minecraft/world/item/enchantment/effects/SetValue.class
  net/minecraft/world/item/enchantment/effects/SpawnParticlesEffect$PositionSource.class
  net/minecraft/world/item/enchantment/effects/SpawnParticlesEffect$PositionSourceType$CoordinateSource.class
  net/minecraft/world/item/enchantment/effects/SpawnParticlesEffect$PositionSourceType.class
  net/minecraft/world/item/enchantment/effects/SpawnParticlesEffect$VelocitySource.class
  net/minecraft/world/item/enchantment/effects/SpawnParticlesEffect.class
  net/minecraft/world/item/enchantment/effects/SummonEntityEffect.class
  net/minecraft/world/item/enchantment/effects/package-info.class
  net/minecraft/world/item/enchantment/package-info.class
  net/minecraft/world/item/enchantment/providers/
  net/minecraft/world/item/enchantment/providers/EnchantmentProvider.class
  net/minecraft/world/item/enchantment/providers/EnchantmentProviderTypes.class
  net/minecraft/world/item/enchantment/providers/EnchantmentsByCost.class
  net/minecraft/world/item/enchantment/providers/EnchantmentsByCostWithDifficulty.class
  net/minecraft/world/item/enchantment/providers/SingleEnchantment.class
  net/minecraft/world/item/enchantment/providers/TradeRebalanceEnchantmentProviders.class
  net/minecraft/world/item/enchantment/providers/VanillaEnchantmentProviders.class
  net/minecraft/world/item/enchantment/providers/package-info.class
  net/minecraft/world/item/package-info.class
  net/minecraft/world/item/trading/
  net/minecraft/world/item/trading/ItemCost.class
  net/minecraft/world/item/trading/Merchant.class
  net/minecraft/world/item/trading/MerchantOffer.class
  net/minecraft/world/item/trading/MerchantOffers.class
  net/minecraft/world/item/trading/package-info.class
  net/minecraft/world/level/
  net/minecraft/world/level/BaseCommandBlock.class
  net/minecraft/world/level/BaseSpawner.class
  net/minecraft/world/level/BlockAndTintGetter.class
  net/minecraft/world/level/BlockCollisions.class
  net/minecraft/world/level/BlockEventData.class
  net/minecraft/world/level/BlockGetter.class
  net/minecraft/world/level/ChunkPos$1.class
  net/minecraft/world/level/ChunkPos.class
  net/minecraft/world/level/ClipBlockStateContext.class
  net/minecraft/world/level/ClipContext$Block.class
  net/minecraft/world/level/ClipContext$Fluid.class
  net/minecraft/world/level/ClipContext$ShapeGetter.class
  net/minecraft/world/level/ClipContext.class
  net/minecraft/world/level/CollisionGetter.class
  net/minecraft/world/level/ColorResolver.class
  net/minecraft/world/level/CommonLevelAccessor.class
  net/minecraft/world/level/CustomSpawner.class
  net/minecraft/world/level/DataPackConfig.class
  net/minecraft/world/level/EmptyBlockGetter.class
  net/minecraft/world/level/EntityBasedExplosionDamageCalculator.class
  net/minecraft/world/level/EntityGetter.class
  net/minecraft/world/level/Explosion$BlockInteraction.class
  net/minecraft/world/level/Explosion.class
  net/minecraft/world/level/ExplosionDamageCalculator.class
  net/minecraft/world/level/FoliageColor.class
  net/minecraft/world/level/ForcedChunksSavedData.class
  net/minecraft/world/level/GameRules$BooleanValue.class
  net/minecraft/world/level/GameRules$Category.class
  net/minecraft/world/level/GameRules$GameRuleTypeVisitor.class
  net/minecraft/world/level/GameRules$IntegerValue.class
  net/minecraft/world/level/GameRules$Key.class
  net/minecraft/world/level/GameRules$Type.class
  net/minecraft/world/level/GameRules$Value.class
  net/minecraft/world/level/GameRules$VisitorCaller.class
  net/minecraft/world/level/GameRules.class
  net/minecraft/world/level/GameType.class
  net/minecraft/world/level/GrassColor.class
  net/minecraft/world/level/ItemLike.class
  net/minecraft/world/level/Level$1.class
  net/minecraft/world/level/Level$ExplosionInteraction.class
  net/minecraft/world/level/Level.class
  net/minecraft/world/level/LevelAccessor.class
  net/minecraft/world/level/LevelHeightAccessor$1.class
  net/minecraft/world/level/LevelHeightAccessor.class
  net/minecraft/world/level/LevelReader.class
  net/minecraft/world/level/LevelSettings.class
  net/minecraft/world/level/LevelSimulatedRW.class
  net/minecraft/world/level/LevelSimulatedReader.class
  net/minecraft/world/level/LevelTimeAccess.class
  net/minecraft/world/level/LevelWriter.class
  net/minecraft/world/level/LightLayer.class
  net/minecraft/world/level/LocalMobCapCalculator$MobCounts.class
  net/minecraft/world/level/LocalMobCapCalculator.class
  net/minecraft/world/level/NaturalSpawner$AfterSpawnCallback.class
  net/minecraft/world/level/NaturalSpawner$ChunkGetter.class
  net/minecraft/world/level/NaturalSpawner$SpawnPredicate.class
  net/minecraft/world/level/NaturalSpawner$SpawnState.class
  net/minecraft/world/level/NaturalSpawner.class
  net/minecraft/world/level/NoiseColumn.class
  net/minecraft/world/level/PathNavigationRegion.class
  net/minecraft/world/level/PotentialCalculator$PointCharge.class
  net/minecraft/world/level/PotentialCalculator.class
  net/minecraft/world/level/ServerLevelAccessor.class
  net/minecraft/world/level/SignalGetter.class
  net/minecraft/world/level/SimpleExplosionDamageCalculator.class
  net/minecraft/world/level/SpawnData$CustomSpawnRules.class
  net/minecraft/world/level/SpawnData.class
  net/minecraft/world/level/Spawner.class
  net/minecraft/world/level/StructureManager.class
  net/minecraft/world/level/WorldDataConfiguration.class
  net/minecraft/world/level/WorldGenLevel.class
  net/minecraft/world/level/biome/
  net/minecraft/world/level/biome/AmbientAdditionsSettings.class
  net/minecraft/world/level/biome/AmbientMoodSettings.class
  net/minecraft/world/level/biome/AmbientParticleSettings.class
  net/minecraft/world/level/biome/Biome$1.class
  net/minecraft/world/level/biome/Biome$BiomeBuilder.class
  net/minecraft/world/level/biome/Biome$ClimateSettings.class
  net/minecraft/world/level/biome/Biome$Precipitation.class
  net/minecraft/world/level/biome/Biome$TemperatureModifier$1.class
  net/minecraft/world/level/biome/Biome$TemperatureModifier$2.class
  net/minecraft/world/level/biome/Biome$TemperatureModifier.class
  net/minecraft/world/level/biome/Biome.class
  net/minecraft/world/level/biome/BiomeGenerationSettings$Builder.class
  net/minecraft/world/level/biome/BiomeGenerationSettings$PlainBuilder.class
  net/minecraft/world/level/biome/BiomeGenerationSettings.class
  net/minecraft/world/level/biome/BiomeManager$NoiseBiomeSource.class
  net/minecraft/world/level/biome/BiomeManager.class
  net/minecraft/world/level/biome/BiomeResolver.class
  net/minecraft/world/level/biome/BiomeSource.class
  net/minecraft/world/level/biome/BiomeSources.class
  net/minecraft/world/level/biome/BiomeSpecialEffects$Builder.class
  net/minecraft/world/level/biome/BiomeSpecialEffects$GrassColorModifier$1.class
  net/minecraft/world/level/biome/BiomeSpecialEffects$GrassColorModifier$2.class
  net/minecraft/world/level/biome/BiomeSpecialEffects$GrassColorModifier$3.class
  net/minecraft/world/level/biome/BiomeSpecialEffects$GrassColorModifier.class
  net/minecraft/world/level/biome/BiomeSpecialEffects.class
  net/minecraft/world/level/biome/Biomes.class
  net/minecraft/world/level/biome/CheckerboardColumnBiomeSource.class
  net/minecraft/world/level/biome/Climate$DistanceMetric.class
  net/minecraft/world/level/biome/Climate$Parameter.class
  net/minecraft/world/level/biome/Climate$ParameterList.class
  net/minecraft/world/level/biome/Climate$ParameterPoint.class
  net/minecraft/world/level/biome/Climate$RTree$Leaf.class
  net/minecraft/world/level/biome/Climate$RTree$Node.class
  net/minecraft/world/level/biome/Climate$RTree$SubTree.class
  net/minecraft/world/level/biome/Climate$RTree.class
  net/minecraft/world/level/biome/Climate$Sampler.class
  net/minecraft/world/level/biome/Climate$SpawnFinder$Result.class
  net/minecraft/world/level/biome/Climate$SpawnFinder.class
  net/minecraft/world/level/biome/Climate$TargetPoint.class
  net/minecraft/world/level/biome/Climate.class
  net/minecraft/world/level/biome/FeatureSorter$1FeatureData.class
  net/minecraft/world/level/biome/FeatureSorter$StepFeatureData.class
  net/minecraft/world/level/biome/FeatureSorter.class
  net/minecraft/world/level/biome/FixedBiomeSource.class
  net/minecraft/world/level/biome/MobSpawnSettings$Builder.class
  net/minecraft/world/level/biome/MobSpawnSettings$MobSpawnCost.class
  net/minecraft/world/level/biome/MobSpawnSettings$SpawnerData.class
  net/minecraft/world/level/biome/MobSpawnSettings.class
  net/minecraft/world/level/biome/MultiNoiseBiomeSource.class
  net/minecraft/world/level/biome/MultiNoiseBiomeSourceParameterList$Preset$1.class
  net/minecraft/world/level/biome/MultiNoiseBiomeSourceParameterList$Preset$2.class
  net/minecraft/world/level/biome/MultiNoiseBiomeSourceParameterList$Preset$SourceProvider.class
  net/minecraft/world/level/biome/MultiNoiseBiomeSourceParameterList$Preset.class
  net/minecraft/world/level/biome/MultiNoiseBiomeSourceParameterList.class
  net/minecraft/world/level/biome/MultiNoiseBiomeSourceParameterLists.class
  net/minecraft/world/level/biome/OverworldBiomeBuilder.class
  net/minecraft/world/level/biome/TheEndBiomeSource.class
  net/minecraft/world/level/biome/package-info.class
  net/minecraft/world/level/block/
  net/minecraft/world/level/block/AbstractBannerBlock.class
  net/minecraft/world/level/block/AbstractCandleBlock.class
  net/minecraft/world/level/block/AbstractCauldronBlock.class
  net/minecraft/world/level/block/AbstractChestBlock.class
  net/minecraft/world/level/block/AbstractFurnaceBlock.class
  net/minecraft/world/level/block/AbstractSkullBlock.class
  net/minecraft/world/level/block/AirBlock.class
  net/minecraft/world/level/block/AmethystBlock.class
  net/minecraft/world/level/block/AmethystClusterBlock$1.class
  net/minecraft/world/level/block/AmethystClusterBlock.class
  net/minecraft/world/level/block/AnvilBlock.class
  net/minecraft/world/level/block/AttachedStemBlock.class
  net/minecraft/world/level/block/AzaleaBlock.class
  net/minecraft/world/level/block/BambooSaplingBlock.class
  net/minecraft/world/level/block/BambooStalkBlock.class
  net/minecraft/world/level/block/BannerBlock.class
  net/minecraft/world/level/block/BarrelBlock.class
  net/minecraft/world/level/block/BarrierBlock.class
  net/minecraft/world/level/block/BaseCoralFanBlock.class
  net/minecraft/world/level/block/BaseCoralPlantBlock.class
  net/minecraft/world/level/block/BaseCoralPlantTypeBlock.class
  net/minecraft/world/level/block/BaseCoralWallFanBlock.class
  net/minecraft/world/level/block/BaseEntityBlock.class
  net/minecraft/world/level/block/BaseFireBlock.class
  net/minecraft/world/level/block/BasePressurePlateBlock.class
  net/minecraft/world/level/block/BaseRailBlock$1.class
  net/minecraft/world/level/block/BaseRailBlock.class
  net/minecraft/world/level/block/BaseTorchBlock.class
  net/minecraft/world/level/block/BeaconBeamBlock.class
  net/minecraft/world/level/block/BeaconBlock.class
  net/minecraft/world/level/block/BedBlock$1.class
  net/minecraft/world/level/block/BedBlock.class
  net/minecraft/world/level/block/BeehiveBlock.class
  net/minecraft/world/level/block/BeetrootBlock.class
  net/minecraft/world/level/block/BellBlock$1.class
  net/minecraft/world/level/block/BellBlock.class
  net/minecraft/world/level/block/BigDripleafBlock.class
  net/minecraft/world/level/block/BigDripleafStemBlock$1.class
  net/minecraft/world/level/block/BigDripleafStemBlock.class
  net/minecraft/world/level/block/BlastFurnaceBlock.class
  net/minecraft/world/level/block/Block$1.class
  net/minecraft/world/level/block/Block$2.class
  net/minecraft/world/level/block/Block$BlockStatePairKey.class
  net/minecraft/world/level/block/Block.class
  net/minecraft/world/level/block/BlockTypes.class
  net/minecraft/world/level/block/Blocks.class
  net/minecraft/world/level/block/BonemealableBlock$Type.class
  net/minecraft/world/level/block/BonemealableBlock.class
  net/minecraft/world/level/block/BrewingStandBlock.class
  net/minecraft/world/level/block/BrushableBlock.class
  net/minecraft/world/level/block/BubbleColumnBlock.class
  net/minecraft/world/level/block/BucketPickup.class
  net/minecraft/world/level/block/BuddingAmethystBlock.class
  net/minecraft/world/level/block/BushBlock.class
  net/minecraft/world/level/block/ButtonBlock$1.class
  net/minecraft/world/level/block/ButtonBlock.class
  net/minecraft/world/level/block/CactusBlock.class
  net/minecraft/world/level/block/CakeBlock.class
  net/minecraft/world/level/block/CalibratedSculkSensorBlock.class
  net/minecraft/world/level/block/CampfireBlock.class
  net/minecraft/world/level/block/CandleBlock.class
  net/minecraft/world/level/block/CandleCakeBlock.class
  net/minecraft/world/level/block/CarpetBlock.class
  net/minecraft/world/level/block/CarrotBlock.class
  net/minecraft/world/level/block/CartographyTableBlock.class
  net/minecraft/world/level/block/CarvedPumpkinBlock.class
  net/minecraft/world/level/block/CauldronBlock.class
  net/minecraft/world/level/block/CaveVines.class
  net/minecraft/world/level/block/CaveVinesBlock.class
  net/minecraft/world/level/block/CaveVinesPlantBlock.class
  net/minecraft/world/level/block/CeilingHangingSignBlock.class
  net/minecraft/world/level/block/ChainBlock$1.class
  net/minecraft/world/level/block/ChainBlock.class
  net/minecraft/world/level/block/ChangeOverTimeBlock.class
  net/minecraft/world/level/block/CherryLeavesBlock.class
  net/minecraft/world/level/block/ChestBlock$1.class
  net/minecraft/world/level/block/ChestBlock$2$1.class
  net/minecraft/world/level/block/ChestBlock$2.class
  net/minecraft/world/level/block/ChestBlock$3.class
  net/minecraft/world/level/block/ChestBlock$4.class
  net/minecraft/world/level/block/ChestBlock.class
  net/minecraft/world/level/block/ChiseledBookShelfBlock$1.class
  net/minecraft/world/level/block/ChiseledBookShelfBlock.class
  net/minecraft/world/level/block/ChorusFlowerBlock.class
  net/minecraft/world/level/block/ChorusPlantBlock.class
  net/minecraft/world/level/block/CocoaBlock$1.class
  net/minecraft/world/level/block/CocoaBlock.class
  net/minecraft/world/level/block/ColoredFallingBlock.class
  net/minecraft/world/level/block/CommandBlock.class
  net/minecraft/world/level/block/ComparatorBlock.class
  net/minecraft/world/level/block/ComposterBlock$EmptyContainer.class
  net/minecraft/world/level/block/ComposterBlock$InputContainer.class
  net/minecraft/world/level/block/ComposterBlock$OutputContainer.class
  net/minecraft/world/level/block/ComposterBlock.class
  net/minecraft/world/level/block/ConcretePowderBlock.class
  net/minecraft/world/level/block/ConduitBlock.class
  net/minecraft/world/level/block/CopperBulbBlock.class
  net/minecraft/world/level/block/CoralBlock.class
  net/minecraft/world/level/block/CoralFanBlock.class
  net/minecraft/world/level/block/CoralPlantBlock.class
  net/minecraft/world/level/block/CoralWallFanBlock.class
  net/minecraft/world/level/block/CrafterBlock$1.class
  net/minecraft/world/level/block/CrafterBlock.class
  net/minecraft/world/level/block/CraftingTableBlock.class
  net/minecraft/world/level/block/CropBlock.class
  net/minecraft/world/level/block/CrossCollisionBlock$1.class
  net/minecraft/world/level/block/CrossCollisionBlock.class
  net/minecraft/world/level/block/CryingObsidianBlock.class
  net/minecraft/world/level/block/DaylightDetectorBlock.class
  net/minecraft/world/level/block/DeadBushBlock.class
  net/minecraft/world/level/block/DecoratedPotBlock.class
  net/minecraft/world/level/block/DetectorRailBlock$1.class
  net/minecraft/world/level/block/DetectorRailBlock.class
  net/minecraft/world/level/block/DiodeBlock.class
  net/minecraft/world/level/block/DirectionalBlock.class
  net/minecraft/world/level/block/DirtPathBlock.class
  net/minecraft/world/level/block/DispenserBlock.class
  net/minecraft/world/level/block/DoorBlock$1.class
  net/minecraft/world/level/block/DoorBlock.class
  net/minecraft/world/level/block/DoubleBlockCombiner$BlockType.class
  net/minecraft/world/level/block/DoubleBlockCombiner$Combiner.class
  net/minecraft/world/level/block/DoubleBlockCombiner$NeighborCombineResult$Double.class
  net/minecraft/world/level/block/DoubleBlockCombiner$NeighborCombineResult$Single.class
  net/minecraft/world/level/block/DoubleBlockCombiner$NeighborCombineResult.class
  net/minecraft/world/level/block/DoubleBlockCombiner.class
  net/minecraft/world/level/block/DoublePlantBlock.class
  net/minecraft/world/level/block/DragonEggBlock.class
  net/minecraft/world/level/block/DropExperienceBlock.class
  net/minecraft/world/level/block/DropperBlock.class
  net/minecraft/world/level/block/EnchantingTableBlock.class
  net/minecraft/world/level/block/EndGatewayBlock.class
  net/minecraft/world/level/block/EndPortalBlock.class
  net/minecraft/world/level/block/EndPortalFrameBlock.class
  net/minecraft/world/level/block/EndRodBlock.class
  net/minecraft/world/level/block/EnderChestBlock.class
  net/minecraft/world/level/block/EntityBlock.class
  net/minecraft/world/level/block/EquipableCarvedPumpkinBlock.class
  net/minecraft/world/level/block/FaceAttachedHorizontalDirectionalBlock$1.class
  net/minecraft/world/level/block/FaceAttachedHorizontalDirectionalBlock.class
  net/minecraft/world/level/block/Fallable.class
  net/minecraft/world/level/block/FallingBlock.class
  net/minecraft/world/level/block/FarmBlock.class
  net/minecraft/world/level/block/FenceBlock.class
  net/minecraft/world/level/block/FenceGateBlock$1.class
  net/minecraft/world/level/block/FenceGateBlock.class
  net/minecraft/world/level/block/FireBlock.class
  net/minecraft/world/level/block/FletchingTableBlock.class
  net/minecraft/world/level/block/FlowerBlock.class
  net/minecraft/world/level/block/FlowerPotBlock.class
  net/minecraft/world/level/block/FrogspawnBlock.class
  net/minecraft/world/level/block/FrostedIceBlock.class
  net/minecraft/world/level/block/FungusBlock.class
  net/minecraft/world/level/block/FurnaceBlock.class
  net/minecraft/world/level/block/GameMasterBlock.class
  net/minecraft/world/level/block/GlazedTerracottaBlock.class
  net/minecraft/world/level/block/GlowLichenBlock.class
  net/minecraft/world/level/block/GrassBlock.class
  net/minecraft/world/level/block/GrindstoneBlock$1.class
  net/minecraft/world/level/block/GrindstoneBlock.class
  net/minecraft/world/level/block/GrowingPlantBlock.class
  net/minecraft/world/level/block/GrowingPlantBodyBlock.class
  net/minecraft/world/level/block/GrowingPlantHeadBlock.class
  net/minecraft/world/level/block/HalfTransparentBlock.class
  net/minecraft/world/level/block/HangingRootsBlock.class
  net/minecraft/world/level/block/HayBlock.class
  net/minecraft/world/level/block/HeavyCoreBlock.class
  net/minecraft/world/level/block/HoneyBlock.class
  net/minecraft/world/level/block/HopperBlock$1.class
  net/minecraft/world/level/block/HopperBlock.class
  net/minecraft/world/level/block/HorizontalDirectionalBlock.class
  net/minecraft/world/level/block/HugeMushroomBlock.class
  net/minecraft/world/level/block/IceBlock.class
  net/minecraft/world/level/block/InfestedBlock.class
  net/minecraft/world/level/block/InfestedRotatedPillarBlock.class
  net/minecraft/world/level/block/IronBarsBlock.class
  net/minecraft/world/level/block/JigsawBlock.class
  net/minecraft/world/level/block/JukeboxBlock.class
  net/minecraft/world/level/block/KelpBlock.class
  net/minecraft/world/level/block/KelpPlantBlock.class
  net/minecraft/world/level/block/LadderBlock$1.class
  net/minecraft/world/level/block/LadderBlock.class
  net/minecraft/world/level/block/LanternBlock.class
  net/minecraft/world/level/block/LavaCauldronBlock.class
  net/minecraft/world/level/block/LayeredCauldronBlock.class
  net/minecraft/world/level/block/LeavesBlock.class
  net/minecraft/world/level/block/LecternBlock$1.class
  net/minecraft/world/level/block/LecternBlock.class
  net/minecraft/world/level/block/LevelEvent.class
  net/minecraft/world/level/block/LeverBlock$1.class
  net/minecraft/world/level/block/LeverBlock.class
  net/minecraft/world/level/block/LightBlock.class
  net/minecraft/world/level/block/LightningRodBlock.class
  net/minecraft/world/level/block/LiquidBlock.class
  net/minecraft/world/level/block/LiquidBlockContainer.class
  net/minecraft/world/level/block/LoomBlock.class
  net/minecraft/world/level/block/MagmaBlock.class
  net/minecraft/world/level/block/MangroveLeavesBlock.class
  net/minecraft/world/level/block/MangrovePropaguleBlock.class
  net/minecraft/world/level/block/MangroveRootsBlock.class
  net/minecraft/world/level/block/Mirror.class
  net/minecraft/world/level/block/MossBlock.class
  net/minecraft/world/level/block/MudBlock.class
  net/minecraft/world/level/block/MultifaceBlock.class
  net/minecraft/world/level/block/MultifaceSpreader$DefaultSpreaderConfig.class
  net/minecraft/world/level/block/MultifaceSpreader$SpreadConfig.class
  net/minecraft/world/level/block/MultifaceSpreader$SpreadPos.class
  net/minecraft/world/level/block/MultifaceSpreader$SpreadPredicate.class
  net/minecraft/world/level/block/MultifaceSpreader$SpreadType$1.class
  net/minecraft/world/level/block/MultifaceSpreader$SpreadType$2.class
  net/minecraft/world/level/block/MultifaceSpreader$SpreadType$3.class
  net/minecraft/world/level/block/MultifaceSpreader$SpreadType.class
  net/minecraft/world/level/block/MultifaceSpreader.class
  net/minecraft/world/level/block/MushroomBlock.class
  net/minecraft/world/level/block/MyceliumBlock.class
  net/minecraft/world/level/block/NetherPortalBlock$1.class
  net/minecraft/world/level/block/NetherPortalBlock.class
  net/minecraft/world/level/block/NetherSproutsBlock.class
  net/minecraft/world/level/block/NetherVines.class
  net/minecraft/world/level/block/NetherWartBlock.class
  net/minecraft/world/level/block/NetherrackBlock.class
  net/minecraft/world/level/block/NoteBlock.class
  net/minecraft/world/level/block/NyliumBlock.class
  net/minecraft/world/level/block/ObserverBlock.class
  net/minecraft/world/level/block/PiglinWallSkullBlock.class
  net/minecraft/world/level/block/PinkPetalsBlock.class
  net/minecraft/world/level/block/PipeBlock.class
  net/minecraft/world/level/block/PitcherCropBlock$PosAndState.class
  net/minecraft/world/level/block/PitcherCropBlock.class
  net/minecraft/world/level/block/PlayerHeadBlock.class
  net/minecraft/world/level/block/PlayerWallHeadBlock.class
  net/minecraft/world/level/block/PointedDripstoneBlock$FluidInfo.class
  net/minecraft/world/level/block/PointedDripstoneBlock.class
  net/minecraft/world/level/block/Portal$Transition.class
  net/minecraft/world/level/block/Portal.class
  net/minecraft/world/level/block/PotatoBlock.class
  net/minecraft/world/level/block/PowderSnowBlock.class
  net/minecraft/world/level/block/PoweredBlock.class
  net/minecraft/world/level/block/PoweredRailBlock$1.class
  net/minecraft/world/level/block/PoweredRailBlock.class
  net/minecraft/world/level/block/PressurePlateBlock$1.class
  net/minecraft/world/level/block/PressurePlateBlock.class
  net/minecraft/world/level/block/PumpkinBlock.class
  net/minecraft/world/level/block/RailBlock$1.class
  net/minecraft/world/level/block/RailBlock.class
  net/minecraft/world/level/block/RailState$1.class
  net/minecraft/world/level/block/RailState.class
  net/minecraft/world/level/block/RedStoneOreBlock.class
  net/minecraft/world/level/block/RedStoneWireBlock$1.class
  net/minecraft/world/level/block/RedStoneWireBlock.class
  net/minecraft/world/level/block/RedstoneLampBlock.class
  net/minecraft/world/level/block/RedstoneTorchBlock$Toggle.class
  net/minecraft/world/level/block/RedstoneTorchBlock.class
  net/minecraft/world/level/block/RedstoneWallTorchBlock.class
  net/minecraft/world/level/block/RenderShape.class
  net/minecraft/world/level/block/RepeaterBlock.class
  net/minecraft/world/level/block/RespawnAnchorBlock$1.class
  net/minecraft/world/level/block/RespawnAnchorBlock.class
  net/minecraft/world/level/block/RodBlock$1.class
  net/minecraft/world/level/block/RodBlock.class
  net/minecraft/world/level/block/RootedDirtBlock.class
  net/minecraft/world/level/block/RootsBlock.class
  net/minecraft/world/level/block/RotatedPillarBlock$1.class
  net/minecraft/world/level/block/RotatedPillarBlock.class
  net/minecraft/world/level/block/Rotation.class
  net/minecraft/world/level/block/SaplingBlock.class
  net/minecraft/world/level/block/ScaffoldingBlock.class
  net/minecraft/world/level/block/SculkBehaviour$1.class
  net/minecraft/world/level/block/SculkBehaviour.class
  net/minecraft/world/level/block/SculkBlock.class
  net/minecraft/world/level/block/SculkCatalystBlock.class
  net/minecraft/world/level/block/SculkSensorBlock.class
  net/minecraft/world/level/block/SculkShriekerBlock.class
  net/minecraft/world/level/block/SculkSpreader$ChargeCursor.class
  net/minecraft/world/level/block/SculkSpreader.class
  net/minecraft/world/level/block/SculkVeinBlock$SculkVeinSpreaderConfig.class
  net/minecraft/world/level/block/SculkVeinBlock.class
  net/minecraft/world/level/block/SeaPickleBlock.class
  net/minecraft/world/level/block/SeagrassBlock.class
  net/minecraft/world/level/block/ShulkerBoxBlock$1.class
  net/minecraft/world/level/block/ShulkerBoxBlock.class
  net/minecraft/world/level/block/SignBlock.class
  net/minecraft/world/level/block/SimpleWaterloggedBlock.class
  net/minecraft/world/level/block/SkullBlock$Type.class
  net/minecraft/world/level/block/SkullBlock$Types.class
  net/minecraft/world/level/block/SkullBlock.class
  net/minecraft/world/level/block/SlabBlock$1.class
  net/minecraft/world/level/block/SlabBlock.class
  net/minecraft/world/level/block/SlimeBlock.class
  net/minecraft/world/level/block/SmallDripleafBlock.class
  net/minecraft/world/level/block/SmithingTableBlock.class
  net/minecraft/world/level/block/SmokerBlock.class
  net/minecraft/world/level/block/SnifferEggBlock.class
  net/minecraft/world/level/block/SnowLayerBlock$1.class
  net/minecraft/world/level/block/SnowLayerBlock.class
  net/minecraft/world/level/block/SnowyDirtBlock.class
  net/minecraft/world/level/block/SoulFireBlock.class
  net/minecraft/world/level/block/SoulSandBlock.class
  net/minecraft/world/level/block/SoundType.class
  net/minecraft/world/level/block/SpawnerBlock.class
  net/minecraft/world/level/block/SpongeBlock.class
  net/minecraft/world/level/block/SporeBlossomBlock.class
  net/minecraft/world/level/block/SpreadingSnowyDirtBlock.class
  net/minecraft/world/level/block/StainedGlassBlock.class
  net/minecraft/world/level/block/StainedGlassPaneBlock.class
  net/minecraft/world/level/block/StairBlock$1.class
  net/minecraft/world/level/block/StairBlock.class
  net/minecraft/world/level/block/StandingSignBlock.class
  net/minecraft/world/level/block/StemBlock.class
  net/minecraft/world/level/block/StonecutterBlock.class
  net/minecraft/world/level/block/StructureBlock$1.class
  net/minecraft/world/level/block/StructureBlock.class
  net/minecraft/world/level/block/StructureVoidBlock.class
  net/minecraft/world/level/block/SugarCaneBlock.class
  net/minecraft/world/level/block/SupportType$1.class
  net/minecraft/world/level/block/SupportType$2.class
  net/minecraft/world/level/block/SupportType$3.class
  net/minecraft/world/level/block/SupportType.class
  net/minecraft/world/level/block/SuspiciousEffectHolder.class
  net/minecraft/world/level/block/SweetBerryBushBlock.class
  net/minecraft/world/level/block/TallFlowerBlock.class
  net/minecraft/world/level/block/TallGrassBlock.class
  net/minecraft/world/level/block/TallSeagrassBlock.class
  net/minecraft/world/level/block/TargetBlock.class
  net/minecraft/world/level/block/TintedGlassBlock.class
  net/minecraft/world/level/block/TntBlock.class
  net/minecraft/world/level/block/TorchBlock.class
  net/minecraft/world/level/block/TorchflowerCropBlock.class
  net/minecraft/world/level/block/TransparentBlock.class
  net/minecraft/world/level/block/TrapDoorBlock$1.class
  net/minecraft/world/level/block/TrapDoorBlock.class
  net/minecraft/world/level/block/TrappedChestBlock.class
  net/minecraft/world/level/block/TrialSpawnerBlock.class
  net/minecraft/world/level/block/TripWireBlock$1.class
  net/minecraft/world/level/block/TripWireBlock.class
  net/minecraft/world/level/block/TripWireHookBlock$1.class
  net/minecraft/world/level/block/TripWireHookBlock.class
  net/minecraft/world/level/block/TurtleEggBlock.class
  net/minecraft/world/level/block/TwistingVinesBlock.class
  net/minecraft/world/level/block/TwistingVinesPlantBlock.class
  net/minecraft/world/level/block/VaultBlock.class
  net/minecraft/world/level/block/VineBlock$1.class
  net/minecraft/world/level/block/VineBlock.class
  net/minecraft/world/level/block/WallBannerBlock.class
  net/minecraft/world/level/block/WallBlock$1.class
  net/minecraft/world/level/block/WallBlock.class
  net/minecraft/world/level/block/WallHangingSignBlock$1.class
  net/minecraft/world/level/block/WallHangingSignBlock.class
  net/minecraft/world/level/block/WallSignBlock.class
  net/minecraft/world/level/block/WallSkullBlock.class
  net/minecraft/world/level/block/WallTorchBlock.class
  net/minecraft/world/level/block/WaterlilyBlock.class
  net/minecraft/world/level/block/WaterloggedTransparentBlock.class
  net/minecraft/world/level/block/WeatheringCopper$WeatherState.class
  net/minecraft/world/level/block/WeatheringCopper.class
  net/minecraft/world/level/block/WeatheringCopperBulbBlock.class
  net/minecraft/world/level/block/WeatheringCopperDoorBlock.class
  net/minecraft/world/level/block/WeatheringCopperFullBlock.class
  net/minecraft/world/level/block/WeatheringCopperGrateBlock.class
  net/minecraft/world/level/block/WeatheringCopperSlabBlock.class
  net/minecraft/world/level/block/WeatheringCopperStairBlock.class
  net/minecraft/world/level/block/WeatheringCopperTrapDoorBlock.class
  net/minecraft/world/level/block/WebBlock.class
  net/minecraft/world/level/block/WeepingVinesBlock.class
  net/minecraft/world/level/block/WeepingVinesPlantBlock.class
  net/minecraft/world/level/block/WeightedPressurePlateBlock.class
  net/minecraft/world/level/block/WetSpongeBlock.class
  net/minecraft/world/level/block/WitherRoseBlock.class
  net/minecraft/world/level/block/WitherSkullBlock.class
  net/minecraft/world/level/block/WitherWallSkullBlock.class
  net/minecraft/world/level/block/WoolCarpetBlock.class
  net/minecraft/world/level/block/entity/
  net/minecraft/world/level/block/entity/AbstractFurnaceBlockEntity$1.class
  net/minecraft/world/level/block/entity/AbstractFurnaceBlockEntity.class
  net/minecraft/world/level/block/entity/BannerBlockEntity.class
  net/minecraft/world/level/block/entity/BannerPattern.class
  net/minecraft/world/level/block/entity/BannerPatternLayers$Builder.class
  net/minecraft/world/level/block/entity/BannerPatternLayers$Layer.class
  net/minecraft/world/level/block/entity/BannerPatternLayers.class
  net/minecraft/world/level/block/entity/BannerPatterns.class
  net/minecraft/world/level/block/entity/BarrelBlockEntity$1.class
  net/minecraft/world/level/block/entity/BarrelBlockEntity.class
  net/minecraft/world/level/block/entity/BaseContainerBlockEntity.class
  net/minecraft/world/level/block/entity/BeaconBlockEntity$1.class
  net/minecraft/world/level/block/entity/BeaconBlockEntity$BeaconBeamSection.class
  net/minecraft/world/level/block/entity/BeaconBlockEntity.class
  net/minecraft/world/level/block/entity/BedBlockEntity.class
  net/minecraft/world/level/block/entity/BeehiveBlockEntity$BeeData.class
  net/minecraft/world/level/block/entity/BeehiveBlockEntity$BeeReleaseStatus.class
  net/minecraft/world/level/block/entity/BeehiveBlockEntity$Occupant.class
  net/minecraft/world/level/block/entity/BeehiveBlockEntity.class
  net/minecraft/world/level/block/entity/BellBlockEntity$ResonationEndAction.class
  net/minecraft/world/level/block/entity/BellBlockEntity.class
  net/minecraft/world/level/block/entity/BlastFurnaceBlockEntity.class
  net/minecraft/world/level/block/entity/BlockEntity$1.class
  net/minecraft/world/level/block/entity/BlockEntity$ComponentHelper.class
  net/minecraft/world/level/block/entity/BlockEntity$DataComponentInput.class
  net/minecraft/world/level/block/entity/BlockEntity.class
  net/minecraft/world/level/block/entity/BlockEntityTicker.class
  net/minecraft/world/level/block/entity/BlockEntityType$BlockEntitySupplier.class
  net/minecraft/world/level/block/entity/BlockEntityType$Builder.class
  net/minecraft/world/level/block/entity/BlockEntityType.class
  net/minecraft/world/level/block/entity/BrewingStandBlockEntity$1.class
  net/minecraft/world/level/block/entity/BrewingStandBlockEntity.class
  net/minecraft/world/level/block/entity/BrushableBlockEntity.class
  net/minecraft/world/level/block/entity/CalibratedSculkSensorBlockEntity$VibrationUser.class
  net/minecraft/world/level/block/entity/CalibratedSculkSensorBlockEntity.class
  net/minecraft/world/level/block/entity/CampfireBlockEntity.class
  net/minecraft/world/level/block/entity/ChestBlockEntity$1.class
  net/minecraft/world/level/block/entity/ChestBlockEntity.class
  net/minecraft/world/level/block/entity/ChestLidController.class
  net/minecraft/world/level/block/entity/ChiseledBookShelfBlockEntity.class
  net/minecraft/world/level/block/entity/CommandBlockEntity$1.class
  net/minecraft/world/level/block/entity/CommandBlockEntity$Mode.class
  net/minecraft/world/level/block/entity/CommandBlockEntity.class
  net/minecraft/world/level/block/entity/ComparatorBlockEntity.class
  net/minecraft/world/level/block/entity/ConduitBlockEntity.class
  net/minecraft/world/level/block/entity/ContainerOpenersCounter.class
  net/minecraft/world/level/block/entity/CrafterBlockEntity$1.class
  net/minecraft/world/level/block/entity/CrafterBlockEntity.class
  net/minecraft/world/level/block/entity/DaylightDetectorBlockEntity.class
  net/minecraft/world/level/block/entity/DecoratedPotBlockEntity$WobbleStyle.class
  net/minecraft/world/level/block/entity/DecoratedPotBlockEntity.class
  net/minecraft/world/level/block/entity/DecoratedPotPattern.class
  net/minecraft/world/level/block/entity/DecoratedPotPatterns.class
  net/minecraft/world/level/block/entity/DispenserBlockEntity.class
  net/minecraft/world/level/block/entity/DropperBlockEntity.class
  net/minecraft/world/level/block/entity/EnchantingTableBlockEntity.class
  net/minecraft/world/level/block/entity/EnderChestBlockEntity$1.class
  net/minecraft/world/level/block/entity/EnderChestBlockEntity.class
  net/minecraft/world/level/block/entity/FurnaceBlockEntity.class
  net/minecraft/world/level/block/entity/HangingSignBlockEntity.class
  net/minecraft/world/level/block/entity/Hopper.class
  net/minecraft/world/level/block/entity/HopperBlockEntity.class
  net/minecraft/world/level/block/entity/JigsawBlockEntity$JointType.class
  net/minecraft/world/level/block/entity/JigsawBlockEntity.class
  net/minecraft/world/level/block/entity/JukeboxBlockEntity.class
  net/minecraft/world/level/block/entity/LecternBlockEntity$1.class
  net/minecraft/world/level/block/entity/LecternBlockEntity$2.class
  net/minecraft/world/level/block/entity/LecternBlockEntity.class
  net/minecraft/world/level/block/entity/LidBlockEntity.class
  net/minecraft/world/level/block/entity/PotDecorations.class
  net/minecraft/world/level/block/entity/RandomizableContainerBlockEntity.class
  net/minecraft/world/level/block/entity/SculkCatalystBlockEntity$CatalystListener.class
  net/minecraft/world/level/block/entity/SculkCatalystBlockEntity.class
  net/minecraft/world/level/block/entity/SculkSensorBlockEntity$VibrationUser.class
  net/minecraft/world/level/block/entity/SculkSensorBlockEntity.class
  net/minecraft/world/level/block/entity/SculkShriekerBlockEntity$VibrationUser.class
  net/minecraft/world/level/block/entity/SculkShriekerBlockEntity.class
  net/minecraft/world/level/block/entity/ShulkerBoxBlockEntity$AnimationStatus.class
  net/minecraft/world/level/block/entity/ShulkerBoxBlockEntity.class
  net/minecraft/world/level/block/entity/SignBlockEntity.class
  net/minecraft/world/level/block/entity/SignText.class
  net/minecraft/world/level/block/entity/SkullBlockEntity$1.class
  net/minecraft/world/level/block/entity/SkullBlockEntity$2.class
  net/minecraft/world/level/block/entity/SkullBlockEntity.class
  net/minecraft/world/level/block/entity/SmokerBlockEntity.class
  net/minecraft/world/level/block/entity/SpawnerBlockEntity$1.class
  net/minecraft/world/level/block/entity/SpawnerBlockEntity.class
  net/minecraft/world/level/block/entity/StructureBlockEntity$UpdateType.class
  net/minecraft/world/level/block/entity/StructureBlockEntity.class
  net/minecraft/world/level/block/entity/TheEndGatewayBlockEntity.class
  net/minecraft/world/level/block/entity/TheEndPortalBlockEntity.class
  net/minecraft/world/level/block/entity/TickingBlockEntity.class
  net/minecraft/world/level/block/entity/TrappedChestBlockEntity.class
  net/minecraft/world/level/block/entity/TrialSpawnerBlockEntity.class
  net/minecraft/world/level/block/entity/package-info.class
  net/minecraft/world/level/block/entity/trialspawner/
  net/minecraft/world/level/block/entity/trialspawner/PlayerDetector$EntitySelector$1.class
  net/minecraft/world/level/block/entity/trialspawner/PlayerDetector$EntitySelector$2.class
  net/minecraft/world/level/block/entity/trialspawner/PlayerDetector$EntitySelector.class
  net/minecraft/world/level/block/entity/trialspawner/PlayerDetector.class
  net/minecraft/world/level/block/entity/trialspawner/TrialSpawner$FlameParticle.class
  net/minecraft/world/level/block/entity/trialspawner/TrialSpawner$StateAccessor.class
  net/minecraft/world/level/block/entity/trialspawner/TrialSpawner.class
  net/minecraft/world/level/block/entity/trialspawner/TrialSpawnerConfig.class
  net/minecraft/world/level/block/entity/trialspawner/TrialSpawnerData.class
  net/minecraft/world/level/block/entity/trialspawner/TrialSpawnerState$LightLevel.class
  net/minecraft/world/level/block/entity/trialspawner/TrialSpawnerState$ParticleEmission.class
  net/minecraft/world/level/block/entity/trialspawner/TrialSpawnerState$SpinningMob.class
  net/minecraft/world/level/block/entity/trialspawner/TrialSpawnerState.class
  net/minecraft/world/level/block/entity/trialspawner/package-info.class
  net/minecraft/world/level/block/entity/vault/
  net/minecraft/world/level/block/entity/vault/VaultBlockEntity$Client.class
  net/minecraft/world/level/block/entity/vault/VaultBlockEntity$Server.class
  net/minecraft/world/level/block/entity/vault/VaultBlockEntity.class
  net/minecraft/world/level/block/entity/vault/VaultClientData.class
  net/minecraft/world/level/block/entity/vault/VaultConfig.class
  net/minecraft/world/level/block/entity/vault/VaultServerData.class
  net/minecraft/world/level/block/entity/vault/VaultSharedData.class
  net/minecraft/world/level/block/entity/vault/VaultState$1.class
  net/minecraft/world/level/block/entity/vault/VaultState$2.class
  net/minecraft/world/level/block/entity/vault/VaultState$3.class
  net/minecraft/world/level/block/entity/vault/VaultState$4.class
  net/minecraft/world/level/block/entity/vault/VaultState$LightLevel.class
  net/minecraft/world/level/block/entity/vault/VaultState.class
  net/minecraft/world/level/block/entity/vault/package-info.class
  net/minecraft/world/level/block/grower/
  net/minecraft/world/level/block/grower/TreeGrower.class
  net/minecraft/world/level/block/grower/package-info.class
  net/minecraft/world/level/block/package-info.class
  net/minecraft/world/level/block/piston/
  net/minecraft/world/level/block/piston/MovingPistonBlock.class
  net/minecraft/world/level/block/piston/PistonBaseBlock$1.class
  net/minecraft/world/level/block/piston/PistonBaseBlock.class
  net/minecraft/world/level/block/piston/PistonHeadBlock$1.class
  net/minecraft/world/level/block/piston/PistonHeadBlock.class
  net/minecraft/world/level/block/piston/PistonMath$1.class
  net/minecraft/world/level/block/piston/PistonMath.class
  net/minecraft/world/level/block/piston/PistonMovingBlockEntity$1.class
  net/minecraft/world/level/block/piston/PistonMovingBlockEntity.class
  net/minecraft/world/level/block/piston/PistonStructureResolver.class
  net/minecraft/world/level/block/piston/package-info.class
  net/minecraft/world/level/block/state/
  net/minecraft/world/level/block/state/BlockBehaviour$1.class
  net/minecraft/world/level/block/state/BlockBehaviour$BlockStateBase$Cache.class
  net/minecraft/world/level/block/state/BlockBehaviour$BlockStateBase.class
  net/minecraft/world/level/block/state/BlockBehaviour$OffsetFunction.class
  net/minecraft/world/level/block/state/BlockBehaviour$OffsetType.class
  net/minecraft/world/level/block/state/BlockBehaviour$Properties.class
  net/minecraft/world/level/block/state/BlockBehaviour$StateArgumentPredicate.class
  net/minecraft/world/level/block/state/BlockBehaviour$StatePredicate.class
  net/minecraft/world/level/block/state/BlockBehaviour.class
  net/minecraft/world/level/block/state/BlockState.class
  net/minecraft/world/level/block/state/StateDefinition$Builder.class
  net/minecraft/world/level/block/state/StateDefinition$Factory.class
  net/minecraft/world/level/block/state/StateDefinition.class
  net/minecraft/world/level/block/state/StateHolder$1.class
  net/minecraft/world/level/block/state/StateHolder.class
  net/minecraft/world/level/block/state/package-info.class
  net/minecraft/world/level/block/state/pattern/
  net/minecraft/world/level/block/state/pattern/BlockInWorld.class
  net/minecraft/world/level/block/state/pattern/BlockPattern$BlockCacheLoader.class
  net/minecraft/world/level/block/state/pattern/BlockPattern$BlockPatternMatch.class
  net/minecraft/world/level/block/state/pattern/BlockPattern.class
  net/minecraft/world/level/block/state/pattern/BlockPatternBuilder.class
  net/minecraft/world/level/block/state/pattern/package-info.class
  net/minecraft/world/level/block/state/predicate/
  net/minecraft/world/level/block/state/predicate/BlockPredicate.class
  net/minecraft/world/level/block/state/predicate/BlockStatePredicate.class
  net/minecraft/world/level/block/state/predicate/package-info.class
  net/minecraft/world/level/block/state/properties/
  net/minecraft/world/level/block/state/properties/AttachFace.class
  net/minecraft/world/level/block/state/properties/BambooLeaves.class
  net/minecraft/world/level/block/state/properties/BedPart.class
  net/minecraft/world/level/block/state/properties/BellAttachType.class
  net/minecraft/world/level/block/state/properties/BlockSetType$PressurePlateSensitivity.class
  net/minecraft/world/level/block/state/properties/BlockSetType.class
  net/minecraft/world/level/block/state/properties/BlockStateProperties.class
  net/minecraft/world/level/block/state/properties/BooleanProperty.class
  net/minecraft/world/level/block/state/properties/ChestType.class
  net/minecraft/world/level/block/state/properties/ComparatorMode.class
  net/minecraft/world/level/block/state/properties/DirectionProperty.class
  net/minecraft/world/level/block/state/properties/DoorHingeSide.class
  net/minecraft/world/level/block/state/properties/DoubleBlockHalf.class
  net/minecraft/world/level/block/state/properties/DripstoneThickness.class
  net/minecraft/world/level/block/state/properties/EnumProperty.class
  net/minecraft/world/level/block/state/properties/Half.class
  net/minecraft/world/level/block/state/properties/IntegerProperty.class
  net/minecraft/world/level/block/state/properties/NoteBlockInstrument$Type.class
  net/minecraft/world/level/block/state/properties/NoteBlockInstrument.class
  net/minecraft/world/level/block/state/properties/PistonType.class
  net/minecraft/world/level/block/state/properties/Property$Value.class
  net/minecraft/world/level/block/state/properties/Property.class
  net/minecraft/world/level/block/state/properties/RailShape.class
  net/minecraft/world/level/block/state/properties/RedstoneSide.class
  net/minecraft/world/level/block/state/properties/RotationSegment.class
  net/minecraft/world/level/block/state/properties/SculkSensorPhase.class
  net/minecraft/world/level/block/state/properties/SlabType.class
  net/minecraft/world/level/block/state/properties/StairsShape.class
  net/minecraft/world/level/block/state/properties/StructureMode.class
  net/minecraft/world/level/block/state/properties/Tilt.class
  net/minecraft/world/level/block/state/properties/WallSide.class
  net/minecraft/world/level/block/state/properties/WoodType.class
  net/minecraft/world/level/block/state/properties/package-info.class
  net/minecraft/world/level/border/
  net/minecraft/world/level/border/BorderChangeListener$DelegateBorderChangeListener.class
  net/minecraft/world/level/border/BorderChangeListener.class
  net/minecraft/world/level/border/BorderStatus.class
  net/minecraft/world/level/border/WorldBorder$BorderExtent.class
  net/minecraft/world/level/border/WorldBorder$MovingBorderExtent.class
  net/minecraft/world/level/border/WorldBorder$Settings.class
  net/minecraft/world/level/border/WorldBorder$StaticBorderExtent.class
  net/minecraft/world/level/border/WorldBorder.class
  net/minecraft/world/level/border/package-info.class
  net/minecraft/world/level/chunk/
  net/minecraft/world/level/chunk/BlockColumn.class
  net/minecraft/world/level/chunk/BulkSectionAccess.class
  net/minecraft/world/level/chunk/CarvingMask$Mask.class
  net/minecraft/world/level/chunk/CarvingMask.class
  net/minecraft/world/level/chunk/ChunkAccess$TicksToSave.class
  net/minecraft/world/level/chunk/ChunkAccess.class
  net/minecraft/world/level/chunk/ChunkGenerator.class
  net/minecraft/world/level/chunk/ChunkGeneratorStructureState.class
  net/minecraft/world/level/chunk/ChunkGenerators.class
  net/minecraft/world/level/chunk/ChunkSource.class
  net/minecraft/world/level/chunk/DataLayer.class
  net/minecraft/world/level/chunk/EmptyLevelChunk.class
  net/minecraft/world/level/chunk/GlobalPalette.class
  net/minecraft/world/level/chunk/HashMapPalette.class
  net/minecraft/world/level/chunk/ImposterProtoChunk.class
  net/minecraft/world/level/chunk/LevelChunk$1.class
  net/minecraft/world/level/chunk/LevelChunk$BoundTickingBlockEntity.class
  net/minecraft/world/level/chunk/LevelChunk$EntityCreationType.class
  net/minecraft/world/level/chunk/LevelChunk$PostLoadProcessor.class
  net/minecraft/world/level/chunk/LevelChunk$RebindableTickingBlockEntityWrapper.class
  net/minecraft/world/level/chunk/LevelChunk.class
  net/minecraft/world/level/chunk/LevelChunkSection$1BlockCounter.class
  net/minecraft/world/level/chunk/LevelChunkSection.class
  net/minecraft/world/level/chunk/LightChunk.class
  net/minecraft/world/level/chunk/LightChunkGetter.class
  net/minecraft/world/level/chunk/LinearPalette.class
  net/minecraft/world/level/chunk/MissingPaletteEntryException.class
  net/minecraft/world/level/chunk/Palette$Factory.class
  net/minecraft/world/level/chunk/Palette.class
  net/minecraft/world/level/chunk/PaletteResize.class
  net/minecraft/world/level/chunk/PalettedContainer$Configuration.class
  net/minecraft/world/level/chunk/PalettedContainer$CountConsumer.class
  net/minecraft/world/level/chunk/PalettedContainer$Data.class
  net/minecraft/world/level/chunk/PalettedContainer$Strategy$1.class
  net/minecraft/world/level/chunk/PalettedContainer$Strategy$2.class
  net/minecraft/world/level/chunk/PalettedContainer$Strategy.class
  net/minecraft/world/level/chunk/PalettedContainer.class
  net/minecraft/world/level/chunk/PalettedContainerRO$PackedData.class
  net/minecraft/world/level/chunk/PalettedContainerRO$Unpacker.class
  net/minecraft/world/level/chunk/PalettedContainerRO.class
  net/minecraft/world/level/chunk/ProtoChunk.class
  net/minecraft/world/level/chunk/SingleValuePalette.class
  net/minecraft/world/level/chunk/StructureAccess.class
  net/minecraft/world/level/chunk/UpgradeData$BlockFixer.class
  net/minecraft/world/level/chunk/UpgradeData$BlockFixers$1.class
  net/minecraft/world/level/chunk/UpgradeData$BlockFixers$2.class
  net/minecraft/world/level/chunk/UpgradeData$BlockFixers$3.class
  net/minecraft/world/level/chunk/UpgradeData$BlockFixers$4.class
  net/minecraft/world/level/chunk/UpgradeData$BlockFixers$5.class
  net/minecraft/world/level/chunk/UpgradeData$BlockFixers.class
  net/minecraft/world/level/chunk/UpgradeData.class
  net/minecraft/world/level/chunk/package-info.class
  net/minecraft/world/level/chunk/status/
  net/minecraft/world/level/chunk/status/ChunkDependencies.class
  net/minecraft/world/level/chunk/status/ChunkPyramid$Builder.class
  net/minecraft/world/level/chunk/status/ChunkPyramid.class
  net/minecraft/world/level/chunk/status/ChunkStatus.class
  net/minecraft/world/level/chunk/status/ChunkStatusTask.class
  net/minecraft/world/level/chunk/status/ChunkStatusTasks.class
  net/minecraft/world/level/chunk/status/ChunkStep$Builder.class
  net/minecraft/world/level/chunk/status/ChunkStep.class
  net/minecraft/world/level/chunk/status/ChunkType.class
  net/minecraft/world/level/chunk/status/WorldGenContext.class
  net/minecraft/world/level/chunk/status/package-info.class
  net/minecraft/world/level/chunk/storage/
  net/minecraft/world/level/chunk/storage/ChunkIOErrorReporter.class
  net/minecraft/world/level/chunk/storage/ChunkScanAccess.class
  net/minecraft/world/level/chunk/storage/ChunkSerializer$ChunkReadException.class
  net/minecraft/world/level/chunk/storage/ChunkSerializer.class
  net/minecraft/world/level/chunk/storage/ChunkStorage.class
  net/minecraft/world/level/chunk/storage/EntityStorage.class
  net/minecraft/world/level/chunk/storage/IOWorker$PendingStore.class
  net/minecraft/world/level/chunk/storage/IOWorker$Priority.class
  net/minecraft/world/level/chunk/storage/IOWorker.class
  net/minecraft/world/level/chunk/storage/RecreatingChunkStorage.class
  net/minecraft/world/level/chunk/storage/RecreatingSimpleRegionStorage.class
  net/minecraft/world/level/chunk/storage/RegionBitmap.class
  net/minecraft/world/level/chunk/storage/RegionFile$ChunkBuffer.class
  net/minecraft/world/level/chunk/storage/RegionFile$CommitOp.class
  net/minecraft/world/level/chunk/storage/RegionFile.class
  net/minecraft/world/level/chunk/storage/RegionFileStorage.class
  net/minecraft/world/level/chunk/storage/RegionFileVersion$StreamWrapper.class
  net/minecraft/world/level/chunk/storage/RegionFileVersion.class
  net/minecraft/world/level/chunk/storage/RegionStorageInfo.class
  net/minecraft/world/level/chunk/storage/SectionStorage.class
  net/minecraft/world/level/chunk/storage/SimpleRegionStorage.class
  net/minecraft/world/level/chunk/storage/package-info.class
  net/minecraft/world/level/dimension/
  net/minecraft/world/level/dimension/BuiltinDimensionTypes.class
  net/minecraft/world/level/dimension/DimensionDefaults.class
  net/minecraft/world/level/dimension/DimensionType$MonsterSettings.class
  net/minecraft/world/level/dimension/DimensionType.class
  net/minecraft/world/level/dimension/LevelStem.class
  net/minecraft/world/level/dimension/end/
  net/minecraft/world/level/dimension/end/DragonRespawnAnimation$1.class
  net/minecraft/world/level/dimension/end/DragonRespawnAnimation$2.class
  net/minecraft/world/level/dimension/end/DragonRespawnAnimation$3.class
  net/minecraft/world/level/dimension/end/DragonRespawnAnimation$4.class
  net/minecraft/world/level/dimension/end/DragonRespawnAnimation$5.class
  net/minecraft/world/level/dimension/end/DragonRespawnAnimation.class
  net/minecraft/world/level/dimension/end/EndDragonFight$Data.class
  net/minecraft/world/level/dimension/end/EndDragonFight.class
  net/minecraft/world/level/dimension/end/package-info.class
  net/minecraft/world/level/dimension/package-info.class
  net/minecraft/world/level/entity/
  net/minecraft/world/level/entity/ChunkEntities.class
  net/minecraft/world/level/entity/ChunkStatusUpdateListener.class
  net/minecraft/world/level/entity/EntityAccess.class
  net/minecraft/world/level/entity/EntityInLevelCallback$1.class
  net/minecraft/world/level/entity/EntityInLevelCallback.class
  net/minecraft/world/level/entity/EntityLookup.class
  net/minecraft/world/level/entity/EntityPersistentStorage.class
  net/minecraft/world/level/entity/EntitySection.class
  net/minecraft/world/level/entity/EntitySectionStorage.class
  net/minecraft/world/level/entity/EntityTickList.class
  net/minecraft/world/level/entity/EntityTypeTest$1.class
  net/minecraft/world/level/entity/EntityTypeTest$2.class
  net/minecraft/world/level/entity/EntityTypeTest.class
  net/minecraft/world/level/entity/LevelCallback.class
  net/minecraft/world/level/entity/LevelEntityGetter.class
  net/minecraft/world/level/entity/LevelEntityGetterAdapter.class
  net/minecraft/world/level/entity/PersistentEntitySectionManager$Callback.class
  net/minecraft/world/level/entity/PersistentEntitySectionManager$ChunkLoadStatus.class
  net/minecraft/world/level/entity/PersistentEntitySectionManager.class
  net/minecraft/world/level/entity/TransientEntitySectionManager$Callback.class
  net/minecraft/world/level/entity/TransientEntitySectionManager.class
  net/minecraft/world/level/entity/Visibility.class
  net/minecraft/world/level/entity/package-info.class
  net/minecraft/world/level/gameevent/
  net/minecraft/world/level/gameevent/BlockPositionSource$Type.class
  net/minecraft/world/level/gameevent/BlockPositionSource.class
  net/minecraft/world/level/gameevent/DynamicGameEventListener.class
  net/minecraft/world/level/gameevent/EntityPositionSource$Type.class
  net/minecraft/world/level/gameevent/EntityPositionSource.class
  net/minecraft/world/level/gameevent/EuclideanGameEventListenerRegistry$OnEmptyAction.class
  net/minecraft/world/level/gameevent/EuclideanGameEventListenerRegistry.class
  net/minecraft/world/level/gameevent/GameEvent$Context.class
  net/minecraft/world/level/gameevent/GameEvent$ListenerInfo.class
  net/minecraft/world/level/gameevent/GameEvent.class
  net/minecraft/world/level/gameevent/GameEventDispatcher.class
  net/minecraft/world/level/gameevent/GameEventListener$DeliveryMode.class
  net/minecraft/world/level/gameevent/GameEventListener$Provider.class
  net/minecraft/world/level/gameevent/GameEventListener.class
  net/minecraft/world/level/gameevent/GameEventListenerRegistry$1.class
  net/minecraft/world/level/gameevent/GameEventListenerRegistry$ListenerVisitor.class
  net/minecraft/world/level/gameevent/GameEventListenerRegistry.class
  net/minecraft/world/level/gameevent/PositionSource.class
  net/minecraft/world/level/gameevent/PositionSourceType.class
  net/minecraft/world/level/gameevent/package-info.class
  net/minecraft/world/level/gameevent/vibrations/
  net/minecraft/world/level/gameevent/vibrations/VibrationInfo.class
  net/minecraft/world/level/gameevent/vibrations/VibrationSelector.class
  net/minecraft/world/level/gameevent/vibrations/VibrationSystem$Data.class
  net/minecraft/world/level/gameevent/vibrations/VibrationSystem$Listener.class
  net/minecraft/world/level/gameevent/vibrations/VibrationSystem$Ticker.class
  net/minecraft/world/level/gameevent/vibrations/VibrationSystem$User.class
  net/minecraft/world/level/gameevent/vibrations/VibrationSystem.class
  net/minecraft/world/level/gameevent/vibrations/package-info.class
  net/minecraft/world/level/levelgen/
  net/minecraft/world/level/levelgen/Aquifer$1.class
  net/minecraft/world/level/levelgen/Aquifer$FluidPicker.class
  net/minecraft/world/level/levelgen/Aquifer$FluidStatus.class
  net/minecraft/world/level/levelgen/Aquifer$NoiseBasedAquifer.class
  net/minecraft/world/level/levelgen/Aquifer.class
  net/minecraft/world/level/levelgen/Beardifier$1.class
  net/minecraft/world/level/levelgen/Beardifier$Rigid.class
  net/minecraft/world/level/levelgen/Beardifier.class
  net/minecraft/world/level/levelgen/BelowZeroRetrogen$1.class
  net/minecraft/world/level/levelgen/BelowZeroRetrogen.class
  net/minecraft/world/level/levelgen/BitRandomSource.class
  net/minecraft/world/level/levelgen/Column$Line.class
  net/minecraft/world/level/levelgen/Column$Range.class
  net/minecraft/world/level/levelgen/Column$Ray.class
  net/minecraft/world/level/levelgen/Column.class
  net/minecraft/world/level/levelgen/DebugLevelSource.class
  net/minecraft/world/level/levelgen/Density.class
  net/minecraft/world/level/levelgen/DensityFunction$ContextProvider.class
  net/minecraft/world/level/levelgen/DensityFunction$FunctionContext.class
  net/minecraft/world/level/levelgen/DensityFunction$NoiseHolder.class
  net/minecraft/world/level/levelgen/DensityFunction$SimpleFunction.class
  net/minecraft/world/level/levelgen/DensityFunction$SinglePointContext.class
  net/minecraft/world/level/levelgen/DensityFunction$Visitor.class
  net/minecraft/world/level/levelgen/DensityFunction.class
  net/minecraft/world/level/levelgen/DensityFunctions$Ap2.class
  net/minecraft/world/level/levelgen/DensityFunctions$BeardifierMarker.class
  net/minecraft/world/level/levelgen/DensityFunctions$BeardifierOrMarker.class
  net/minecraft/world/level/levelgen/DensityFunctions$BlendAlpha.class
  net/minecraft/world/level/levelgen/DensityFunctions$BlendDensity.class
  net/minecraft/world/level/levelgen/DensityFunctions$BlendOffset.class
  net/minecraft/world/level/levelgen/DensityFunctions$Clamp.class
  net/minecraft/world/level/levelgen/DensityFunctions$Constant.class
  net/minecraft/world/level/levelgen/DensityFunctions$EndIslandDensityFunction.class
  net/minecraft/world/level/levelgen/DensityFunctions$HolderHolder.class
  net/minecraft/world/level/levelgen/DensityFunctions$Mapped$Type.class
  net/minecraft/world/level/levelgen/DensityFunctions$Mapped.class
  net/minecraft/world/level/levelgen/DensityFunctions$Marker$Type.class
  net/minecraft/world/level/levelgen/DensityFunctions$Marker.class
  net/minecraft/world/level/levelgen/DensityFunctions$MarkerOrMarked.class
  net/minecraft/world/level/levelgen/DensityFunctions$MulOrAdd$Type.class
  net/minecraft/world/level/levelgen/DensityFunctions$MulOrAdd.class
  net/minecraft/world/level/levelgen/DensityFunctions$Noise.class
  net/minecraft/world/level/levelgen/DensityFunctions$PureTransformer.class
  net/minecraft/world/level/levelgen/DensityFunctions$RangeChoice.class
  net/minecraft/world/level/levelgen/DensityFunctions$Shift.class
  net/minecraft/world/level/levelgen/DensityFunctions$ShiftA.class
  net/minecraft/world/level/levelgen/DensityFunctions$ShiftB.class
  net/minecraft/world/level/levelgen/DensityFunctions$ShiftNoise.class
  net/minecraft/world/level/levelgen/DensityFunctions$ShiftedNoise.class
  net/minecraft/world/level/levelgen/DensityFunctions$Spline$Coordinate.class
  net/minecraft/world/level/levelgen/DensityFunctions$Spline$Point.class
  net/minecraft/world/level/levelgen/DensityFunctions$Spline.class
  net/minecraft/world/level/levelgen/DensityFunctions$TransformerWithContext.class
  net/minecraft/world/level/levelgen/DensityFunctions$TwoArgumentSimpleFunction$Type.class
  net/minecraft/world/level/levelgen/DensityFunctions$TwoArgumentSimpleFunction.class
  net/minecraft/world/level/levelgen/DensityFunctions$WeirdScaledSampler$RarityValueMapper.class
  net/minecraft/world/level/levelgen/DensityFunctions$WeirdScaledSampler.class
  net/minecraft/world/level/levelgen/DensityFunctions$YClampedGradient.class
  net/minecraft/world/level/levelgen/DensityFunctions.class
  net/minecraft/world/level/levelgen/FlatLevelSource.class
  net/minecraft/world/level/levelgen/GenerationStep$Carving.class
  net/minecraft/world/level/levelgen/GenerationStep$Decoration.class
  net/minecraft/world/level/levelgen/GenerationStep.class
  net/minecraft/world/level/levelgen/GeodeBlockSettings.class
  net/minecraft/world/level/levelgen/GeodeCrackSettings.class
  net/minecraft/world/level/levelgen/GeodeLayerSettings.class
  net/minecraft/world/level/levelgen/Heightmap$Types.class
  net/minecraft/world/level/levelgen/Heightmap$Usage.class
  net/minecraft/world/level/levelgen/Heightmap.class
  net/minecraft/world/level/levelgen/LegacyRandomSource$LegacyPositionalRandomFactory.class
  net/minecraft/world/level/levelgen/LegacyRandomSource.class
  net/minecraft/world/level/levelgen/MarsagliaPolarGaussian.class
  net/minecraft/world/level/levelgen/NoiseBasedChunkGenerator.class
  net/minecraft/world/level/levelgen/NoiseChunk$1.class
  net/minecraft/world/level/levelgen/NoiseChunk$2.class
  net/minecraft/world/level/levelgen/NoiseChunk$BlendAlpha.class
  net/minecraft/world/level/levelgen/NoiseChunk$BlendOffset.class
  net/minecraft/world/level/levelgen/NoiseChunk$BlockStateFiller.class
  net/minecraft/world/level/levelgen/NoiseChunk$Cache2D.class
  net/minecraft/world/level/levelgen/NoiseChunk$CacheAllInCell.class
  net/minecraft/world/level/levelgen/NoiseChunk$CacheOnce.class
  net/minecraft/world/level/levelgen/NoiseChunk$FlatCache.class
  net/minecraft/world/level/levelgen/NoiseChunk$NoiseChunkDensityFunction.class
  net/minecraft/world/level/levelgen/NoiseChunk$NoiseInterpolator.class
  net/minecraft/world/level/levelgen/NoiseChunk.class
  net/minecraft/world/level/levelgen/NoiseGeneratorSettings.class
  net/minecraft/world/level/levelgen/NoiseRouter.class
  net/minecraft/world/level/levelgen/NoiseRouterData$QuantizedSpaghettiRarity.class
  net/minecraft/world/level/levelgen/NoiseRouterData.class
  net/minecraft/world/level/levelgen/NoiseSettings.class
  net/minecraft/world/level/levelgen/Noises.class
  net/minecraft/world/level/levelgen/OreVeinifier$VeinType.class
  net/minecraft/world/level/levelgen/OreVeinifier.class
  net/minecraft/world/level/levelgen/PatrolSpawner.class
  net/minecraft/world/level/levelgen/PhantomSpawner.class
  net/minecraft/world/level/levelgen/PositionalRandomFactory.class
  net/minecraft/world/level/levelgen/RandomState$1.class
  net/minecraft/world/level/levelgen/RandomState$1NoiseWiringHelper.class
  net/minecraft/world/level/levelgen/RandomState.class
  net/minecraft/world/level/levelgen/RandomSupport$Seed128bit.class
  net/minecraft/world/level/levelgen/RandomSupport.class
  net/minecraft/world/level/levelgen/SingleThreadedRandomSource.class
  net/minecraft/world/level/levelgen/SurfaceRules$AbovePreliminarySurface.class
  net/minecraft/world/level/levelgen/SurfaceRules$Bandlands.class
  net/minecraft/world/level/levelgen/SurfaceRules$BiomeConditionSource$1BiomeCondition.class
  net/minecraft/world/level/levelgen/SurfaceRules$BiomeConditionSource.class
  net/minecraft/world/level/levelgen/SurfaceRules$BlockRuleSource.class
  net/minecraft/world/level/levelgen/SurfaceRules$Condition.class
  net/minecraft/world/level/levelgen/SurfaceRules$ConditionSource.class
  net/minecraft/world/level/levelgen/SurfaceRules$Context$AbovePreliminarySurfaceCondition.class
  net/minecraft/world/level/levelgen/SurfaceRules$Context$HoleCondition.class
  net/minecraft/world/level/levelgen/SurfaceRules$Context$SteepMaterialCondition.class
  net/minecraft/world/level/levelgen/SurfaceRules$Context$TemperatureHelperCondition.class
  net/minecraft/world/level/levelgen/SurfaceRules$Context.class
  net/minecraft/world/level/levelgen/SurfaceRules$Hole.class
  net/minecraft/world/level/levelgen/SurfaceRules$LazyCondition.class
  net/minecraft/world/level/levelgen/SurfaceRules$LazyXZCondition.class
  net/minecraft/world/level/levelgen/SurfaceRules$LazyYCondition.class
  net/minecraft/world/level/levelgen/SurfaceRules$NoiseThresholdConditionSource$1NoiseThresholdCondition.class
  net/minecraft/world/level/levelgen/SurfaceRules$NoiseThresholdConditionSource.class
  net/minecraft/world/level/levelgen/SurfaceRules$NotCondition.class
  net/minecraft/world/level/levelgen/SurfaceRules$NotConditionSource.class
  net/minecraft/world/level/levelgen/SurfaceRules$RuleSource.class
  net/minecraft/world/level/levelgen/SurfaceRules$SequenceRule.class
  net/minecraft/world/level/levelgen/SurfaceRules$SequenceRuleSource.class
  net/minecraft/world/level/levelgen/SurfaceRules$StateRule.class
  net/minecraft/world/level/levelgen/SurfaceRules$Steep.class
  net/minecraft/world/level/levelgen/SurfaceRules$StoneDepthCheck$1StoneDepthCondition.class
  net/minecraft/world/level/levelgen/SurfaceRules$StoneDepthCheck.class
  net/minecraft/world/level/levelgen/SurfaceRules$SurfaceRule.class
  net/minecraft/world/level/levelgen/SurfaceRules$Temperature.class
  net/minecraft/world/level/levelgen/SurfaceRules$TestRule.class
  net/minecraft/world/level/levelgen/SurfaceRules$TestRuleSource.class
  net/minecraft/world/level/levelgen/SurfaceRules$VerticalGradientConditionSource$1VerticalGradientCondition.class
  net/minecraft/world/level/levelgen/SurfaceRules$VerticalGradientConditionSource.class
  net/minecraft/world/level/levelgen/SurfaceRules$WaterConditionSource$1WaterCondition.class
  net/minecraft/world/level/levelgen/SurfaceRules$WaterConditionSource.class
  net/minecraft/world/level/levelgen/SurfaceRules$YConditionSource$1YCondition.class
  net/minecraft/world/level/levelgen/SurfaceRules$YConditionSource.class
  net/minecraft/world/level/levelgen/SurfaceRules.class
  net/minecraft/world/level/levelgen/SurfaceSystem$1.class
  net/minecraft/world/level/levelgen/SurfaceSystem.class
  net/minecraft/world/level/levelgen/ThreadSafeLegacyRandomSource.class
  net/minecraft/world/level/levelgen/VerticalAnchor$AboveBottom.class
  net/minecraft/world/level/levelgen/VerticalAnchor$Absolute.class
  net/minecraft/world/level/levelgen/VerticalAnchor$BelowTop.class
  net/minecraft/world/level/levelgen/VerticalAnchor.class
  net/minecraft/world/level/levelgen/WorldDimensions$1Entry.class
  net/minecraft/world/level/levelgen/WorldDimensions$Complete.class
  net/minecraft/world/level/levelgen/WorldDimensions.class
  net/minecraft/world/level/levelgen/WorldGenSettings.class
  net/minecraft/world/level/levelgen/WorldGenerationContext.class
  net/minecraft/world/level/levelgen/WorldOptions.class
  net/minecraft/world/level/levelgen/WorldgenRandom$Algorithm.class
  net/minecraft/world/level/levelgen/WorldgenRandom.class
  net/minecraft/world/level/levelgen/Xoroshiro128PlusPlus.class
  net/minecraft/world/level/levelgen/XoroshiroRandomSource$XoroshiroPositionalRandomFactory.class
  net/minecraft/world/level/levelgen/XoroshiroRandomSource.class
  net/minecraft/world/level/levelgen/blending/
  net/minecraft/world/level/levelgen/blending/Blender$1.class
  net/minecraft/world/level/levelgen/blending/Blender$BlendingOutput.class
  net/minecraft/world/level/levelgen/blending/Blender$CellValueGetter.class
  net/minecraft/world/level/levelgen/blending/Blender$DistanceGetter.class
  net/minecraft/world/level/levelgen/blending/Blender.class
  net/minecraft/world/level/levelgen/blending/BlendingData$BiomeConsumer.class
  net/minecraft/world/level/levelgen/blending/BlendingData$DensityConsumer.class
  net/minecraft/world/level/levelgen/blending/BlendingData$HeightConsumer.class
  net/minecraft/world/level/levelgen/blending/BlendingData.class
  net/minecraft/world/level/levelgen/blending/package-info.class
  net/minecraft/world/level/levelgen/blockpredicates/
  net/minecraft/world/level/levelgen/blockpredicates/AllOfPredicate.class
  net/minecraft/world/level/levelgen/blockpredicates/AnyOfPredicate.class
  net/minecraft/world/level/levelgen/blockpredicates/BlockPredicate.class
  net/minecraft/world/level/levelgen/blockpredicates/BlockPredicateType.class
  net/minecraft/world/level/levelgen/blockpredicates/CombiningPredicate.class
  net/minecraft/world/level/levelgen/blockpredicates/HasSturdyFacePredicate.class
  net/minecraft/world/level/levelgen/blockpredicates/InsideWorldBoundsPredicate.class
  net/minecraft/world/level/levelgen/blockpredicates/MatchingBlockTagPredicate.class
  net/minecraft/world/level/levelgen/blockpredicates/MatchingBlocksPredicate.class
  net/minecraft/world/level/levelgen/blockpredicates/MatchingFluidsPredicate.class
  net/minecraft/world/level/levelgen/blockpredicates/NotPredicate.class
  net/minecraft/world/level/levelgen/blockpredicates/ReplaceablePredicate.class
  net/minecraft/world/level/levelgen/blockpredicates/SolidPredicate.class
  net/minecraft/world/level/levelgen/blockpredicates/StateTestingPredicate.class
  net/minecraft/world/level/levelgen/blockpredicates/TrueBlockPredicate.class
  net/minecraft/world/level/levelgen/blockpredicates/UnobstructedPredicate.class
  net/minecraft/world/level/levelgen/blockpredicates/WouldSurvivePredicate.class
  net/minecraft/world/level/levelgen/blockpredicates/package-info.class
  net/minecraft/world/level/levelgen/carver/
  net/minecraft/world/level/levelgen/carver/CanyonCarverConfiguration$CanyonShapeConfiguration.class
  net/minecraft/world/level/levelgen/carver/CanyonCarverConfiguration.class
  net/minecraft/world/level/levelgen/carver/CanyonWorldCarver.class
  net/minecraft/world/level/levelgen/carver/CarverConfiguration.class
  net/minecraft/world/level/levelgen/carver/CarverDebugSettings.class
  net/minecraft/world/level/levelgen/carver/CarvingContext.class
  net/minecraft/world/level/levelgen/carver/CaveCarverConfiguration.class
  net/minecraft/world/level/levelgen/carver/CaveWorldCarver.class
  net/minecraft/world/level/levelgen/carver/ConfiguredWorldCarver.class
  net/minecraft/world/level/levelgen/carver/NetherWorldCarver.class
  net/minecraft/world/level/levelgen/carver/WorldCarver$CarveSkipChecker.class
  net/minecraft/world/level/levelgen/carver/WorldCarver.class
  net/minecraft/world/level/levelgen/carver/package-info.class
  net/minecraft/world/level/levelgen/feature/
  net/minecraft/world/level/levelgen/feature/AbstractHugeMushroomFeature.class
  net/minecraft/world/level/levelgen/feature/BambooFeature.class
  net/minecraft/world/level/levelgen/feature/BasaltColumnsFeature.class
  net/minecraft/world/level/levelgen/feature/BasaltPillarFeature.class
  net/minecraft/world/level/levelgen/feature/BlockBlobFeature.class
  net/minecraft/world/level/levelgen/feature/BlockColumnFeature.class
  net/minecraft/world/level/levelgen/feature/BlockPileFeature.class
  net/minecraft/world/level/levelgen/feature/BlueIceFeature.class
  net/minecraft/world/level/levelgen/feature/BonusChestFeature.class
  net/minecraft/world/level/levelgen/feature/ChorusPlantFeature.class
  net/minecraft/world/level/levelgen/feature/ConfiguredFeature.class
  net/minecraft/world/level/levelgen/feature/CoralClawFeature.class
  net/minecraft/world/level/levelgen/feature/CoralFeature.class
  net/minecraft/world/level/levelgen/feature/CoralMushroomFeature.class
  net/minecraft/world/level/levelgen/feature/CoralTreeFeature.class
  net/minecraft/world/level/levelgen/feature/DeltaFeature.class
  net/minecraft/world/level/levelgen/feature/DesertWellFeature.class
  net/minecraft/world/level/levelgen/feature/DiskFeature.class
  net/minecraft/world/level/levelgen/feature/DripstoneClusterFeature.class
  net/minecraft/world/level/levelgen/feature/DripstoneUtils.class
  net/minecraft/world/level/levelgen/feature/EndGatewayFeature.class
  net/minecraft/world/level/levelgen/feature/EndIslandFeature.class
  net/minecraft/world/level/levelgen/feature/EndPlatformFeature.class
  net/minecraft/world/level/levelgen/feature/EndPodiumFeature.class
  net/minecraft/world/level/levelgen/feature/Feature.class
  net/minecraft/world/level/levelgen/feature/FeatureCountTracker$1.class
  net/minecraft/world/level/levelgen/feature/FeatureCountTracker$FeatureData.class
  net/minecraft/world/level/levelgen/feature/FeatureCountTracker$LevelData.class
  net/minecraft/world/level/levelgen/feature/FeatureCountTracker.class
  net/minecraft/world/level/levelgen/feature/FeaturePlaceContext.class
  net/minecraft/world/level/levelgen/feature/FillLayerFeature.class
  net/minecraft/world/level/levelgen/feature/FossilFeature.class
  net/minecraft/world/level/levelgen/feature/FossilFeatureConfiguration.class
  net/minecraft/world/level/levelgen/feature/GeodeFeature.class
  net/minecraft/world/level/levelgen/feature/GlowstoneFeature.class
  net/minecraft/world/level/levelgen/feature/HugeBrownMushroomFeature.class
  net/minecraft/world/level/levelgen/feature/HugeFungusConfiguration.class
  net/minecraft/world/level/levelgen/feature/HugeFungusFeature.class
  net/minecraft/world/level/levelgen/feature/HugeRedMushroomFeature.class
  net/minecraft/world/level/levelgen/feature/IceSpikeFeature.class
  net/minecraft/world/level/levelgen/feature/IcebergFeature.class
  net/minecraft/world/level/levelgen/feature/KelpFeature.class
  net/minecraft/world/level/levelgen/feature/LakeFeature$Configuration.class
  net/minecraft/world/level/levelgen/feature/LakeFeature.class
  net/minecraft/world/level/levelgen/feature/LargeDripstoneFeature$LargeDripstone.class
  net/minecraft/world/level/levelgen/feature/LargeDripstoneFeature$WindOffsetter.class
  net/minecraft/world/level/levelgen/feature/LargeDripstoneFeature.class
  net/minecraft/world/level/levelgen/feature/MonsterRoomFeature.class
  net/minecraft/world/level/levelgen/feature/MultifaceGrowthFeature.class
  net/minecraft/world/level/levelgen/feature/NetherForestVegetationFeature.class
  net/minecraft/world/level/levelgen/feature/NoOpFeature.class
  net/minecraft/world/level/levelgen/feature/OreFeature.class
  net/minecraft/world/level/levelgen/feature/PointedDripstoneFeature.class
  net/minecraft/world/level/levelgen/feature/RandomBooleanSelectorFeature.class
  net/minecraft/world/level/levelgen/feature/RandomPatchFeature.class
  net/minecraft/world/level/levelgen/feature/RandomSelectorFeature.class
  net/minecraft/world/level/levelgen/feature/ReplaceBlobsFeature.class
  net/minecraft/world/level/levelgen/feature/ReplaceBlockFeature.class
  net/minecraft/world/level/levelgen/feature/RootSystemFeature.class
  net/minecraft/world/level/levelgen/feature/ScatteredOreFeature.class
  net/minecraft/world/level/levelgen/feature/SculkPatchFeature.class
  net/minecraft/world/level/levelgen/feature/SeaPickleFeature.class
  net/minecraft/world/level/levelgen/feature/SeagrassFeature.class
  net/minecraft/world/level/levelgen/feature/SimpleBlockFeature.class
  net/minecraft/world/level/levelgen/feature/SimpleRandomSelectorFeature.class
  net/minecraft/world/level/levelgen/feature/SnowAndFreezeFeature.class
  net/minecraft/world/level/levelgen/feature/SpikeFeature$EndSpike.class
  net/minecraft/world/level/levelgen/feature/SpikeFeature$SpikeCacheLoader.class
  net/minecraft/world/level/levelgen/feature/SpikeFeature.class
  net/minecraft/world/level/levelgen/feature/SpringFeature.class
  net/minecraft/world/level/levelgen/feature/TreeFeature$1.class
  net/minecraft/world/level/levelgen/feature/TreeFeature.class
  net/minecraft/world/level/levelgen/feature/TwistingVinesFeature.class
  net/minecraft/world/level/levelgen/feature/UnderwaterMagmaFeature.class
  net/minecraft/world/level/levelgen/feature/VegetationPatchFeature.class
  net/minecraft/world/level/levelgen/feature/VinesFeature.class
  net/minecraft/world/level/levelgen/feature/VoidStartPlatformFeature.class
  net/minecraft/world/level/levelgen/feature/WaterloggedVegetationPatchFeature.class
  net/minecraft/world/level/levelgen/feature/WeepingVinesFeature.class
  net/minecraft/world/level/levelgen/feature/WeightedPlacedFeature.class
  net/minecraft/world/level/levelgen/feature/configurations/
  net/minecraft/world/level/levelgen/feature/configurations/BlockColumnConfiguration$Layer.class
  net/minecraft/world/level/levelgen/feature/configurations/BlockColumnConfiguration.class
  net/minecraft/world/level/levelgen/feature/configurations/BlockPileConfiguration.class
  net/minecraft/world/level/levelgen/feature/configurations/BlockStateConfiguration.class
  net/minecraft/world/level/levelgen/feature/configurations/ColumnFeatureConfiguration.class
  net/minecraft/world/level/levelgen/feature/configurations/CountConfiguration.class
  net/minecraft/world/level/levelgen/feature/configurations/DeltaFeatureConfiguration.class
  net/minecraft/world/level/levelgen/feature/configurations/DiskConfiguration.class
  net/minecraft/world/level/levelgen/feature/configurations/DripstoneClusterConfiguration.class
  net/minecraft/world/level/levelgen/feature/configurations/EndGatewayConfiguration.class
  net/minecraft/world/level/levelgen/feature/configurations/FeatureConfiguration.class
  net/minecraft/world/level/levelgen/feature/configurations/GeodeConfiguration.class
  net/minecraft/world/level/levelgen/feature/configurations/HugeMushroomFeatureConfiguration.class
  net/minecraft/world/level/levelgen/feature/configurations/LargeDripstoneConfiguration.class
  net/minecraft/world/level/levelgen/feature/configurations/LayerConfiguration.class
  net/minecraft/world/level/levelgen/feature/configurations/MultifaceGrowthConfiguration.class
  net/minecraft/world/level/levelgen/feature/configurations/NetherForestVegetationConfig.class
  net/minecraft/world/level/levelgen/feature/configurations/NoneFeatureConfiguration.class
  net/minecraft/world/level/levelgen/feature/configurations/OreConfiguration$TargetBlockState.class
  net/minecraft/world/level/levelgen/feature/configurations/OreConfiguration.class
  net/minecraft/world/level/levelgen/feature/configurations/PointedDripstoneConfiguration.class
  net/minecraft/world/level/levelgen/feature/configurations/ProbabilityFeatureConfiguration.class
  net/minecraft/world/level/levelgen/feature/configurations/RandomBooleanFeatureConfiguration.class
  net/minecraft/world/level/levelgen/feature/configurations/RandomFeatureConfiguration.class
  net/minecraft/world/level/levelgen/feature/configurations/RandomPatchConfiguration.class
  net/minecraft/world/level/levelgen/feature/configurations/ReplaceBlockConfiguration.class
  net/minecraft/world/level/levelgen/feature/configurations/ReplaceSphereConfiguration.class
  net/minecraft/world/level/levelgen/feature/configurations/RootSystemConfiguration.class
  net/minecraft/world/level/levelgen/feature/configurations/SculkPatchConfiguration.class
  net/minecraft/world/level/levelgen/feature/configurations/SimpleBlockConfiguration.class
  net/minecraft/world/level/levelgen/feature/configurations/SimpleRandomFeatureConfiguration.class
  net/minecraft/world/level/levelgen/feature/configurations/SpikeConfiguration.class
  net/minecraft/world/level/levelgen/feature/configurations/SpringConfiguration.class
  net/minecraft/world/level/levelgen/feature/configurations/TreeConfiguration$TreeConfigurationBuilder.class
  net/minecraft/world/level/levelgen/feature/configurations/TreeConfiguration.class
  net/minecraft/world/level/levelgen/feature/configurations/TwistingVinesConfig.class
  net/minecraft/world/level/levelgen/feature/configurations/UnderwaterMagmaConfiguration.class
  net/minecraft/world/level/levelgen/feature/configurations/VegetationPatchConfiguration.class
  net/minecraft/world/level/levelgen/feature/configurations/package-info.class
  net/minecraft/world/level/levelgen/feature/featuresize/
  net/minecraft/world/level/levelgen/feature/featuresize/FeatureSize.class
  net/minecraft/world/level/levelgen/feature/featuresize/FeatureSizeType.class
  net/minecraft/world/level/levelgen/feature/featuresize/ThreeLayersFeatureSize.class
  net/minecraft/world/level/levelgen/feature/featuresize/TwoLayersFeatureSize.class
  net/minecraft/world/level/levelgen/feature/featuresize/package-info.class
  net/minecraft/world/level/levelgen/feature/foliageplacers/
  net/minecraft/world/level/levelgen/feature/foliageplacers/AcaciaFoliagePlacer.class
  net/minecraft/world/level/levelgen/feature/foliageplacers/BlobFoliagePlacer.class
  net/minecraft/world/level/levelgen/feature/foliageplacers/BushFoliagePlacer.class
  net/minecraft/world/level/levelgen/feature/foliageplacers/CherryFoliagePlacer.class
  net/minecraft/world/level/levelgen/feature/foliageplacers/DarkOakFoliagePlacer.class
  net/minecraft/world/level/levelgen/feature/foliageplacers/FancyFoliagePlacer.class
  net/minecraft/world/level/levelgen/feature/foliageplacers/FoliagePlacer$FoliageAttachment.class
  net/minecraft/world/level/levelgen/feature/foliageplacers/FoliagePlacer$FoliageSetter.class
  net/minecraft/world/level/levelgen/feature/foliageplacers/FoliagePlacer.class
  net/minecraft/world/level/levelgen/feature/foliageplacers/FoliagePlacerType.class
  net/minecraft/world/level/levelgen/feature/foliageplacers/MegaJungleFoliagePlacer.class
  net/minecraft/world/level/levelgen/feature/foliageplacers/MegaPineFoliagePlacer.class
  net/minecraft/world/level/levelgen/feature/foliageplacers/PineFoliagePlacer.class
  net/minecraft/world/level/levelgen/feature/foliageplacers/RandomSpreadFoliagePlacer.class
  net/minecraft/world/level/levelgen/feature/foliageplacers/SpruceFoliagePlacer.class
  net/minecraft/world/level/levelgen/feature/foliageplacers/package-info.class
  net/minecraft/world/level/levelgen/feature/package-info.class
  net/minecraft/world/level/levelgen/feature/rootplacers/
  net/minecraft/world/level/levelgen/feature/rootplacers/AboveRootPlacement.class
  net/minecraft/world/level/levelgen/feature/rootplacers/MangroveRootPlacement.class
  net/minecraft/world/level/levelgen/feature/rootplacers/MangroveRootPlacer.class
  net/minecraft/world/level/levelgen/feature/rootplacers/RootPlacer.class
  net/minecraft/world/level/levelgen/feature/rootplacers/RootPlacerType.class
  net/minecraft/world/level/levelgen/feature/rootplacers/package-info.class
  net/minecraft/world/level/levelgen/feature/stateproviders/
  net/minecraft/world/level/levelgen/feature/stateproviders/BlockStateProvider.class
  net/minecraft/world/level/levelgen/feature/stateproviders/BlockStateProviderType.class
  net/minecraft/world/level/levelgen/feature/stateproviders/DualNoiseProvider.class
  net/minecraft/world/level/levelgen/feature/stateproviders/NoiseBasedStateProvider.class
  net/minecraft/world/level/levelgen/feature/stateproviders/NoiseProvider.class
  net/minecraft/world/level/levelgen/feature/stateproviders/NoiseThresholdProvider.class
  net/minecraft/world/level/levelgen/feature/stateproviders/RandomizedIntStateProvider.class
  net/minecraft/world/level/levelgen/feature/stateproviders/RotatedBlockProvider.class
  net/minecraft/world/level/levelgen/feature/stateproviders/RuleBasedBlockStateProvider$Rule.class
  net/minecraft/world/level/levelgen/feature/stateproviders/RuleBasedBlockStateProvider.class
  net/minecraft/world/level/levelgen/feature/stateproviders/SimpleStateProvider.class
  net/minecraft/world/level/levelgen/feature/stateproviders/WeightedStateProvider.class
  net/minecraft/world/level/levelgen/feature/stateproviders/package-info.class
  net/minecraft/world/level/levelgen/feature/treedecorators/
  net/minecraft/world/level/levelgen/feature/treedecorators/AlterGroundDecorator.class
  net/minecraft/world/level/levelgen/feature/treedecorators/AttachedToLeavesDecorator.class
  net/minecraft/world/level/levelgen/feature/treedecorators/BeehiveDecorator.class
  net/minecraft/world/level/levelgen/feature/treedecorators/CocoaDecorator.class
  net/minecraft/world/level/levelgen/feature/treedecorators/LeaveVineDecorator.class
  net/minecraft/world/level/levelgen/feature/treedecorators/TreeDecorator$Context.class
  net/minecraft/world/level/levelgen/feature/treedecorators/TreeDecorator.class
  net/minecraft/world/level/levelgen/feature/treedecorators/TreeDecoratorType.class
  net/minecraft/world/level/levelgen/feature/treedecorators/TrunkVineDecorator.class
  net/minecraft/world/level/levelgen/feature/treedecorators/package-info.class
  net/minecraft/world/level/levelgen/feature/trunkplacers/
  net/minecraft/world/level/levelgen/feature/trunkplacers/BendingTrunkPlacer.class
  net/minecraft/world/level/levelgen/feature/trunkplacers/CherryTrunkPlacer.class
  net/minecraft/world/level/levelgen/feature/trunkplacers/DarkOakTrunkPlacer.class
  net/minecraft/world/level/levelgen/feature/trunkplacers/FancyTrunkPlacer$FoliageCoords.class
  net/minecraft/world/level/levelgen/feature/trunkplacers/FancyTrunkPlacer.class
  net/minecraft/world/level/levelgen/feature/trunkplacers/ForkingTrunkPlacer.class
  net/minecraft/world/level/levelgen/feature/trunkplacers/GiantTrunkPlacer.class
  net/minecraft/world/level/levelgen/feature/trunkplacers/MegaJungleTrunkPlacer.class
  net/minecraft/world/level/levelgen/feature/trunkplacers/StraightTrunkPlacer.class
  net/minecraft/world/level/levelgen/feature/trunkplacers/TrunkPlacer.class
  net/minecraft/world/level/levelgen/feature/trunkplacers/TrunkPlacerType.class
  net/minecraft/world/level/levelgen/feature/trunkplacers/UpwardsBranchingTrunkPlacer.class
  net/minecraft/world/level/levelgen/feature/trunkplacers/package-info.class
  net/minecraft/world/level/levelgen/flat/
  net/minecraft/world/level/levelgen/flat/FlatLayerInfo.class
  net/minecraft/world/level/levelgen/flat/FlatLevelGeneratorPreset.class
  net/minecraft/world/level/levelgen/flat/FlatLevelGeneratorPresets$Bootstrap.class
  net/minecraft/world/level/levelgen/flat/FlatLevelGeneratorPresets.class
  net/minecraft/world/level/levelgen/flat/FlatLevelGeneratorSettings.class
  net/minecraft/world/level/levelgen/flat/package-info.class
  net/minecraft/world/level/levelgen/heightproviders/
  net/minecraft/world/level/levelgen/heightproviders/BiasedToBottomHeight.class
  net/minecraft/world/level/levelgen/heightproviders/ConstantHeight.class
  net/minecraft/world/level/levelgen/heightproviders/HeightProvider.class
  net/minecraft/world/level/levelgen/heightproviders/HeightProviderType.class
  net/minecraft/world/level/levelgen/heightproviders/TrapezoidHeight.class
  net/minecraft/world/level/levelgen/heightproviders/UniformHeight.class
  net/minecraft/world/level/levelgen/heightproviders/VeryBiasedToBottomHeight.class
  net/minecraft/world/level/levelgen/heightproviders/WeightedListHeight.class
  net/minecraft/world/level/levelgen/heightproviders/package-info.class
  net/minecraft/world/level/levelgen/material/
  net/minecraft/world/level/levelgen/material/MaterialRuleList.class
  net/minecraft/world/level/levelgen/material/WorldGenMaterialRule.class
  net/minecraft/world/level/levelgen/material/package-info.class
  net/minecraft/world/level/levelgen/package-info.class
  net/minecraft/world/level/levelgen/placement/
  net/minecraft/world/level/levelgen/placement/BiomeFilter.class
  net/minecraft/world/level/levelgen/placement/BlockPredicateFilter.class
  net/minecraft/world/level/levelgen/placement/CarvingMaskPlacement.class
  net/minecraft/world/level/levelgen/placement/CaveSurface.class
  net/minecraft/world/level/levelgen/placement/CountOnEveryLayerPlacement.class
  net/minecraft/world/level/levelgen/placement/CountPlacement.class
  net/minecraft/world/level/levelgen/placement/EnvironmentScanPlacement.class
  net/minecraft/world/level/levelgen/placement/FixedPlacement.class
  net/minecraft/world/level/levelgen/placement/HeightRangePlacement.class
  net/minecraft/world/level/levelgen/placement/HeightmapPlacement.class
  net/minecraft/world/level/levelgen/placement/InSquarePlacement.class
  net/minecraft/world/level/levelgen/placement/NoiseBasedCountPlacement.class
  net/minecraft/world/level/levelgen/placement/NoiseThresholdCountPlacement.class
  net/minecraft/world/level/levelgen/placement/PlacedFeature.class
  net/minecraft/world/level/levelgen/placement/PlacementContext.class
  net/minecraft/world/level/levelgen/placement/PlacementFilter.class
  net/minecraft/world/level/levelgen/placement/PlacementModifier.class
  net/minecraft/world/level/levelgen/placement/PlacementModifierType.class
  net/minecraft/world/level/levelgen/placement/RandomOffsetPlacement.class
  net/minecraft/world/level/levelgen/placement/RarityFilter.class
  net/minecraft/world/level/levelgen/placement/RepeatingPlacement.class
  net/minecraft/world/level/levelgen/placement/SurfaceRelativeThresholdFilter.class
  net/minecraft/world/level/levelgen/placement/SurfaceWaterDepthFilter.class
  net/minecraft/world/level/levelgen/placement/package-info.class
  net/minecraft/world/level/levelgen/presets/
  net/minecraft/world/level/levelgen/presets/WorldPreset.class
  net/minecraft/world/level/levelgen/presets/WorldPresets$Bootstrap.class
  net/minecraft/world/level/levelgen/presets/WorldPresets.class
  net/minecraft/world/level/levelgen/presets/package-info.class
  net/minecraft/world/level/levelgen/structure/
  net/minecraft/world/level/levelgen/structure/BoundingBox$1.class
  net/minecraft/world/level/levelgen/structure/BoundingBox.class
  net/minecraft/world/level/levelgen/structure/BuiltinStructureSets.class
  net/minecraft/world/level/levelgen/structure/BuiltinStructures.class
  net/minecraft/world/level/levelgen/structure/LegacyStructureDataHandler.class
  net/minecraft/world/level/levelgen/structure/PoolElementStructurePiece.class
  net/minecraft/world/level/levelgen/structure/PostPlacementProcessor.class
  net/minecraft/world/level/levelgen/structure/ScatteredFeaturePiece.class
  net/minecraft/world/level/levelgen/structure/SinglePieceStructure$PieceConstructor.class
  net/minecraft/world/level/levelgen/structure/SinglePieceStructure.class
  net/minecraft/world/level/levelgen/structure/Structure$GenerationContext.class
  net/minecraft/world/level/levelgen/structure/Structure$GenerationStub.class
  net/minecraft/world/level/levelgen/structure/Structure$StructureSettings$Builder.class
  net/minecraft/world/level/levelgen/structure/Structure$StructureSettings.class
  net/minecraft/world/level/levelgen/structure/Structure.class
  net/minecraft/world/level/levelgen/structure/StructureCheck.class
  net/minecraft/world/level/levelgen/structure/StructureCheckResult.class
  net/minecraft/world/level/levelgen/structure/StructureFeatureIndexSavedData.class
  net/minecraft/world/level/levelgen/structure/StructurePiece$1.class
  net/minecraft/world/level/levelgen/structure/StructurePiece$BlockSelector.class
  net/minecraft/world/level/levelgen/structure/StructurePiece.class
  net/minecraft/world/level/levelgen/structure/StructurePieceAccessor.class
  net/minecraft/world/level/levelgen/structure/StructureSet$StructureSelectionEntry.class
  net/minecraft/world/level/levelgen/structure/StructureSet.class
  net/minecraft/world/level/levelgen/structure/StructureSpawnOverride$BoundingBoxType.class
  net/minecraft/world/level/levelgen/structure/StructureSpawnOverride.class
  net/minecraft/world/level/levelgen/structure/StructureStart.class
  net/minecraft/world/level/levelgen/structure/StructureType.class
  net/minecraft/world/level/levelgen/structure/TemplateStructurePiece.class
  net/minecraft/world/level/levelgen/structure/TerrainAdjustment.class
  net/minecraft/world/level/levelgen/structure/package-info.class
  net/minecraft/world/level/levelgen/structure/pieces/
  net/minecraft/world/level/levelgen/structure/pieces/PieceGenerator$Context.class
  net/minecraft/world/level/levelgen/structure/pieces/PieceGenerator.class
  net/minecraft/world/level/levelgen/structure/pieces/PieceGeneratorSupplier$Context.class
  net/minecraft/world/level/levelgen/structure/pieces/PieceGeneratorSupplier.class
  net/minecraft/world/level/levelgen/structure/pieces/PiecesContainer.class
  net/minecraft/world/level/levelgen/structure/pieces/StructurePieceSerializationContext.class
  net/minecraft/world/level/levelgen/structure/pieces/StructurePieceType$ContextlessType.class
  net/minecraft/world/level/levelgen/structure/pieces/StructurePieceType$StructureTemplateType.class
  net/minecraft/world/level/levelgen/structure/pieces/StructurePieceType.class
  net/minecraft/world/level/levelgen/structure/pieces/StructurePiecesBuilder.class
  net/minecraft/world/level/levelgen/structure/pieces/package-info.class
  net/minecraft/world/level/levelgen/structure/placement/
  net/minecraft/world/level/levelgen/structure/placement/ConcentricRingsStructurePlacement.class
  net/minecraft/world/level/levelgen/structure/placement/RandomSpreadStructurePlacement.class
  net/minecraft/world/level/levelgen/structure/placement/RandomSpreadType.class
  net/minecraft/world/level/levelgen/structure/placement/StructurePlacement$ExclusionZone.class
  net/minecraft/world/level/levelgen/structure/placement/StructurePlacement$FrequencyReducer.class
  net/minecraft/world/level/levelgen/structure/placement/StructurePlacement$FrequencyReductionMethod.class
  net/minecraft/world/level/levelgen/structure/placement/StructurePlacement.class
  net/minecraft/world/level/levelgen/structure/placement/StructurePlacementType.class
  net/minecraft/world/level/levelgen/structure/placement/package-info.class
  net/minecraft/world/level/levelgen/structure/pools/
  net/minecraft/world/level/levelgen/structure/pools/DimensionPadding.class
  net/minecraft/world/level/levelgen/structure/pools/EmptyPoolElement.class
  net/minecraft/world/level/levelgen/structure/pools/FeaturePoolElement.class
  net/minecraft/world/level/levelgen/structure/pools/JigsawJunction.class
  net/minecraft/world/level/levelgen/structure/pools/JigsawPlacement$PieceState.class
  net/minecraft/world/level/levelgen/structure/pools/JigsawPlacement$Placer.class
  net/minecraft/world/level/levelgen/structure/pools/JigsawPlacement.class
  net/minecraft/world/level/levelgen/structure/pools/LegacySinglePoolElement.class
  net/minecraft/world/level/levelgen/structure/pools/ListPoolElement.class
  net/minecraft/world/level/levelgen/structure/pools/SinglePoolElement.class
  net/minecraft/world/level/levelgen/structure/pools/StructurePoolElement.class
  net/minecraft/world/level/levelgen/structure/pools/StructurePoolElementType.class
  net/minecraft/world/level/levelgen/structure/pools/StructureTemplatePool$Projection.class
  net/minecraft/world/level/levelgen/structure/pools/StructureTemplatePool.class
  net/minecraft/world/level/levelgen/structure/pools/alias/
  net/minecraft/world/level/levelgen/structure/pools/alias/Direct.class
  net/minecraft/world/level/levelgen/structure/pools/alias/PoolAliasBinding.class
  net/minecraft/world/level/levelgen/structure/pools/alias/PoolAliasBindings.class
  net/minecraft/world/level/levelgen/structure/pools/alias/PoolAliasLookup.class
  net/minecraft/world/level/levelgen/structure/pools/alias/Random.class
  net/minecraft/world/level/levelgen/structure/pools/alias/RandomGroup.class
  net/minecraft/world/level/levelgen/structure/pools/alias/package-info.class
  net/minecraft/world/level/levelgen/structure/pools/package-info.class
  net/minecraft/world/level/levelgen/structure/structures/
  net/minecraft/world/level/levelgen/structure/structures/BuriedTreasurePieces$BuriedTreasurePiece.class
  net/minecraft/world/level/levelgen/structure/structures/BuriedTreasurePieces.class
  net/minecraft/world/level/levelgen/structure/structures/BuriedTreasureStructure.class
  net/minecraft/world/level/levelgen/structure/structures/DesertPyramidPiece.class
  net/minecraft/world/level/levelgen/structure/structures/DesertPyramidStructure.class
  net/minecraft/world/level/levelgen/structure/structures/EndCityPieces$1.class
  net/minecraft/world/level/levelgen/structure/structures/EndCityPieces$2.class
  net/minecraft/world/level/levelgen/structure/structures/EndCityPieces$3.class
  net/minecraft/world/level/levelgen/structure/structures/EndCityPieces$4.class
  net/minecraft/world/level/levelgen/structure/structures/EndCityPieces$EndCityPiece.class
  net/minecraft/world/level/levelgen/structure/structures/EndCityPieces$SectionGenerator.class
  net/minecraft/world/level/levelgen/structure/structures/EndCityPieces.class
  net/minecraft/world/level/levelgen/structure/structures/EndCityStructure.class
  net/minecraft/world/level/levelgen/structure/structures/IglooPieces$IglooPiece.class
  net/minecraft/world/level/levelgen/structure/structures/IglooPieces.class
  net/minecraft/world/level/levelgen/structure/structures/IglooStructure.class
  net/minecraft/world/level/levelgen/structure/structures/JigsawStructure$1.class
  net/minecraft/world/level/levelgen/structure/structures/JigsawStructure.class
  net/minecraft/world/level/levelgen/structure/structures/JungleTemplePiece$MossStoneSelector.class
  net/minecraft/world/level/levelgen/structure/structures/JungleTemplePiece.class
  net/minecraft/world/level/levelgen/structure/structures/JungleTempleStructure.class
  net/minecraft/world/level/levelgen/structure/structures/MineshaftPieces$1.class
  net/minecraft/world/level/levelgen/structure/structures/MineshaftPieces$MineShaftCorridor.class
  net/minecraft/world/level/levelgen/structure/structures/MineshaftPieces$MineShaftCrossing.class
  net/minecraft/world/level/levelgen/structure/structures/MineshaftPieces$MineShaftPiece.class
  net/minecraft/world/level/levelgen/structure/structures/MineshaftPieces$MineShaftRoom.class
  net/minecraft/world/level/levelgen/structure/structures/MineshaftPieces$MineShaftStairs.class
  net/minecraft/world/level/levelgen/structure/structures/MineshaftPieces.class
  net/minecraft/world/level/levelgen/structure/structures/MineshaftStructure$Type.class
  net/minecraft/world/level/levelgen/structure/structures/MineshaftStructure.class
  net/minecraft/world/level/levelgen/structure/structures/NetherFortressPieces$1.class
  net/minecraft/world/level/levelgen/structure/structures/NetherFortressPieces$BridgeCrossing.class
  net/minecraft/world/level/levelgen/structure/structures/NetherFortressPieces$BridgeEndFiller.class
  net/minecraft/world/level/levelgen/structure/structures/NetherFortressPieces$BridgeStraight.class
  net/minecraft/world/level/levelgen/structure/structures/NetherFortressPieces$CastleCorridorStairsPiece.class
  net/minecraft/world/level/levelgen/structure/structures/NetherFortressPieces$CastleCorridorTBalconyPiece.class
  net/minecraft/world/level/levelgen/structure/structures/NetherFortressPieces$CastleEntrance.class
  net/minecraft/world/level/levelgen/structure/structures/NetherFortressPieces$CastleSmallCorridorCrossingPiece.class
  net/minecraft/world/level/levelgen/structure/structures/NetherFortressPieces$CastleSmallCorridorLeftTurnPiece.class
  net/minecraft/world/level/levelgen/structure/structures/NetherFortressPieces$CastleSmallCorridorPiece.class
  net/minecraft/world/level/levelgen/structure/structures/NetherFortressPieces$CastleSmallCorridorRightTurnPiece.class
  net/minecraft/world/level/levelgen/structure/structures/NetherFortressPieces$CastleStalkRoom.class
  net/minecraft/world/level/levelgen/structure/structures/NetherFortressPieces$MonsterThrone.class
  net/minecraft/world/level/levelgen/structure/structures/NetherFortressPieces$NetherBridgePiece.class
  net/minecraft/world/level/levelgen/structure/structures/NetherFortressPieces$PieceWeight.class
  net/minecraft/world/level/levelgen/structure/structures/NetherFortressPieces$RoomCrossing.class
  net/minecraft/world/level/levelgen/structure/structures/NetherFortressPieces$StairsRoom.class
  net/minecraft/world/level/levelgen/structure/structures/NetherFortressPieces$StartPiece.class
  net/minecraft/world/level/levelgen/structure/structures/NetherFortressPieces.class
  net/minecraft/world/level/levelgen/structure/structures/NetherFortressStructure.class
  net/minecraft/world/level/levelgen/structure/structures/NetherFossilPieces$NetherFossilPiece.class
  net/minecraft/world/level/levelgen/structure/structures/NetherFossilPieces.class
  net/minecraft/world/level/levelgen/structure/structures/NetherFossilStructure.class
  net/minecraft/world/level/levelgen/structure/structures/OceanMonumentPieces$1.class
  net/minecraft/world/level/levelgen/structure/structures/OceanMonumentPieces$FitDoubleXRoom.class
  net/minecraft/world/level/levelgen/structure/structures/OceanMonumentPieces$FitDoubleXYRoom.class
  net/minecraft/world/level/levelgen/structure/structures/OceanMonumentPieces$FitDoubleYRoom.class
  net/minecraft/world/level/levelgen/structure/structures/OceanMonumentPieces$FitDoubleYZRoom.class
  net/minecraft/world/level/levelgen/structure/structures/OceanMonumentPieces$FitDoubleZRoom.class
  net/minecraft/world/level/levelgen/structure/structures/OceanMonumentPieces$FitSimpleRoom.class
  net/minecraft/world/level/levelgen/structure/structures/OceanMonumentPieces$FitSimpleTopRoom.class
  net/minecraft/world/level/levelgen/structure/structures/OceanMonumentPieces$MonumentBuilding.class
  net/minecraft/world/level/levelgen/structure/structures/OceanMonumentPieces$MonumentRoomFitter.class
  net/minecraft/world/level/levelgen/structure/structures/OceanMonumentPieces$OceanMonumentCoreRoom.class
  net/minecraft/world/level/levelgen/structure/structures/OceanMonumentPieces$OceanMonumentDoubleXRoom.class
  net/minecraft/world/level/levelgen/structure/structures/OceanMonumentPieces$OceanMonumentDoubleXYRoom.class
  net/minecraft/world/level/levelgen/structure/structures/OceanMonumentPieces$OceanMonumentDoubleYRoom.class
  net/minecraft/world/level/levelgen/structure/structures/OceanMonumentPieces$OceanMonumentDoubleYZRoom.class
  net/minecraft/world/level/levelgen/structure/structures/OceanMonumentPieces$OceanMonumentDoubleZRoom.class
  net/minecraft/world/level/levelgen/structure/structures/OceanMonumentPieces$OceanMonumentEntryRoom.class
  net/minecraft/world/level/levelgen/structure/structures/OceanMonumentPieces$OceanMonumentPenthouse.class
  net/minecraft/world/level/levelgen/structure/structures/OceanMonumentPieces$OceanMonumentPiece.class
  net/minecraft/world/level/levelgen/structure/structures/OceanMonumentPieces$OceanMonumentSimpleRoom.class
  net/minecraft/world/level/levelgen/structure/structures/OceanMonumentPieces$OceanMonumentSimpleTopRoom.class
  net/minecraft/world/level/levelgen/structure/structures/OceanMonumentPieces$OceanMonumentWingRoom.class
  net/minecraft/world/level/levelgen/structure/structures/OceanMonumentPieces$RoomDefinition.class
  net/minecraft/world/level/levelgen/structure/structures/OceanMonumentPieces.class
  net/minecraft/world/level/levelgen/structure/structures/OceanMonumentStructure.class
  net/minecraft/world/level/levelgen/structure/structures/OceanRuinPieces$1.class
  net/minecraft/world/level/levelgen/structure/structures/OceanRuinPieces$OceanRuinPiece.class
  net/minecraft/world/level/levelgen/structure/structures/OceanRuinPieces.class
  net/minecraft/world/level/levelgen/structure/structures/OceanRuinStructure$Type.class
  net/minecraft/world/level/levelgen/structure/structures/OceanRuinStructure.class
  net/minecraft/world/level/levelgen/structure/structures/RuinedPortalPiece$Properties.class
  net/minecraft/world/level/levelgen/structure/structures/RuinedPortalPiece$VerticalPlacement.class
  net/minecraft/world/level/levelgen/structure/structures/RuinedPortalPiece.class
  net/minecraft/world/level/levelgen/structure/structures/RuinedPortalStructure$Setup.class
  net/minecraft/world/level/levelgen/structure/structures/RuinedPortalStructure.class
  net/minecraft/world/level/levelgen/structure/structures/ShipwreckPieces$ShipwreckPiece.class
  net/minecraft/world/level/levelgen/structure/structures/ShipwreckPieces.class
  net/minecraft/world/level/levelgen/structure/structures/ShipwreckStructure.class
  net/minecraft/world/level/levelgen/structure/structures/StrongholdPieces$1.class
  net/minecraft/world/level/levelgen/structure/structures/StrongholdPieces$2.class
  net/minecraft/world/level/levelgen/structure/structures/StrongholdPieces$3.class
  net/minecraft/world/level/levelgen/structure/structures/StrongholdPieces$ChestCorridor.class
  net/minecraft/world/level/levelgen/structure/structures/StrongholdPieces$FillerCorridor.class
  net/minecraft/world/level/levelgen/structure/structures/StrongholdPieces$FiveCrossing.class
  net/minecraft/world/level/levelgen/structure/structures/StrongholdPieces$LeftTurn.class
  net/minecraft/world/level/levelgen/structure/structures/StrongholdPieces$Library.class
  net/minecraft/world/level/levelgen/structure/structures/StrongholdPieces$PieceWeight.class
  net/minecraft/world/level/levelgen/structure/structures/StrongholdPieces$PortalRoom.class
  net/minecraft/world/level/levelgen/structure/structures/StrongholdPieces$PrisonHall.class
  net/minecraft/world/level/levelgen/structure/structures/StrongholdPieces$RightTurn.class
  net/minecraft/world/level/levelgen/structure/structures/StrongholdPieces$RoomCrossing.class
  net/minecraft/world/level/levelgen/structure/structures/StrongholdPieces$SmoothStoneSelector.class
  net/minecraft/world/level/levelgen/structure/structures/StrongholdPieces$StairsDown.class
  net/minecraft/world/level/levelgen/structure/structures/StrongholdPieces$StartPiece.class
  net/minecraft/world/level/levelgen/structure/structures/StrongholdPieces$Straight.class
  net/minecraft/world/level/levelgen/structure/structures/StrongholdPieces$StraightStairsDown.class
  net/minecraft/world/level/levelgen/structure/structures/StrongholdPieces$StrongholdPiece$SmallDoorType.class
  net/minecraft/world/level/levelgen/structure/structures/StrongholdPieces$StrongholdPiece.class
  net/minecraft/world/level/levelgen/structure/structures/StrongholdPieces$Turn.class
  net/minecraft/world/level/levelgen/structure/structures/StrongholdPieces.class
  net/minecraft/world/level/levelgen/structure/structures/StrongholdStructure.class
  net/minecraft/world/level/levelgen/structure/structures/SwampHutPiece.class
  net/minecraft/world/level/levelgen/structure/structures/SwampHutStructure.class
  net/minecraft/world/level/levelgen/structure/structures/WoodlandMansionPieces$FirstFloorRoomCollection.class
  net/minecraft/world/level/levelgen/structure/structures/WoodlandMansionPieces$FloorRoomCollection.class
  net/minecraft/world/level/levelgen/structure/structures/WoodlandMansionPieces$MansionGrid.class
  net/minecraft/world/level/levelgen/structure/structures/WoodlandMansionPieces$MansionPiecePlacer.class
  net/minecraft/world/level/levelgen/structure/structures/WoodlandMansionPieces$PlacementData.class
  net/minecraft/world/level/levelgen/structure/structures/WoodlandMansionPieces$SecondFloorRoomCollection.class
  net/minecraft/world/level/levelgen/structure/structures/WoodlandMansionPieces$SimpleGrid.class
  net/minecraft/world/level/levelgen/structure/structures/WoodlandMansionPieces$ThirdFloorRoomCollection.class
  net/minecraft/world/level/levelgen/structure/structures/WoodlandMansionPieces$WoodlandMansionPiece.class
  net/minecraft/world/level/levelgen/structure/structures/WoodlandMansionPieces.class
  net/minecraft/world/level/levelgen/structure/structures/WoodlandMansionStructure.class
  net/minecraft/world/level/levelgen/structure/structures/package-info.class
  net/minecraft/world/level/levelgen/structure/templatesystem/
  net/minecraft/world/level/levelgen/structure/templatesystem/AlwaysTrueTest.class
  net/minecraft/world/level/levelgen/structure/templatesystem/AxisAlignedLinearPosTest.class
  net/minecraft/world/level/levelgen/structure/templatesystem/BlackstoneReplaceProcessor.class
  net/minecraft/world/level/levelgen/structure/templatesystem/BlockAgeProcessor.class
  net/minecraft/world/level/levelgen/structure/templatesystem/BlockIgnoreProcessor.class
  net/minecraft/world/level/levelgen/structure/templatesystem/BlockMatchTest.class
  net/minecraft/world/level/levelgen/structure/templatesystem/BlockRotProcessor.class
  net/minecraft/world/level/levelgen/structure/templatesystem/BlockStateMatchTest.class
  net/minecraft/world/level/levelgen/structure/templatesystem/CappedProcessor.class
  net/minecraft/world/level/levelgen/structure/templatesystem/GravityProcessor.class
  net/minecraft/world/level/levelgen/structure/templatesystem/JigsawReplacementProcessor.class
  net/minecraft/world/level/levelgen/structure/templatesystem/LavaSubmergedBlockProcessor.class
  net/minecraft/world/level/levelgen/structure/templatesystem/LinearPosTest.class
  net/minecraft/world/level/levelgen/structure/templatesystem/LiquidSettings.class
  net/minecraft/world/level/levelgen/structure/templatesystem/NopProcessor.class
  net/minecraft/world/level/levelgen/structure/templatesystem/PosAlwaysTrueTest.class
  net/minecraft/world/level/levelgen/structure/templatesystem/PosRuleTest.class
  net/minecraft/world/level/levelgen/structure/templatesystem/PosRuleTestType.class
  net/minecraft/world/level/levelgen/structure/templatesystem/ProcessorRule.class
  net/minecraft/world/level/levelgen/structure/templatesystem/ProtectedBlockProcessor.class
  net/minecraft/world/level/levelgen/structure/templatesystem/RandomBlockMatchTest.class
  net/minecraft/world/level/levelgen/structure/templatesystem/RandomBlockStateMatchTest.class
  net/minecraft/world/level/levelgen/structure/templatesystem/RuleProcessor.class
  net/minecraft/world/level/levelgen/structure/templatesystem/RuleTest.class
  net/minecraft/world/level/levelgen/structure/templatesystem/RuleTestType.class
  net/minecraft/world/level/levelgen/structure/templatesystem/StructurePlaceSettings.class
  net/minecraft/world/level/levelgen/structure/templatesystem/StructureProcessor.class
  net/minecraft/world/level/levelgen/structure/templatesystem/StructureProcessorList.class
  net/minecraft/world/level/levelgen/structure/templatesystem/StructureProcessorType.class
  net/minecraft/world/level/levelgen/structure/templatesystem/StructureTemplate$1.class
  net/minecraft/world/level/levelgen/structure/templatesystem/StructureTemplate$Palette.class
  net/minecraft/world/level/levelgen/structure/templatesystem/StructureTemplate$SimplePalette.class
  net/minecraft/world/level/levelgen/structure/templatesystem/StructureTemplate$StructureBlockInfo.class
  net/minecraft/world/level/levelgen/structure/templatesystem/StructureTemplate$StructureEntityInfo.class
  net/minecraft/world/level/levelgen/structure/templatesystem/StructureTemplate.class
  net/minecraft/world/level/levelgen/structure/templatesystem/StructureTemplateManager$InputStreamOpener.class
  net/minecraft/world/level/levelgen/structure/templatesystem/StructureTemplateManager$Source.class
  net/minecraft/world/level/levelgen/structure/templatesystem/StructureTemplateManager.class
  net/minecraft/world/level/levelgen/structure/templatesystem/TagMatchTest.class
  net/minecraft/world/level/levelgen/structure/templatesystem/package-info.class
  net/minecraft/world/level/levelgen/structure/templatesystem/rule/
  net/minecraft/world/level/levelgen/structure/templatesystem/rule/blockentity/
  net/minecraft/world/level/levelgen/structure/templatesystem/rule/blockentity/AppendLoot.class
  net/minecraft/world/level/levelgen/structure/templatesystem/rule/blockentity/AppendStatic.class
  net/minecraft/world/level/levelgen/structure/templatesystem/rule/blockentity/Clear.class
  net/minecraft/world/level/levelgen/structure/templatesystem/rule/blockentity/Passthrough.class
  net/minecraft/world/level/levelgen/structure/templatesystem/rule/blockentity/RuleBlockEntityModifier.class
  net/minecraft/world/level/levelgen/structure/templatesystem/rule/blockentity/RuleBlockEntityModifierType.class
  net/minecraft/world/level/levelgen/structure/templatesystem/rule/blockentity/package-info.class
  net/minecraft/world/level/levelgen/synth/
  net/minecraft/world/level/levelgen/synth/BlendedNoise.class
  net/minecraft/world/level/levelgen/synth/ImprovedNoise.class
  net/minecraft/world/level/levelgen/synth/NoiseUtils.class
  net/minecraft/world/level/levelgen/synth/NormalNoise$NoiseParameters.class
  net/minecraft/world/level/levelgen/synth/NormalNoise.class
  net/minecraft/world/level/levelgen/synth/PerlinNoise.class
  net/minecraft/world/level/levelgen/synth/PerlinSimplexNoise.class
  net/minecraft/world/level/levelgen/synth/SimplexNoise.class
  net/minecraft/world/level/levelgen/synth/package-info.class
  net/minecraft/world/level/lighting/
  net/minecraft/world/level/lighting/BlockLightEngine.class
  net/minecraft/world/level/lighting/BlockLightSectionStorage$BlockDataLayerStorageMap.class
  net/minecraft/world/level/lighting/BlockLightSectionStorage.class
  net/minecraft/world/level/lighting/ChunkSkyLightSources.class
  net/minecraft/world/level/lighting/DataLayerStorageMap.class
  net/minecraft/world/level/lighting/DynamicGraphMinFixedPoint$1.class
  net/minecraft/world/level/lighting/DynamicGraphMinFixedPoint.class
  net/minecraft/world/level/lighting/LayerLightEventListener$DummyLightLayerEventListener.class
  net/minecraft/world/level/lighting/LayerLightEventListener.class
  net/minecraft/world/level/lighting/LayerLightSectionStorage$SectionState.class
  net/minecraft/world/level/lighting/LayerLightSectionStorage$SectionType.class
  net/minecraft/world/level/lighting/LayerLightSectionStorage.class
  net/minecraft/world/level/lighting/LevelLightEngine.class
  net/minecraft/world/level/lighting/LeveledPriorityQueue$1.class
  net/minecraft/world/level/lighting/LeveledPriorityQueue.class
  net/minecraft/world/level/lighting/LightEngine$QueueEntry.class
  net/minecraft/world/level/lighting/LightEngine.class
  net/minecraft/world/level/lighting/LightEventListener.class
  net/minecraft/world/level/lighting/SkyLightEngine$1.class
  net/minecraft/world/level/lighting/SkyLightEngine.class
  net/minecraft/world/level/lighting/SkyLightSectionStorage$SkyDataLayerStorageMap.class
  net/minecraft/world/level/lighting/SkyLightSectionStorage.class
  net/minecraft/world/level/lighting/SpatialLongSet$InternalMap.class
  net/minecraft/world/level/lighting/SpatialLongSet.class
  net/minecraft/world/level/lighting/package-info.class
  net/minecraft/world/level/material/
  net/minecraft/world/level/material/EmptyFluid.class
  net/minecraft/world/level/material/FlowingFluid$1.class
  net/minecraft/world/level/material/FlowingFluid.class
  net/minecraft/world/level/material/Fluid.class
  net/minecraft/world/level/material/FluidState.class
  net/minecraft/world/level/material/Fluids.class
  net/minecraft/world/level/material/FogType.class
  net/minecraft/world/level/material/LavaFluid$Flowing.class
  net/minecraft/world/level/material/LavaFluid$Source.class
  net/minecraft/world/level/material/LavaFluid.class
  net/minecraft/world/level/material/MapColor$Brightness.class
  net/minecraft/world/level/material/MapColor.class
  net/minecraft/world/level/material/PushReaction.class
  net/minecraft/world/level/material/WaterFluid$Flowing.class
  net/minecraft/world/level/material/WaterFluid$Source.class
  net/minecraft/world/level/material/WaterFluid.class
  net/minecraft/world/level/material/package-info.class
  net/minecraft/world/level/package-info.class
  net/minecraft/world/level/pathfinder/
  net/minecraft/world/level/pathfinder/AmphibiousNodeEvaluator.class
  net/minecraft/world/level/pathfinder/BinaryHeap.class
  net/minecraft/world/level/pathfinder/FlyNodeEvaluator.class
  net/minecraft/world/level/pathfinder/Node.class
  net/minecraft/world/level/pathfinder/NodeEvaluator.class
  net/minecraft/world/level/pathfinder/Path$DebugData.class
  net/minecraft/world/level/pathfinder/Path.class
  net/minecraft/world/level/pathfinder/PathComputationType.class
  net/minecraft/world/level/pathfinder/PathFinder.class
  net/minecraft/world/level/pathfinder/PathType.class
  net/minecraft/world/level/pathfinder/PathTypeCache.class
  net/minecraft/world/level/pathfinder/PathfindingContext.class
  net/minecraft/world/level/pathfinder/SwimNodeEvaluator.class
  net/minecraft/world/level/pathfinder/Target.class
  net/minecraft/world/level/pathfinder/WalkNodeEvaluator$1.class
  net/minecraft/world/level/pathfinder/WalkNodeEvaluator.class
  net/minecraft/world/level/pathfinder/package-info.class
  net/minecraft/world/level/portal/
  net/minecraft/world/level/portal/DimensionTransition$PostDimensionTransition.class
  net/minecraft/world/level/portal/DimensionTransition.class
  net/minecraft/world/level/portal/PortalForcer.class
  net/minecraft/world/level/portal/PortalShape.class
  net/minecraft/world/level/portal/package-info.class
  net/minecraft/world/level/redstone/
  net/minecraft/world/level/redstone/CollectingNeighborUpdater$FullNeighborUpdate.class
  net/minecraft/world/level/redstone/CollectingNeighborUpdater$MultiNeighborUpdate.class
  net/minecraft/world/level/redstone/CollectingNeighborUpdater$NeighborUpdates.class
  net/minecraft/world/level/redstone/CollectingNeighborUpdater$ShapeUpdate.class
  net/minecraft/world/level/redstone/CollectingNeighborUpdater$SimpleNeighborUpdate.class
  net/minecraft/world/level/redstone/CollectingNeighborUpdater.class
  net/minecraft/world/level/redstone/InstantNeighborUpdater.class
  net/minecraft/world/level/redstone/NeighborUpdater.class
  net/minecraft/world/level/redstone/Redstone.class
  net/minecraft/world/level/redstone/package-info.class
  net/minecraft/world/level/saveddata/
  net/minecraft/world/level/saveddata/SavedData$Factory.class
  net/minecraft/world/level/saveddata/SavedData.class
  net/minecraft/world/level/saveddata/maps/
  net/minecraft/world/level/saveddata/maps/MapBanner$1.class
  net/minecraft/world/level/saveddata/maps/MapBanner.class
  net/minecraft/world/level/saveddata/maps/MapDecoration.class
  net/minecraft/world/level/saveddata/maps/MapDecorationType.class
  net/minecraft/world/level/saveddata/maps/MapDecorationTypes.class
  net/minecraft/world/level/saveddata/maps/MapFrame.class
  net/minecraft/world/level/saveddata/maps/MapId.class
  net/minecraft/world/level/saveddata/maps/MapIndex.class
  net/minecraft/world/level/saveddata/maps/MapItemSavedData$HoldingPlayer.class
  net/minecraft/world/level/saveddata/maps/MapItemSavedData$MapPatch.class
  net/minecraft/world/level/saveddata/maps/MapItemSavedData.class
  net/minecraft/world/level/saveddata/maps/package-info.class
  net/minecraft/world/level/saveddata/package-info.class
  net/minecraft/world/level/storage/
  net/minecraft/world/level/storage/CommandStorage$Container.class
  net/minecraft/world/level/storage/CommandStorage.class
  net/minecraft/world/level/storage/DataVersion.class
  net/minecraft/world/level/storage/DerivedLevelData.class
  net/minecraft/world/level/storage/DimensionDataStorage.class
  net/minecraft/world/level/storage/FileNameDateFormatter.class
  net/minecraft/world/level/storage/LevelData.class
  net/minecraft/world/level/storage/LevelDataAndDimensions.class
  net/minecraft/world/level/storage/LevelResource.class
  net/minecraft/world/level/storage/LevelStorageException.class
  net/minecraft/world/level/storage/LevelStorageSource$LevelCandidates.class
  net/minecraft/world/level/storage/LevelStorageSource$LevelDirectory.class
  net/minecraft/world/level/storage/LevelStorageSource$LevelStorageAccess$1.class
  net/minecraft/world/level/storage/LevelStorageSource$LevelStorageAccess$2.class
  net/minecraft/world/level/storage/LevelStorageSource$LevelStorageAccess.class
  net/minecraft/world/level/storage/LevelStorageSource.class
  net/minecraft/world/level/storage/LevelSummary$BackupStatus.class
  net/minecraft/world/level/storage/LevelSummary$CorruptedLevelSummary.class
  net/minecraft/world/level/storage/LevelSummary$SymlinkLevelSummary.class
  net/minecraft/world/level/storage/LevelSummary.class
  net/minecraft/world/level/storage/LevelVersion.class
  net/minecraft/world/level/storage/PlayerDataStorage.class
  net/minecraft/world/level/storage/PrimaryLevelData$SpecialWorldProperty.class
  net/minecraft/world/level/storage/PrimaryLevelData.class
  net/minecraft/world/level/storage/ServerLevelData.class
  net/minecraft/world/level/storage/WorldData.class
  net/minecraft/world/level/storage/WritableLevelData.class
  net/minecraft/world/level/storage/loot/
  net/minecraft/world/level/storage/loot/BuiltInLootTables.class
  net/minecraft/world/level/storage/loot/ContainerComponentManipulator.class
  net/minecraft/world/level/storage/loot/ContainerComponentManipulators$1.class
  net/minecraft/world/level/storage/loot/ContainerComponentManipulators$2.class
  net/minecraft/world/level/storage/loot/ContainerComponentManipulators$3.class
  net/minecraft/world/level/storage/loot/ContainerComponentManipulators.class
  net/minecraft/world/level/storage/loot/IntRange$IntChecker.class
  net/minecraft/world/level/storage/loot/IntRange$IntLimiter.class
  net/minecraft/world/level/storage/loot/IntRange.class
  net/minecraft/world/level/storage/loot/LootContext$Builder.class
  net/minecraft/world/level/storage/loot/LootContext$EntityTarget.class
  net/minecraft/world/level/storage/loot/LootContext$VisitedEntry.class
  net/minecraft/world/level/storage/loot/LootContext.class
  net/minecraft/world/level/storage/loot/LootContextUser.class
  net/minecraft/world/level/storage/loot/LootDataType$Validator.class
  net/minecraft/world/level/storage/loot/LootDataType.class
  net/minecraft/world/level/storage/loot/LootParams$Builder.class
  net/minecraft/world/level/storage/loot/LootParams$DynamicDrop.class
  net/minecraft/world/level/storage/loot/LootParams.class
  net/minecraft/world/level/storage/loot/LootPool$Builder.class
  net/minecraft/world/level/storage/loot/LootPool.class
  net/minecraft/world/level/storage/loot/LootTable$Builder.class
  net/minecraft/world/level/storage/loot/LootTable.class
  net/minecraft/world/level/storage/loot/ValidationContext.class
  net/minecraft/world/level/storage/loot/entries/
  net/minecraft/world/level/storage/loot/entries/AlternativesEntry$Builder.class
  net/minecraft/world/level/storage/loot/entries/AlternativesEntry.class
  net/minecraft/world/level/storage/loot/entries/ComposableEntryContainer.class
  net/minecraft/world/level/storage/loot/entries/CompositeEntryBase$CompositeEntryConstructor.class
  net/minecraft/world/level/storage/loot/entries/CompositeEntryBase.class
  net/minecraft/world/level/storage/loot/entries/DynamicLoot.class
  net/minecraft/world/level/storage/loot/entries/EmptyLootItem.class
  net/minecraft/world/level/storage/loot/entries/EntryGroup$Builder.class
  net/minecraft/world/level/storage/loot/entries/EntryGroup.class
  net/minecraft/world/level/storage/loot/entries/LootItem.class
  net/minecraft/world/level/storage/loot/entries/LootPoolEntries.class
  net/minecraft/world/level/storage/loot/entries/LootPoolEntry.class
  net/minecraft/world/level/storage/loot/entries/LootPoolEntryContainer$Builder.class
  net/minecraft/world/level/storage/loot/entries/LootPoolEntryContainer.class
  net/minecraft/world/level/storage/loot/entries/LootPoolEntryType.class
  net/minecraft/world/level/storage/loot/entries/LootPoolSingletonContainer$1.class
  net/minecraft/world/level/storage/loot/entries/LootPoolSingletonContainer$Builder.class
  net/minecraft/world/level/storage/loot/entries/LootPoolSingletonContainer$DummyBuilder.class
  net/minecraft/world/level/storage/loot/entries/LootPoolSingletonContainer$EntryBase.class
  net/minecraft/world/level/storage/loot/entries/LootPoolSingletonContainer$EntryConstructor.class
  net/minecraft/world/level/storage/loot/entries/LootPoolSingletonContainer.class
  net/minecraft/world/level/storage/loot/entries/NestedLootTable.class
  net/minecraft/world/level/storage/loot/entries/SequentialEntry$Builder.class
  net/minecraft/world/level/storage/loot/entries/SequentialEntry.class
  net/minecraft/world/level/storage/loot/entries/TagEntry$1.class
  net/minecraft/world/level/storage/loot/entries/TagEntry.class
  net/minecraft/world/level/storage/loot/entries/package-info.class
  net/minecraft/world/level/storage/loot/functions/
  net/minecraft/world/level/storage/loot/functions/ApplyBonusCount$BinomialWithBonusCount.class
  net/minecraft/world/level/storage/loot/functions/ApplyBonusCount$Formula.class
  net/minecraft/world/level/storage/loot/functions/ApplyBonusCount$FormulaType.class
  net/minecraft/world/level/storage/loot/functions/ApplyBonusCount$OreDrops.class
  net/minecraft/world/level/storage/loot/functions/ApplyBonusCount$UniformBonusCount.class
  net/minecraft/world/level/storage/loot/functions/ApplyBonusCount.class
  net/minecraft/world/level/storage/loot/functions/ApplyExplosionDecay.class
  net/minecraft/world/level/storage/loot/functions/CopyBlockState$Builder.class
  net/minecraft/world/level/storage/loot/functions/CopyBlockState.class
  net/minecraft/world/level/storage/loot/functions/CopyComponentsFunction$Builder.class
  net/minecraft/world/level/storage/loot/functions/CopyComponentsFunction$Source.class
  net/minecraft/world/level/storage/loot/functions/CopyComponentsFunction.class
  net/minecraft/world/level/storage/loot/functions/CopyCustomDataFunction$Builder.class
  net/minecraft/world/level/storage/loot/functions/CopyCustomDataFunction$CopyOperation.class
  net/minecraft/world/level/storage/loot/functions/CopyCustomDataFunction$MergeStrategy$1.class
  net/minecraft/world/level/storage/loot/functions/CopyCustomDataFunction$MergeStrategy$2.class
  net/minecraft/world/level/storage/loot/functions/CopyCustomDataFunction$MergeStrategy$3.class
  net/minecraft/world/level/storage/loot/functions/CopyCustomDataFunction$MergeStrategy.class
  net/minecraft/world/level/storage/loot/functions/CopyCustomDataFunction.class
  net/minecraft/world/level/storage/loot/functions/CopyNameFunction$NameSource.class
  net/minecraft/world/level/storage/loot/functions/CopyNameFunction.class
  net/minecraft/world/level/storage/loot/functions/EnchantRandomlyFunction$Builder.class
  net/minecraft/world/level/storage/loot/functions/EnchantRandomlyFunction.class
  net/minecraft/world/level/storage/loot/functions/EnchantWithLevelsFunction$Builder.class
  net/minecraft/world/level/storage/loot/functions/EnchantWithLevelsFunction.class
  net/minecraft/world/level/storage/loot/functions/EnchantedCountIncreaseFunction$Builder.class
  net/minecraft/world/level/storage/loot/functions/EnchantedCountIncreaseFunction.class
  net/minecraft/world/level/storage/loot/functions/ExplorationMapFunction$Builder.class
  net/minecraft/world/level/storage/loot/functions/ExplorationMapFunction.class
  net/minecraft/world/level/storage/loot/functions/FillPlayerHead.class
  net/minecraft/world/level/storage/loot/functions/FilteredFunction.class
  net/minecraft/world/level/storage/loot/functions/FunctionReference.class
  net/minecraft/world/level/storage/loot/functions/FunctionUserBuilder.class
  net/minecraft/world/level/storage/loot/functions/LimitCount.class
  net/minecraft/world/level/storage/loot/functions/ListOperation$Append.class
  net/minecraft/world/level/storage/loot/functions/ListOperation$Insert.class
  net/minecraft/world/level/storage/loot/functions/ListOperation$ReplaceAll.class
  net/minecraft/world/level/storage/loot/functions/ListOperation$ReplaceSection.class
  net/minecraft/world/level/storage/loot/functions/ListOperation$StandAlone.class
  net/minecraft/world/level/storage/loot/functions/ListOperation$Type.class
  net/minecraft/world/level/storage/loot/functions/ListOperation.class
  net/minecraft/world/level/storage/loot/functions/LootItemConditionalFunction$Builder.class
  net/minecraft/world/level/storage/loot/functions/LootItemConditionalFunction$DummyBuilder.class
  net/minecraft/world/level/storage/loot/functions/LootItemConditionalFunction.class
  net/minecraft/world/level/storage/loot/functions/LootItemFunction$Builder.class
  net/minecraft/world/level/storage/loot/functions/LootItemFunction.class
  net/minecraft/world/level/storage/loot/functions/LootItemFunctionType.class
  net/minecraft/world/level/storage/loot/functions/LootItemFunctions.class
  net/minecraft/world/level/storage/loot/functions/ModifyContainerContents.class
  net/minecraft/world/level/storage/loot/functions/SequenceFunction.class
  net/minecraft/world/level/storage/loot/functions/SetAttributesFunction$Builder.class
  net/minecraft/world/level/storage/loot/functions/SetAttributesFunction$Modifier.class
  net/minecraft/world/level/storage/loot/functions/SetAttributesFunction$ModifierBuilder.class
  net/minecraft/world/level/storage/loot/functions/SetAttributesFunction.class
  net/minecraft/world/level/storage/loot/functions/SetBannerPatternFunction$Builder.class
  net/minecraft/world/level/storage/loot/functions/SetBannerPatternFunction.class
  net/minecraft/world/level/storage/loot/functions/SetBookCoverFunction.class
  net/minecraft/world/level/storage/loot/functions/SetComponentsFunction.class
  net/minecraft/world/level/storage/loot/functions/SetContainerContents$Builder.class
  net/minecraft/world/level/storage/loot/functions/SetContainerContents.class
  net/minecraft/world/level/storage/loot/functions/SetContainerLootTable.class
  net/minecraft/world/level/storage/loot/functions/SetCustomDataFunction.class
  net/minecraft/world/level/storage/loot/functions/SetCustomModelDataFunction.class
  net/minecraft/world/level/storage/loot/functions/SetEnchantmentsFunction$Builder.class
  net/minecraft/world/level/storage/loot/functions/SetEnchantmentsFunction.class
  net/minecraft/world/level/storage/loot/functions/SetFireworkExplosionFunction.class
  net/minecraft/world/level/storage/loot/functions/SetFireworksFunction.class
  net/minecraft/world/level/storage/loot/functions/SetInstrumentFunction.class
  net/minecraft/world/level/storage/loot/functions/SetItemCountFunction.class
  net/minecraft/world/level/storage/loot/functions/SetItemDamageFunction.class
  net/minecraft/world/level/storage/loot/functions/SetItemFunction.class
  net/minecraft/world/level/storage/loot/functions/SetLoreFunction$Builder.class
  net/minecraft/world/level/storage/loot/functions/SetLoreFunction.class
  net/minecraft/world/level/storage/loot/functions/SetNameFunction$Target.class
  net/minecraft/world/level/storage/loot/functions/SetNameFunction.class
  net/minecraft/world/level/storage/loot/functions/SetOminousBottleAmplifierFunction.class
  net/minecraft/world/level/storage/loot/functions/SetPotionFunction.class
  net/minecraft/world/level/storage/loot/functions/SetStewEffectFunction$Builder.class
  net/minecraft/world/level/storage/loot/functions/SetStewEffectFunction$EffectEntry.class
  net/minecraft/world/level/storage/loot/functions/SetStewEffectFunction.class
  net/minecraft/world/level/storage/loot/functions/SetWritableBookPagesFunction.class
  net/minecraft/world/level/storage/loot/functions/SetWrittenBookPagesFunction.class
  net/minecraft/world/level/storage/loot/functions/SmeltItemFunction.class
  net/minecraft/world/level/storage/loot/functions/ToggleTooltips$ComponentToggle.class
  net/minecraft/world/level/storage/loot/functions/ToggleTooltips$TooltipWither.class
  net/minecraft/world/level/storage/loot/functions/ToggleTooltips.class
  net/minecraft/world/level/storage/loot/functions/package-info.class
  net/minecraft/world/level/storage/loot/package-info.class
  net/minecraft/world/level/storage/loot/parameters/
  net/minecraft/world/level/storage/loot/parameters/LootContextParam.class
  net/minecraft/world/level/storage/loot/parameters/LootContextParamSet$Builder.class
  net/minecraft/world/level/storage/loot/parameters/LootContextParamSet.class
  net/minecraft/world/level/storage/loot/parameters/LootContextParamSets.class
  net/minecraft/world/level/storage/loot/parameters/LootContextParams.class
  net/minecraft/world/level/storage/loot/parameters/package-info.class
  net/minecraft/world/level/storage/loot/predicates/
  net/minecraft/world/level/storage/loot/predicates/AllOfCondition$Builder.class
  net/minecraft/world/level/storage/loot/predicates/AllOfCondition.class
  net/minecraft/world/level/storage/loot/predicates/AnyOfCondition$Builder.class
  net/minecraft/world/level/storage/loot/predicates/AnyOfCondition.class
  net/minecraft/world/level/storage/loot/predicates/BonusLevelTableCondition.class
  net/minecraft/world/level/storage/loot/predicates/CompositeLootItemCondition$Builder.class
  net/minecraft/world/level/storage/loot/predicates/CompositeLootItemCondition.class
  net/minecraft/world/level/storage/loot/predicates/ConditionReference.class
  net/minecraft/world/level/storage/loot/predicates/ConditionUserBuilder.class
  net/minecraft/world/level/storage/loot/predicates/DamageSourceCondition.class
  net/minecraft/world/level/storage/loot/predicates/EnchantmentActiveCheck.class
  net/minecraft/world/level/storage/loot/predicates/EntityHasScoreCondition$Builder.class
  net/minecraft/world/level/storage/loot/predicates/EntityHasScoreCondition.class
  net/minecraft/world/level/storage/loot/predicates/ExplosionCondition.class
  net/minecraft/world/level/storage/loot/predicates/InvertedLootItemCondition.class
  net/minecraft/world/level/storage/loot/predicates/LocationCheck.class
  net/minecraft/world/level/storage/loot/predicates/LootItemBlockStatePropertyCondition$Builder.class
  net/minecraft/world/level/storage/loot/predicates/LootItemBlockStatePropertyCondition.class
  net/minecraft/world/level/storage/loot/predicates/LootItemCondition$Builder.class
  net/minecraft/world/level/storage/loot/predicates/LootItemCondition.class
  net/minecraft/world/level/storage/loot/predicates/LootItemConditionType.class
  net/minecraft/world/level/storage/loot/predicates/LootItemConditions.class
  net/minecraft/world/level/storage/loot/predicates/LootItemEntityPropertyCondition.class
  net/minecraft/world/level/storage/loot/predicates/LootItemKilledByPlayerCondition.class
  net/minecraft/world/level/storage/loot/predicates/LootItemRandomChanceCondition.class
  net/minecraft/world/level/storage/loot/predicates/LootItemRandomChanceWithEnchantedBonusCondition.class
  net/minecraft/world/level/storage/loot/predicates/MatchTool.class
  net/minecraft/world/level/storage/loot/predicates/TimeCheck$Builder.class
  net/minecraft/world/level/storage/loot/predicates/TimeCheck.class
  net/minecraft/world/level/storage/loot/predicates/ValueCheckCondition.class
  net/minecraft/world/level/storage/loot/predicates/WeatherCheck$Builder.class
  net/minecraft/world/level/storage/loot/predicates/WeatherCheck.class
  net/minecraft/world/level/storage/loot/predicates/package-info.class
  net/minecraft/world/level/storage/loot/providers/
  net/minecraft/world/level/storage/loot/providers/nbt/
  net/minecraft/world/level/storage/loot/providers/nbt/ContextNbtProvider$1.class
  net/minecraft/world/level/storage/loot/providers/nbt/ContextNbtProvider$2.class
  net/minecraft/world/level/storage/loot/providers/nbt/ContextNbtProvider$Getter.class
  net/minecraft/world/level/storage/loot/providers/nbt/ContextNbtProvider.class
  net/minecraft/world/level/storage/loot/providers/nbt/LootNbtProviderType.class
  net/minecraft/world/level/storage/loot/providers/nbt/NbtProvider.class
  net/minecraft/world/level/storage/loot/providers/nbt/NbtProviders.class
  net/minecraft/world/level/storage/loot/providers/nbt/StorageNbtProvider.class
  net/minecraft/world/level/storage/loot/providers/nbt/package-info.class
  net/minecraft/world/level/storage/loot/providers/number/
  net/minecraft/world/level/storage/loot/providers/number/BinomialDistributionGenerator.class
  net/minecraft/world/level/storage/loot/providers/number/ConstantValue.class
  net/minecraft/world/level/storage/loot/providers/number/EnchantmentLevelProvider.class
  net/minecraft/world/level/storage/loot/providers/number/LootNumberProviderType.class
  net/minecraft/world/level/storage/loot/providers/number/NumberProvider.class
  net/minecraft/world/level/storage/loot/providers/number/NumberProviders.class
  net/minecraft/world/level/storage/loot/providers/number/ScoreboardValue.class
  net/minecraft/world/level/storage/loot/providers/number/StorageValue.class
  net/minecraft/world/level/storage/loot/providers/number/UniformGenerator.class
  net/minecraft/world/level/storage/loot/providers/number/package-info.class
  net/minecraft/world/level/storage/loot/providers/score/
  net/minecraft/world/level/storage/loot/providers/score/ContextScoreboardNameProvider.class
  net/minecraft/world/level/storage/loot/providers/score/FixedScoreboardNameProvider.class
  net/minecraft/world/level/storage/loot/providers/score/LootScoreProviderType.class
  net/minecraft/world/level/storage/loot/providers/score/ScoreboardNameProvider.class
  net/minecraft/world/level/storage/loot/providers/score/ScoreboardNameProviders.class
  net/minecraft/world/level/storage/loot/providers/score/package-info.class
  net/minecraft/world/level/storage/package-info.class
  net/minecraft/world/level/timers/
  net/minecraft/world/level/timers/FunctionCallback$Serializer.class
  net/minecraft/world/level/timers/FunctionCallback.class
  net/minecraft/world/level/timers/FunctionTagCallback$Serializer.class
  net/minecraft/world/level/timers/FunctionTagCallback.class
  net/minecraft/world/level/timers/TimerCallback$Serializer.class
  net/minecraft/world/level/timers/TimerCallback.class
  net/minecraft/world/level/timers/TimerCallbacks.class
  net/minecraft/world/level/timers/TimerQueue$Event.class
  net/minecraft/world/level/timers/TimerQueue.class
  net/minecraft/world/level/timers/package-info.class
  net/minecraft/world/level/validation/
  net/minecraft/world/level/validation/ContentValidationException.class
  net/minecraft/world/level/validation/DirectoryValidator$1.class
  net/minecraft/world/level/validation/DirectoryValidator.class
  net/minecraft/world/level/validation/ForbiddenSymlinkInfo.class
  net/minecraft/world/level/validation/PathAllowList$ConfigEntry.class
  net/minecraft/world/level/validation/PathAllowList$EntryType.class
  net/minecraft/world/level/validation/PathAllowList.class
  net/minecraft/world/level/validation/package-info.class
  net/minecraft/world/package-info.class
  net/minecraft/world/phys/
  net/minecraft/world/phys/AABB.class
  net/minecraft/world/phys/BlockHitResult.class
  net/minecraft/world/phys/EntityHitResult.class
  net/minecraft/world/phys/HitResult$Type.class
  net/minecraft/world/phys/HitResult.class
  net/minecraft/world/phys/Vec2.class
  net/minecraft/world/phys/Vec3.class
  net/minecraft/world/phys/package-info.class
  net/minecraft/world/phys/shapes/
  net/minecraft/world/phys/shapes/ArrayVoxelShape$1.class
  net/minecraft/world/phys/shapes/ArrayVoxelShape.class
  net/minecraft/world/phys/shapes/BitSetDiscreteVoxelShape.class
  net/minecraft/world/phys/shapes/BooleanOp.class
  net/minecraft/world/phys/shapes/CollisionContext.class
  net/minecraft/world/phys/shapes/CubePointRange.class
  net/minecraft/world/phys/shapes/CubeVoxelShape.class
  net/minecraft/world/phys/shapes/DiscreteCubeMerger.class
  net/minecraft/world/phys/shapes/DiscreteVoxelShape$IntFaceConsumer.class
  net/minecraft/world/phys/shapes/DiscreteVoxelShape$IntLineConsumer.class
  net/minecraft/world/phys/shapes/DiscreteVoxelShape.class
  net/minecraft/world/phys/shapes/EntityCollisionContext$1.class
  net/minecraft/world/phys/shapes/EntityCollisionContext.class
  net/minecraft/world/phys/shapes/IdenticalMerger.class
  net/minecraft/world/phys/shapes/IndexMerger$IndexConsumer.class
  net/minecraft/world/phys/shapes/IndexMerger.class
  net/minecraft/world/phys/shapes/IndirectMerger.class
  net/minecraft/world/phys/shapes/NonOverlappingMerger.class
  net/minecraft/world/phys/shapes/OffsetDoubleList.class
  net/minecraft/world/phys/shapes/Shapes$DoubleLineConsumer.class
  net/minecraft/world/phys/shapes/Shapes.class
  net/minecraft/world/phys/shapes/SliceShape.class
  net/minecraft/world/phys/shapes/SubShape.class
  net/minecraft/world/phys/shapes/VoxelShape.class
  net/minecraft/world/phys/shapes/package-info.class
  net/minecraft/world/scores/
  net/minecraft/world/scores/DisplaySlot$1.class
  net/minecraft/world/scores/DisplaySlot.class
  net/minecraft/world/scores/Objective.class
  net/minecraft/world/scores/PlayerScoreEntry.class
  net/minecraft/world/scores/PlayerScores.class
  net/minecraft/world/scores/PlayerTeam.class
  net/minecraft/world/scores/ReadOnlyScoreInfo.class
  net/minecraft/world/scores/Score.class
  net/minecraft/world/scores/ScoreAccess.class
  net/minecraft/world/scores/ScoreHolder$1.class
  net/minecraft/world/scores/ScoreHolder$2.class
  net/minecraft/world/scores/ScoreHolder$3.class
  net/minecraft/world/scores/ScoreHolder.class
  net/minecraft/world/scores/Scoreboard$1.class
  net/minecraft/world/scores/Scoreboard.class
  net/minecraft/world/scores/ScoreboardSaveData.class
  net/minecraft/world/scores/Team$CollisionRule.class
  net/minecraft/world/scores/Team$Visibility.class
  net/minecraft/world/scores/Team.class
  net/minecraft/world/scores/criteria/
  net/minecraft/world/scores/criteria/ObjectiveCriteria$RenderType.class
  net/minecraft/world/scores/criteria/ObjectiveCriteria.class
  net/minecraft/world/scores/criteria/package-info.class
  net/minecraft/world/scores/package-info.class
  net/minecraft/world/ticks/
  net/minecraft/world/ticks/BlackholeTickAccess$1.class
  net/minecraft/world/ticks/BlackholeTickAccess$2.class
  net/minecraft/world/ticks/BlackholeTickAccess.class
  net/minecraft/world/ticks/ContainerSingleItem$BlockContainerSingleItem.class
  net/minecraft/world/ticks/ContainerSingleItem.class
  net/minecraft/world/ticks/LevelChunkTicks.class
  net/minecraft/world/ticks/LevelTickAccess.class
  net/minecraft/world/ticks/LevelTicks$PosAndContainerConsumer.class
  net/minecraft/world/ticks/LevelTicks.class
  net/minecraft/world/ticks/ProtoChunkTicks.class
  net/minecraft/world/ticks/SavedTick$1.class
  net/minecraft/world/ticks/SavedTick.class
  net/minecraft/world/ticks/ScheduledTick$1.class
  net/minecraft/world/ticks/ScheduledTick.class
  net/minecraft/world/ticks/SerializableTickContainer.class
  net/minecraft/world/ticks/TickAccess.class
  net/minecraft/world/ticks/TickContainerAccess.class
  net/minecraft/world/ticks/TickPriority.class
  net/minecraft/world/ticks/WorldGenTickAccess.class
  net/minecraft/world/ticks/package-info.class
===============================================================================
Processor: net.neoforged.installertools:binarypatcher
  MainClass: net.neoforged.binarypatcher.ConsoleTool
  Classpath:
    /home/ubuntu/bettermc/./libraries/net/neoforged/installertools/binarypatcher/2.1.2/binarypatcher-2.1.2-fatjar.jar
    /home/ubuntu/bettermc/./libraries/net/neoforged/installertools/binarypatcher/2.1.2/binarypatcher-2.1.2-fatjar.jar
  Args: --clean, /home/ubuntu/bettermc/./libraries/net/minecraft/server/1.21.1-20240808.144430/server-1.21.1-20240808.144430-srg.jar, --output, /home/ubuntu/bettermc/./libraries/net/neoforged/neoforge/21.1.228/neoforge-21.1.228-server.jar, --apply, /tmp/neoforge_installer16755220822791031194/data/server.lzma
Applying: 
  Clean:     /home/ubuntu/bettermc/./libraries/net/minecraft/server/1.21.1-20240808.144430/server-1.21.1-20240808.144430-srg.jar
  Output:    /home/ubuntu/bettermc/./libraries/net/neoforged/neoforge/21.1.228/neoforge-21.1.228-server.jar
  KeepData:  false
  Unpatched: false
  Pack200:   false
  Legacy:    false
Loading patches file: /tmp/neoforge_installer16755220822791031194/data/server.lzma
Processor: net.neoforged.installertools:binarypatcher: Loading patch files
Processor: net.neoforged.installertools:binarypatcher: Patching input
Processor: net.neoforged.installertools:binarypatcher: Adding new files
The server installed successfully
You can delete this installer file now if you wish
Installer finished
[32m[10:00:28.781] [main/INFO] [Launcher/MODLAUNCHER]: ModLauncher running: args [--launchTarget, forgeserver, --fml.neoForgeVersion, 21.1.228, --fml.fmlVersion, 4.0.42, --fml.mcVersion, 1.21.1, --fml.neoFormVersion, 20240808.144430, nogui] 
[m[32m[10:00:28.784] [main/INFO] [Launcher/MODLAUNCHER]: JVM identified as Oracle Corporation Java HotSpot(TM) 64-Bit Server VM 21.0.8+12-LTS-jvmci-23.1-b72 
[m[32m[10:00:28.786] [main/INFO] [Launcher/MODLAUNCHER]: ModLauncher 11.0.5+main.901c6ea8 starting: java version 21.0.8 by Oracle Corporation; OS Linux arch aarch64 version 6.17.0-1016-oracle 
[m[33m[10:00:28.947] [main/WARN] [loading.FMLConfig/]: ****************************** Found dependency overrides ****************************** 
[m[33m[10:00:28.948] [main/WARN] [loading.FMLConfig/]: Dependency overrides for mod 'citresewn': softening dependency constraints against 'connector' 
[m[33m[10:00:28.949] [main/WARN] [loading.FMLConfig/]: **************************************************************************************** 
[m[32m[10:00:29.330] [main/INFO] [loading.ImmediateWindowHandler/]: ImmediateWindowProvider not loading because launch target is forgeserver 
[m[33m[10:00:29.343] [main/WARN] [CrashAssistantJarInJarHelper/]: launchTarget: forgeserver. Crash Assistant is client only mod. Mod will do nothing! 
[m[32m[10:00:29.558] [main/INFO] [Missing Mods Checker/]: All mods found! 
[m[32m[10:00:29.640] [main/INFO] [mixin/]: SpongePowered MIXIN Subsystem Version=0.8.7 Source=union:/home/ubuntu/bettermc/libraries/net/fabricmc/sponge-mixin/0.15.2+mixin.0.8.7/sponge-mixin-0.15.2+mixin.0.8.7.jar%2373!/ Service=ModLauncher Env=SERVER 
[m[33m[10:00:30.284] [main/WARN] [loading.FMLConfig/]: ****************************** Found dependency overrides ****************************** 
[m[33m[10:00:30.284] [main/WARN] [loading.FMLConfig/]: Dependency overrides for mod 'citresewn': softening dependency constraints against 'connector' 
[m[33m[10:00:30.284] [main/WARN] [loading.FMLConfig/]: **************************************************************************************** 
[m[32m[10:00:30.501] [main/INFO] [loading.moddiscovery.ModDiscoverer/SCAN]: Found mod file "server-1.21.1-20240808.144430-srg.jar" [locator: production server provider +net.neoforged:neoforge:21.1.228:server] 
[m[32m[10:00:30.531] [main/INFO] [loading.moddiscovery.ModDiscoverer/SCAN]: Found mod file "neoforge-21.1.228-universal.jar" [locator: PathBasedLocator[name=neoforge, paths=[libraries/net/neoforged/neoforge/21.1.228/neoforge-21.1.228-universal.jar]], reader: mod manifest] 
[m[32m[10:00:30.536] [main/INFO] [loading.moddiscovery.ModDiscoverer/SCAN]: Found library file "~nonexistent" [locator: org.sinytra.connector.locator.ConnectorEarlyLocatorBootstrap@6a013bdd] 
[m[32m[10:00:30.555] [main/INFO] [loading.moddiscovery.ModDiscoverer/SCAN]: Found mod file "[1.21.1-Neoforge] Hybrid Aquatic 1.5.5.jar" [locator: {mods folder locator at /home/ubuntu/bettermc/mods}, reader: mod manifest] 
[m[32m[10:00:30.559] [main/INFO] [loading.moddiscovery.ModDiscoverer/SCAN]: Found mod file "abridged-2.0.1-neoforge-1.21.1.jar" [locator: {mods folder locator at /home/ubuntu/bettermc/mods}, reader: mod manifest] 
[m[32m[10:00:30.567] [main/INFO] [loading.moddiscovery.ModDiscoverer/SCAN]: Found mod file "accessories-neoforge-1.1.0-beta.53+1.21.1.jar" [locator: {mods folder locator at /home/ubuntu/bettermc/mods}, reader: mod manifest] 
[m[32m[10:00:30.573] [main/INFO] [loading.moddiscovery.ModDiscoverer/SCAN]: Found mod file "accessories_compat_layer-neoforge-0.1.12+1.21.1.jar" [locator: {mods folder locator at /home/ubuntu/bettermc/mods}, reader: mod manifest] 
[m[32m[10:00:30.580] [main/INFO] [loading.moddiscovery.ModDiscoverer/SCAN]: Found mod file "accessorify-2.4.0-beta.5+1.21.1-neoforge.jar" [locator: {mods folder locator at /home/ubuntu/bettermc/mods}, reader: mod manifest] 
[m[32m[10:00:30.585] [main/INFO] [loading.moddiscovery.ModDiscoverer/SCAN]: Found mod file "adorabuild-structures-2.11.0-neoforge-1.21.3.jar" [locator: {mods folder locator at /home/ubuntu/bettermc/mods}, reader: mod manifest] 
[m[32m[10:00:30.593] [main/INFO] [loading.moddiscovery.ModDiscoverer/SCAN]: Found mod file "AdvancedLootInfo-neoforge-1.21.1-1.10.0.jar" [locator: {mods folder locator at /home/ubuntu/bettermc/mods}, reader: mod manifest] 
[m[32m[10:00:30.600] [main/INFO] [loading.moddiscovery.ModDiscoverer/SCAN]: Found mod file "advancednetherite-neoforge-2.3.1-1.21.1.jar" [locator: {mods folder locator at /home/ubuntu/bettermc/mods}, reader: mod manifest] 
[m[32m[10:00:30.606] [main/INFO] [loading.moddiscovery.ModDiscoverer/SCAN]: Found mod file "adventuredungeons-neoforge-1.21-1.3.1.jar" [locator: {mods folder locator at /home/ubuntu/bettermc/mods}, reader: mod manifest] 
[m[32m[10:00:30.610] [main/INFO] [loading.moddiscovery.ModDiscoverer/SCAN]: Found mod file "aeroblender-1.21.1-1.0.0-neoforge.jar" [locator: {mods folder locator at /home/ubuntu/bettermc/mods}, reader: mod manifest] 
[m[32m[10:00:30.618] [main/INFO] [loading.moddiscovery.ModDiscoverer/SCAN]: Found mod file "aether-1.21.1-1.5.10-neoforge.jar" [locator: {mods folder locator at /home/ubuntu/bettermc/mods}, reader: mod manifest] 
[m[32m[10:00:30.622] [main/INFO] [loading.moddiscovery.ModDiscoverer/SCAN]: Found mod file "aether_enhanced_extinguishing-1.21.1-1.0.0-neoforge.jar" [locator: {mods folder locator at /home/ubuntu/bettermc/mods}, reader: mod manifest] 
[m[32m[10:00:30.625] [main/INFO] [loading.moddiscovery.ModDiscoverer/SCAN]: Found mod file "aether_protect_your_moa-1.21.1-1.0.0-neoforge.jar" [locator: {mods folder locator at /home/ubuntu/bettermc/mods}, reader: mod manifest] 
[m[32m[10:00:30.629] [main/INFO] [loading.moddiscovery.ModDiscoverer/SCAN]: Found mod file "aether_treasure_reforging-1.21.1-1.0.1-neoforge.jar" [locator: {mods folder locator at /home/ubuntu/bettermc/mods}, reader: mod manifest] 
[m[32m[10:00:30.632] [main/INFO] [loading.moddiscovery.ModDiscoverer/SCAN]: Found mod file "AetherVillages-1.21.1-1.0.8-neoforge.jar" [locator: {mods folder locator at /home/ubuntu/bettermc/mods}, reader: mod manifest] 
[m[32m[10:00:30.639] [main/INFO] [loading.moddiscovery.ModDiscoverer/SCAN]: Found mod file "alexsmobs-1.22.17.jar" [locator: {mods folder locator at /home/ubuntu/bettermc/mods}, reader: mod manifest] 
[m[32m[10:00:30.650] [main/INFO] [loading.moddiscovery.ModDiscoverer/SCAN]: Found mod file "alltheleaks-1.1.8+1.21.1-neoforge.jar" [locator: {mods folder locator at /home/ubuntu/bettermc/mods}, reader: mod manifest] 
[m[32m[10:00:30.654] [main/INFO] [loading.moddiscovery.ModDiscoverer/SCAN]: Found mod file "Almanac-1.21.1-2-neoforge-1.5.2.jar" [locator: {mods folder locator at /home/ubuntu/bettermc/mods}, reader: mod manifest] 
[m[32m[10:00:30.658] [main/INFO] [loading.moddiscovery.ModDiscoverer/SCAN]: Found mod file "alternate_current-mc1.21-1.9.0.jar" [locator: {mods folder locator at /home/ubuntu/bettermc/mods}, reader: mod manifest] 
[m[32m[10:00:30.663] [main/INFO] [loading.moddiscovery.ModDiscoverer/SCAN]: Found mod file "amendments-1.21-2.0.15-neoforge.jar" [locator: {mods folder locator at /home/ubuntu/bettermc/mods}, reader: mod manifest] 
[m[32m[10:00:30.669] [main/INFO] [loading.moddiscovery.ModDiscoverer/SCAN]: Found mod file "another_furniture-neoforge-4.0.2.jar" [locator: {mods folder locator at /home/ubuntu/bettermc/mods}, reader: mod manifest] 
[m[32m[10:00:30.673] [main/INFO] [loading.moddiscovery.ModDiscoverer/SCAN]: Found mod file "architectury-13.0.8-neoforge.jar" [locator: {mods folder locator at /home/ubuntu/bettermc/mods}, reader: mod manifest] 
[m[32m[10:00:30.676] [main/INFO] [loading.moddiscovery.ModDiscoverer/SCAN]: Found mod file "athena-neoforge-1.21-4.0.2.jar" [locator: {mods folder locator at /home/ubuntu/bettermc/mods}, reader: mod manifest] 
[m[32m[10:00:30.678] [main/INFO] [loading.moddiscovery.ModDiscoverer/SCAN]: Found mod file "AureljPaintings-1.0.5-1.21.x-neoforge.jar" [locator: {mods folder locator at /home/ubuntu/bettermc/mods}, reader: mod manifest] 
[m[32m[10:00:30.682] [main/INFO] [loading.moddiscovery.ModDiscoverer/SCAN]: Found mod file "AutochefsDelight-1.21.1-NeoForge-2.0.2.jar" [locator: {mods folder locator at /home/ubuntu/bettermc/mods}, reader: mod manifest] 
[m[32m[10:00:30.684] [main/INFO] [loading.moddiscovery.ModDiscoverer/SCAN]: Found mod file "azurelib-neo-1.21.1-3.1.8.jar" [locator: {mods folder locator at /home/ubuntu/bettermc/mods}, reader: mod manifest] 
[m[32m[10:00:30.690] [main/INFO] [loading.moddiscovery.ModDiscoverer/SCAN]: Found mod file "backpacked-neoforge-1.21.1-3.0.0-beta.10.jar" [locator: {mods folder locator at /home/ubuntu/bettermc/mods}, reader: mod manifest] 
[m[32m[10:00:30.692] [main/INFO] [loading.moddiscovery.ModDiscoverer/SCAN]: Found mod file "balm-neoforge-1.21.1-21.0.56.jar" [locator: {mods folder locator at /home/ubuntu/bettermc/mods}, reader: mod manifest] 
[m[32m[10:00:30.696] [main/INFO] [loading.moddiscovery.ModDiscoverer/SCAN]: Found mod file "BarteringStation-v21.1.0-1.21.1-NeoForge.jar" [locator: {mods folder locator at /home/ubuntu/bettermc/mods}, reader: mod manifest] 
[m[32m[10:00:30.700] [main/INFO] [loading.moddiscovery.ModDiscoverer/SCAN]: Found mod file "bedrockoid-0.1.5.jar" [locator: {mods folder locator at /home/ubuntu/bettermc/mods}, reader: mod manifest] 
[m[32m[10:00:30.704] [main/INFO] [loading.moddiscovery.ModDiscoverer/SCAN]: Found mod file "better-compatability-checker-neoforge-21.1.8.jar" [locator: {mods folder locator at /home/ubuntu/bettermc/mods}, reader: mod manifest] 
[m[32m[10:00:30.709] [main/INFO] [loading.moddiscovery.ModDiscoverer/SCAN]: Found mod file "betterworldloadingnf21-1.0.jar" [locator: {mods folder locator at /home/ubuntu/bettermc/mods}, reader: mod manifest] 
[m[32m[10:00:30.713] [main/INFO] [loading.moddiscovery.ModDiscoverer/SCAN]: Found mod file "BHMenu-NeoForge-1.21-2.4.4.jar" [locator: {mods folder locator at /home/ubuntu/bettermc/mods}, reader: mod manifest] 
[m[32m[10:00:30.717] [main/INFO] [loading.moddiscovery.ModDiscoverer/SCAN]: Found mod file "biomemusic-1.21-3.5.jar" [locator: {mods folder locator at /home/ubuntu/bettermc/mods}, reader: mod manifest] 
[m[32m[10:00:30.719] [main/INFO] [loading.moddiscovery.ModDiscoverer/SCAN]: Found mod file "blended-compat-1.1.2.jar" [locator: {mods folder locator at /home/ubuntu/bettermc/mods}, reader: mod manifest] 
[m[32m[10:00:30.723] [main/INFO] [loading.moddiscovery.ModDiscoverer/SCAN]: Found mod file "bmcpalegardenpatcher-0.3.0.jar" [locator: {mods folder locator at /home/ubuntu/bettermc/mods}, reader: mod manifest] 
[m[32m[10:00:30.727] [main/INFO] [loading.moddiscovery.ModDiscoverer/SCAN]: Found mod file "boatiview-neoforge-0.0.6-1.21.1.jar" [locator: {mods folder locator at /home/ubuntu/bettermc/mods}, reader: mod manifest] 
[m[32m[10:00:30.730] [main/INFO] [loading.moddiscovery.ModDiscoverer/SCAN]: Found mod file "bookshelf-neoforge-1.21.1-21.1.81.jar" [locator: {mods folder locator at /home/ubuntu/bettermc/mods}, reader: mod manifest] 
[m[32m[10:00:30.734] [main/INFO] [loading.moddiscovery.ModDiscoverer/SCAN]: Found mod file "c2me-neoforge-mc1.21.1-0.3.0+alpha.0.91.jar" [locator: {mods folder locator at /home/ubuntu/bettermc/mods}, reader: mod manifest] 
[m[32m[10:00:30.737] [main/INFO] [loading.moddiscovery.ModDiscoverer/SCAN]: Found mod file "caelus-neoforge-7.0.1+1.21.1.jar" [locator: {mods folder locator at /home/ubuntu/bettermc/mods}, reader: mod manifest] 
[m[32m[10:00:30.740] [main/INFO] [loading.moddiscovery.ModDiscoverer/SCAN]: Found mod file "carryon-neoforge-1.21.1-2.2.4.4.jar" [locator: {mods folder locator at /home/ubuntu/bettermc/mods}, reader: mod manifest] 
[m[32m[10:00:30.742] [main/INFO] [loading.moddiscovery.ModDiscoverer/SCAN]: Found mod file "cataclysmfortresses-1.21.1-NeoForge.jar" [locator: {mods folder locator at /home/ubuntu/bettermc/mods}, reader: mod manifest] 
[m[32m[10:00:30.745] [main/INFO] [loading.moddiscovery.ModDiscoverer/SCAN]: Found mod file "cerulean-neoforge-1.0.0-1.21.1.jar" [locator: {mods folder locator at /home/ubuntu/bettermc/mods}, reader: mod manifest] 
[m[32m[10:00:30.768] [main/INFO] [loading.moddiscovery.ModDiscoverer/SCAN]: Found mod file "chipped-neoforge-1.21.1-4.0.2.jar" [locator: {mods folder locator at /home/ubuntu/bettermc/mods}, reader: mod manifest] 
[m[32m[10:00:30.771] [main/INFO] [loading.moddiscovery.ModDiscoverer/SCAN]: Found mod file "chunkactivitytracker-neoforge-1.0.1-1.21.1.jar" [locator: {mods folder locator at /home/ubuntu/bettermc/mods}, reader: mod manifest] 
[m[32m[10:00:30.775] [main/INFO] [loading.moddiscovery.ModDiscoverer/SCAN]: Found mod file "chunksending-1.21-2.9.jar" [locator: {mods folder locator at /home/ubuntu/bettermc/mods}, reader: mod manifest] 
[m[32m[10:00:30.780] [main/INFO] [loading.moddiscovery.ModDiscoverer/SCAN]: Found mod file "citadel-1.21.1-2.7.6.jar" [locator: {mods folder locator at /home/ubuntu/bettermc/mods}, reader: mod manifest] 
[m[32m[10:00:30.784] [main/INFO] [loading.moddiscovery.ModDiscoverer/SCAN]: Found mod file "citresewn-neoforge-1.21.1-0.jar" [locator: {mods folder locator at /home/ubuntu/bettermc/mods}, reader: mod manifest] 
[m[32m[10:00:30.787] [main/INFO] [loading.moddiscovery.ModDiscoverer/SCAN]: Found mod file "clientcrafting-1.21-2.1.jar" [locator: {mods folder locator at /home/ubuntu/bettermc/mods}, reader: mod manifest] 
[m[32m[10:00:30.789] [main/INFO] [loading.moddiscovery.ModDiscoverer/SCAN]: Found mod file "clientsort-neoforge-2.2.1+1.21.1.jar" [locator: {mods folder locator at /home/ubuntu/bettermc/mods}, reader: mod manifest] 
[m[32m[10:00:30.793] [main/INFO] [loading.moddiscovery.ModDiscoverer/SCAN]: Found mod file "ClimateRivers-v21.1.3-1.21.1-NeoForge.jar" [locator: {mods folder locator at /home/ubuntu/bettermc/mods}, reader: mod manifest] 
[m[32m[10:00:30.795] [main/INFO] [loading.moddiscovery.ModDiscoverer/SCAN]: Found mod file "cloth-config-15.0.140-neoforge.jar" [locator: {mods folder locator at /home/ubuntu/bettermc/mods}, reader: mod manifest] 
[m[32m[10:00:30.797] [main/INFO] [loading.moddiscovery.ModDiscoverer/SCAN]: Found mod file "Clumps-neoforge-1.21.1-19.0.0.1.jar" [locator: {mods folder locator at /home/ubuntu/bettermc/mods}, reader: mod manifest] 
[m[32m[10:00:30.800] [main/INFO] [loading.moddiscovery.ModDiscoverer/SCAN]: Found mod file "collective-1.21.1-8.20.jar" [locator: {mods folder locator at /home/ubuntu/bettermc/mods}, reader: mod manifest] 
[m[32m[10:00:30.801] [main/INFO] [loading.moddiscovery.ModDiscoverer/SCAN]: Found mod file "colorwheel-neoforge-1.2.4+mc1.21.1.jar" [locator: {mods folder locator at /home/ubuntu/bettermc/mods}, reader: mod manifest] 
[m[32m[10:00:30.804] [main/INFO] [loading.moddiscovery.ModDiscoverer/SCAN]: Found mod file "comforts-neoforge-9.0.5+1.21.1.jar" [locator: {mods folder locator at /home/ubuntu/bettermc/mods}, reader: mod manifest] 
[m[32m[10:00:30.806] [main/INFO] [loading.moddiscovery.ModDiscoverer/SCAN]: Found mod file "configurable-3.5.1+1.21.1-neoforge.jar" [locator: {mods folder locator at /home/ubuntu/bettermc/mods}, reader: mod manifest] 
[m[32m[10:00:30.808] [main/INFO] [loading.moddiscovery.ModDiscoverer/SCAN]: Found library file "ConfiguredDefaults-v21.1.3-1.21.1-NeoForge.jar" [locator: {mods folder locator at /home/ubuntu/bettermc/mods}, reader: mod manifest] 
[m[32m[10:00:30.813] [main/INFO] [loading.moddiscovery.ModDiscoverer/SCAN]: Found mod file "connectivity-1.21.1-7.6.jar" [locator: {mods folder locator at /home/ubuntu/bettermc/mods}, reader: mod manifest] 
[m[32m[10:00:30.816] [main/INFO] [loading.moddiscovery.ModDiscoverer/SCAN]: Found mod file "ConnectorExtras-1.12.1+1.21.1.jar" [locator: {mods folder locator at /home/ubuntu/bettermc/mods}, reader: mod manifest] 
[m[32m[10:00:30.820] [main/INFO] [loading.moddiscovery.ModDiscoverer/SCAN]: Found mod file "continuity-3.0.0+1.21.neoforge.jar" [locator: {mods folder locator at /home/ubuntu/bettermc/mods}, reader: mod manifest] 
[m[32m[10:00:30.823] [main/INFO] [loading.moddiscovery.ModDiscoverer/SCAN]: Found mod file "ConvenientEffects-v21.1.4-1.21.1-NeoForge.jar" [locator: {mods folder locator at /home/ubuntu/bettermc/mods}, reader: mod manifest] 
[m[32m[10:00:30.826] [main/INFO] [loading.moddiscovery.ModDiscoverer/SCAN]: Found mod file "Corgilib-NeoForge-1.21.1-5.0.0.9.jar" [locator: {mods folder locator at /home/ubuntu/bettermc/mods}, reader: mod manifest] 
[m[32m[10:00:30.829] [main/INFO] [loading.moddiscovery.ModDiscoverer/SCAN]: Found mod file "coroutil-neoforge-1.21.0-1.3.9.jar" [locator: {mods folder locator at /home/ubuntu/bettermc/mods}, reader: mod manifest] 
[m[32m[10:00:30.831] [main/INFO] [loading.moddiscovery.ModDiscoverer/SCAN]: Found mod file "cristellib-neoforge-1.21.1-3.0.3.jar" [locator: {mods folder locator at /home/ubuntu/bettermc/mods}, reader: mod manifest] 
[m[32m[10:00:30.834] [main/INFO] [loading.moddiscovery.ModDiscoverer/SCAN]: Found mod file "cupboard-1.21-3.5.jar" [locator: {mods folder locator at /home/ubuntu/bettermc/mods}, reader: mod manifest] 
[m[32m[10:00:30.836] [main/INFO] [loading.moddiscovery.ModDiscoverer/SCAN]: Found mod file "curios-neoforge-9.5.1+1.21.1.jar" [locator: {mods folder locator at /home/ubuntu/bettermc/mods}, reader: mod manifest] 
[m[32m[10:00:30.841] [main/INFO] [loading.moddiscovery.ModDiscoverer/SCAN]: Found mod file "CutThrough-v21.1.0-1.21.1-NeoForge.jar" [locator: {mods folder locator at /home/ubuntu/bettermc/mods}, reader: mod manifest] 
[m[32m[10:00:30.845] [main/INFO] [loading.moddiscovery.ModDiscoverer/SCAN]: Found mod file "deep_aether-1.21.1-1.1.5.1.jar" [locator: {mods folder locator at /home/ubuntu/bettermc/mods}, reader: mod manifest] 
[m[32m[10:00:30.849] [main/INFO] [loading.moddiscovery.ModDiscoverer/SCAN]: Found mod file "deeperdarker-neoforge-1.21.1-1.4.jar" [locator: {mods folder locator at /home/ubuntu/bettermc/mods}, reader: mod manifest] 
[m[32m[10:00:30.852] [main/INFO] [loading.moddiscovery.ModDiscoverer/SCAN]: Found mod file "despawntweaks-neoforge-1.0.0-1.21.1.jar" [locator: {mods folder locator at /home/ubuntu/bettermc/mods}, reader: mod manifest] 
[m[32m[10:00:30.854] [main/INFO] [loading.moddiscovery.ModDiscoverer/SCAN]: Found mod file "DiagonalFences-v21.1.1-1.21.1-NeoForge.jar" [locator: {mods folder locator at /home/ubuntu/bettermc/mods}, reader: mod manifest] 
[m[32m[10:00:30.857] [main/INFO] [loading.moddiscovery.ModDiscoverer/SCAN]: Found mod file "DiagonalWalls-v21.1.2-1.21.1-NeoForge.jar" [locator: {mods folder locator at /home/ubuntu/bettermc/mods}, reader: mod manifest] 
[m[32m[10:00:30.859] [main/INFO] [loading.moddiscovery.ModDiscoverer/SCAN]: Found mod file "disconnect-packet-fix-neoforge-2.0.1.jar" [locator: {mods folder locator at /home/ubuntu/bettermc/mods}, reader: mod manifest] 
[m[32m[10:00:30.862] [main/INFO] [loading.moddiscovery.ModDiscoverer/SCAN]: Found mod file "DnT-ancient-city-overhaul-v2 [NeoForge].jar" [locator: {mods folder locator at /home/ubuntu/bettermc/mods}, reader: mod manifest] 
[m[32m[10:00:30.863] [main/INFO] [loading.moddiscovery.ModDiscoverer/SCAN]: Found mod file "DnT-swamp-hut-overhaul-v2 [NeoForge].jar" [locator: {mods folder locator at /home/ubuntu/bettermc/mods}, reader: mod manifest] 
[m[32m[10:00:30.866] [main/INFO] [loading.moddiscovery.ModDiscoverer/SCAN]: Found mod file "DnT-woodland-mansion-replacement-v1.2 [NeoForge].jar" [locator: {mods folder locator at /home/ubuntu/bettermc/mods}, reader: mod manifest] 
[m[32m[10:00:30.868] [main/INFO] [loading.moddiscovery.ModDiscoverer/SCAN]: Found mod file "does_it_tick-neoforge-1.1.4-1.21.1.jar" [locator: {mods folder locator at /home/ubuntu/bettermc/mods}, reader: mod manifest] 
[m[32m[10:00:30.872] [main/INFO] [loading.moddiscovery.ModDiscoverer/SCAN]: Found mod file "dolphin_fix-1.1.1-1.21.jar" [locator: {mods folder locator at /home/ubuntu/bettermc/mods}, reader: mod manifest] 
[m[32m[10:00:30.874] [main/INFO] [loading.moddiscovery.ModDiscoverer/SCAN]: Found mod file "doubledoors-1.21.1-7.2.jar" [locator: {mods folder locator at /home/ubuntu/bettermc/mods}, reader: mod manifest] 
[m[32m[10:00:30.876] [main/INFO] [loading.moddiscovery.ModDiscoverer/SCAN]: Found mod file "Dragon Mounts Remastered-1.21.1-1.9.2.jar" [locator: {mods folder locator at /home/ubuntu/bettermc/mods}, reader: mod manifest] 
[m[32m[10:00:30.878] [main/INFO] [loading.moddiscovery.ModDiscoverer/SCAN]: Found mod file "dragonloot-1.1.15-1.21.1-neoforge.jar" [locator: {mods folder locator at /home/ubuntu/bettermc/mods}, reader: mod manifest] 
[m[32m[10:00:30.880] [main/INFO] [loading.moddiscovery.ModDiscoverer/SCAN]: Found mod file "dummmmmmy-1.21-2.0.12-neoforge.jar" [locator: {mods folder locator at /home/ubuntu/bettermc/mods}, reader: mod manifest] 
[m[32m[10:00:30.882] [main/INFO] [loading.moddiscovery.ModDiscoverer/SCAN]: Found mod file "DungeonsArise-1.21.1-2.1.68-release.jar" [locator: {mods folder locator at /home/ubuntu/bettermc/mods}, reader: mod manifest] 
[m[32m[10:00:30.884] [main/INFO] [loading.moddiscovery.ModDiscoverer/SCAN]: Found mod file "DyedFlames-v21.1.1-1.21.1-NeoForge.jar" [locator: {mods folder locator at /home/ubuntu/bettermc/mods}, reader: mod manifest] 
[m[32m[10:00:30.886] [main/INFO] [loading.moddiscovery.ModDiscoverer/SCAN]: Found mod file "earlybedtime-neoforge-1.0.0-1.21.1.jar" [locator: {mods folder locator at /home/ubuntu/bettermc/mods}, reader: mod manifest] 
[m[32m[10:00:30.887] [main/INFO] [loading.moddiscovery.ModDiscoverer/SCAN]: Found mod file "EasyAnvils-v21.1.0-1.21.1-NeoForge.jar" [locator: {mods folder locator at /home/ubuntu/bettermc/mods}, reader: mod manifest] 
[m[32m[10:00:30.889] [main/INFO] [loading.moddiscovery.ModDiscoverer/SCAN]: Found mod file "easydisenchanting-neoforge-1.0.1-1.21.1.jar" [locator: {mods folder locator at /home/ubuntu/bettermc/mods}, reader: mod manifest] 
[m[32m[10:00:30.891] [main/INFO] [loading.moddiscovery.ModDiscoverer/SCAN]: Found mod file "EasyMagic-v21.1.4-1.21.1-NeoForge.jar" [locator: {mods folder locator at /home/ubuntu/bettermc/mods}, reader: mod manifest] 
[m[32m[10:00:30.893] [main/INFO] [loading.moddiscovery.ModDiscoverer/SCAN]: Found mod file "enchdesc-neoforge-1.21.1-21.1.9.jar" [locator: {mods folder locator at /home/ubuntu/bettermc/mods}, reader: mod manifest] 
[m[32m[10:00:30.894] [main/INFO] [loading.moddiscovery.ModDiscoverer/SCAN]: Found mod file "endersdelight-1.2.0-1.21.1.jar" [locator: {mods folder locator at /home/ubuntu/bettermc/mods}, reader: mod manifest] 
[m[32m[10:00:30.896] [main/INFO] [loading.moddiscovery.ModDiscoverer/SCAN]: Found mod file "EpheroLib-1.21.1-NEO-FORGE-1.2.0.jar" [locator: {mods folder locator at /home/ubuntu/bettermc/mods}, reader: mod manifest] 
[m[32m[10:00:30.898] [main/INFO] [loading.moddiscovery.ModDiscoverer/SCAN]: Found mod file "EternalNether-v21.1.3-1.21.1-NeoForge.jar" [locator: {mods folder locator at /home/ubuntu/bettermc/mods}, reader: mod manifest] 
[m[32m[10:00:30.900] [main/INFO] [loading.moddiscovery.ModDiscoverer/SCAN]: Found mod file "explorations-neoforge-1.21.1-1.6.2.jar" [locator: {mods folder locator at /home/ubuntu/bettermc/mods}, reader: mod manifest] 
[m[32m[10:00:30.901] [main/INFO] [loading.moddiscovery.ModDiscoverer/SCAN]: Found mod file "Explorify v1.6.4 f15-88.mod.jar" [locator: {mods folder locator at /home/ubuntu/bettermc/mods}, reader: mod manifest] 
[m[32m[10:00:30.903] [main/INFO] [loading.moddiscovery.ModDiscoverer/SCAN]: Found mod file "FallingTree-1.21.1-1.21.1.11.jar" [locator: {mods folder locator at /home/ubuntu/bettermc/mods}, reader: mod manifest] 
[m[32m[10:00:30.904] [main/INFO] [loading.moddiscovery.ModDiscoverer/SCAN]: Found mod file "farmers-cutting-oh-the-biomes-weve-gone-1.21.1-2.1-neoforge.jar" [locator: {mods folder locator at /home/ubuntu/bettermc/mods}, reader: mod manifest] 
[m[32m[10:00:30.907] [main/INFO] [loading.moddiscovery.ModDiscoverer/SCAN]: Found mod file "FarmersDelight-1.21.1-1.3.1.jar" [locator: {mods folder locator at /home/ubuntu/bettermc/mods}, reader: mod manifest] 
[m[32m[10:00:30.909] [main/INFO] [loading.moddiscovery.ModDiscoverer/SCAN]: Found mod file "FarmersStructures-1.0.2-1.21.1_neoforge.jar" [locator: {mods folder locator at /home/ubuntu/bettermc/mods}, reader: mod manifest] 
[m[32m[10:00:30.910] [main/INFO] [loading.moddiscovery.ModDiscoverer/SCAN]: Found mod file "fastasyncworldsave-1.21-2.6.jar" [locator: {mods folder locator at /home/ubuntu/bettermc/mods}, reader: mod manifest] 
[m[32m[10:00:30.912] [main/INFO] [loading.moddiscovery.ModDiscoverer/SCAN]: Found mod file "FastItemFrames-v21.1.6-1.21.1-NeoForge.jar" [locator: {mods folder locator at /home/ubuntu/bettermc/mods}, reader: mod manifest] 
[m[32m[10:00:30.914] [main/INFO] [loading.moddiscovery.ModDiscoverer/SCAN]: Found mod file "fastpaintings-1.21-1.3.0-neoforge.jar" [locator: {mods folder locator at /home/ubuntu/bettermc/mods}, reader: mod manifest] 
[m[32m[10:00:30.919] [main/INFO] [loading.moddiscovery.ModDiscoverer/SCAN]: Found mod file "ferritecore-7.0.3-neoforge.jar" [locator: {mods folder locator at /home/ubuntu/bettermc/mods}, reader: mod manifest] 
[m[32m[10:00:30.920] [main/INFO] [loading.moddiscovery.ModDiscoverer/SCAN]: Found mod file "ForgeConfigAPIPort-v21.1.6-1.21.1-NeoForge.jar" [locator: {mods folder locator at /home/ubuntu/bettermc/mods}, reader: mod manifest] 
[m[32m[10:00:30.922] [main/INFO] [loading.moddiscovery.ModDiscoverer/SCAN]: Found mod file "forgified-fabric-api-0.116.7+2.2.4+1.21.1.jar" [locator: {mods folder locator at /home/ubuntu/bettermc/mods}, reader: mod manifest] 
[m[32m[10:00:30.924] [main/INFO] [loading.moddiscovery.ModDiscoverer/SCAN]: Found mod file "formations-1.0.4-neoforge-mc1.21.jar" [locator: {mods folder locator at /home/ubuntu/bettermc/mods}, reader: mod manifest] 
[m[32m[10:00:30.926] [main/INFO] [loading.moddiscovery.ModDiscoverer/SCAN]: Found mod file "formationsnether-1.0.5-mc1.21+.jar" [locator: {mods folder locator at /home/ubuntu/bettermc/mods}, reader: mod manifest] 
[m[32m[10:00:30.928] [main/INFO] [loading.moddiscovery.ModDiscoverer/SCAN]: Found mod file "formationsoverworld-1.0.5-mc1.21+.jar" [locator: {mods folder locator at /home/ubuntu/bettermc/mods}, reader: mod manifest] 
[m[32m[10:00:30.929] [main/INFO] [loading.moddiscovery.ModDiscoverer/SCAN]: Found mod file "framework-neoforge-1.21.1-0.13.11.jar" [locator: {mods folder locator at /home/ubuntu/bettermc/mods}, reader: mod manifest] 
[m[32m[10:00:30.932] [main/INFO] [loading.moddiscovery.ModDiscoverer/SCAN]: Found mod file "friendsandfoes-neoforge-4.0.25+mc1.21.1.jar" [locator: {mods folder locator at /home/ubuntu/bettermc/mods}, reader: mod manifest] 
[m[32m[10:00:30.934] [main/INFO] [loading.moddiscovery.ModDiscoverer/SCAN]: Found mod file "ftb-filter-system-neoforge-21.1.4.jar" [locator: {mods folder locator at /home/ubuntu/bettermc/mods}, reader: mod manifest] 
[m[32m[10:00:30.936] [main/INFO] [loading.moddiscovery.ModDiscoverer/SCAN]: Found mod file "ftb-library-neoforge-2101.1.31.jar" [locator: {mods folder locator at /home/ubuntu/bettermc/mods}, reader: mod manifest] 
[m[32m[10:00:30.937] [main/INFO] [loading.moddiscovery.ModDiscoverer/SCAN]: Found mod file "ftb-quests-neoforge-2101.1.24.jar" [locator: {mods folder locator at /home/ubuntu/bettermc/mods}, reader: mod manifest] 
[m[32m[10:00:30.939] [main/INFO] [loading.moddiscovery.ModDiscoverer/SCAN]: Found mod file "ftb-teams-neoforge-2101.1.10.jar" [locator: {mods folder locator at /home/ubuntu/bettermc/mods}, reader: mod manifest] 
[m[32m[10:00:30.941] [main/INFO] [loading.moddiscovery.ModDiscoverer/SCAN]: Found mod file "ftb-xmod-compat-neoforge-21.1.8.jar" [locator: {mods folder locator at /home/ubuntu/bettermc/mods}, reader: mod manifest] 
[m[32m[10:00:30.943] [main/INFO] [loading.moddiscovery.ModDiscoverer/SCAN]: Found mod file "fzzy_config-0.7.6+1.21+neoforge.jar" [locator: {mods folder locator at /home/ubuntu/bettermc/mods}, reader: mod manifest] 
[m[32m[10:00:30.946] [main/INFO] [loading.moddiscovery.ModDiscoverer/SCAN]: Found mod file "gardens-of-the-dead-neoforge-5.0.2.jar" [locator: {mods folder locator at /home/ubuntu/bettermc/mods}, reader: mod manifest] 
[m[32m[10:00:30.948] [main/INFO] [loading.moddiscovery.ModDiscoverer/SCAN]: Found mod file "geckolib-neoforge-1.21.1-4.8.4.jar" [locator: {mods folder locator at /home/ubuntu/bettermc/mods}, reader: mod manifest] 
[m[32m[10:00:30.950] [main/INFO] [loading.moddiscovery.ModDiscoverer/SCAN]: Found mod file "Geophilic v3.4.6.mod.jar" [locator: {mods folder locator at /home/ubuntu/bettermc/mods}, reader: mod manifest] 
[m[32m[10:00:30.952] [main/INFO] [loading.moddiscovery.ModDiscoverer/SCAN]: Found mod file "GeophilicBackported-v1.3.2 1.21.1.jar" [locator: {mods folder locator at /home/ubuntu/bettermc/mods}, reader: mod manifest] 
[m[32m[10:00:30.953] [main/INFO] [loading.moddiscovery.ModDiscoverer/SCAN]: Found mod file "GlitchCore-neoforge-1.21.1-2.1.0.0.jar" [locator: {mods folder locator at /home/ubuntu/bettermc/mods}, reader: mod manifest] 
[m[32m[10:00:30.955] [main/INFO] [loading.moddiscovery.ModDiscoverer/SCAN]: Found mod file "glow_up-neoforge-1.2.1-1.21-1.21.1-neoforge.jar" [locator: {mods folder locator at /home/ubuntu/bettermc/mods}, reader: mod manifest] 
[m[32m[10:00:30.956] [main/INFO] [loading.moddiscovery.ModDiscoverer/SCAN]: Found mod file "goblintraders-neoforge-1.21.1-1.11.2.jar" [locator: {mods folder locator at /home/ubuntu/bettermc/mods}, reader: mod manifest] 
[m[32m[10:00:30.958] [main/INFO] [loading.moddiscovery.ModDiscoverer/SCAN]: Found mod file "golem_spawn_fix-1.0.2-neoforge-1.21.1.jar" [locator: {mods folder locator at /home/ubuntu/bettermc/mods}, reader: mod manifest] 
[m[32m[10:00:30.967] [main/INFO] [loading.moddiscovery.ModDiscoverer/SCAN]: Found mod file "handcrafted-neoforge-1.21.1-4.0.3.jar" [locator: {mods folder locator at /home/ubuntu/bettermc/mods}, reader: mod manifest] 
[m[32m[10:00:30.968] [main/INFO] [loading.moddiscovery.ModDiscoverer/SCAN]: Found mod file "Hearths v1.0.5.mod.jar" [locator: {mods folder locator at /home/ubuntu/bettermc/mods}, reader: mod manifest] 
[m[32m[10:00:30.970] [main/INFO] [loading.moddiscovery.ModDiscoverer/SCAN]: Found mod file "HellishTrials-neoforge-1.0.5.jar" [locator: {mods folder locator at /home/ubuntu/bettermc/mods}, reader: mod manifest] 
[m[32m[10:00:30.972] [main/INFO] [loading.moddiscovery.ModDiscoverer/SCAN]: Found mod file "Highlighter-1.21-neoforge-1.1.11.jar" [locator: {mods folder locator at /home/ubuntu/bettermc/mods}, reader: mod manifest] 
[m[32m[10:00:30.974] [main/INFO] [loading.moddiscovery.ModDiscoverer/SCAN]: Found mod file "horse-breeding-fix-neoforge-1.21.x-1.1.1.jar" [locator: {mods folder locator at /home/ubuntu/bettermc/mods}, reader: mod manifest] 
[m[32m[10:00:30.976] [main/INFO] [loading.moddiscovery.ModDiscoverer/SCAN]: Found mod file "Iceberg-1.21.1-neoforge-1.3.2.jar" [locator: {mods folder locator at /home/ubuntu/bettermc/mods}, reader: mod manifest] 
[m[32m[10:00:30.978] [main/INFO] [loading.moddiscovery.ModDiscoverer/SCAN]: Found mod file "IllagerInvasion-v21.1.6-1.21.1-NeoForge.jar" [locator: {mods folder locator at /home/ubuntu/bettermc/mods}, reader: mod manifest] 
[m[32m[10:00:30.979] [main/INFO] [loading.moddiscovery.ModDiscoverer/SCAN]: Found mod file "immersivearmorhud-neoforge-1.0.1-1.21.1.jar" [locator: {mods folder locator at /home/ubuntu/bettermc/mods}, reader: mod manifest] 
[m[32m[10:00:30.981] [main/INFO] [loading.moddiscovery.ModDiscoverer/SCAN]: Found mod file "immersivelanterns-neoforge-1.0.6-1.21.1.jar" [locator: {mods folder locator at /home/ubuntu/bettermc/mods}, reader: mod manifest] 
[m[32m[10:00:30.982] [main/INFO] [loading.moddiscovery.ModDiscoverer/SCAN]: Found mod file "immersivemessages-neoforge-1.0.18-1.21.1.jar" [locator: {mods folder locator at /home/ubuntu/bettermc/mods}, reader: mod manifest] 
[m[32m[10:00:30.983] [main/INFO] [loading.moddiscovery.ModDiscoverer/SCAN]: Found mod file "immersivetips-neoforge-1.0.2-1.21.1.jar" [locator: {mods folder locator at /home/ubuntu/bettermc/mods}, reader: mod manifest] 
[m[32m[10:00:30.985] [main/INFO] [loading.moddiscovery.ModDiscoverer/SCAN]: Found mod file "improved-village-placement-1.1.2.jar" [locator: {mods folder locator at /home/ubuntu/bettermc/mods}, reader: mod manifest] 
[m[32m[10:00:30.986] [main/INFO] [loading.moddiscovery.ModDiscoverer/SCAN]: Found mod file "inmis-2.8.1-2.9.3-1.21.1.jar" [locator: {mods folder locator at /home/ubuntu/bettermc/mods}, reader: mod manifest] 
[m[32m[10:00:30.989] [main/INFO] [loading.moddiscovery.ModDiscoverer/SCAN]: Found mod file "iris-neoforge-1.8.12+mc1.21.1.jar" [locator: {mods folder locator at /home/ubuntu/bettermc/mods}, reader: mod manifest] 
[m[32m[10:00:30.990] [main/INFO] [loading.moddiscovery.ModDiscoverer/SCAN]: Found mod file "Jade-1.21.1-NeoForge-15.10.5.jar" [locator: {mods folder locator at /home/ubuntu/bettermc/mods}, reader: mod manifest] 
[m[32m[10:00:30.992] [main/INFO] [loading.moddiscovery.ModDiscoverer/SCAN]: Found mod file "JadeAddons-1.21.1-NeoForge-6.1.0.jar" [locator: {mods folder locator at /home/ubuntu/bettermc/mods}, reader: mod manifest] 
[m[32m[10:00:30.993] [main/INFO] [loading.moddiscovery.ModDiscoverer/SCAN]: Found mod file "jamlib-neoforge-1.3.6+1.21.1.jar" [locator: {mods folder locator at /home/ubuntu/bettermc/mods}, reader: mod manifest] 
[m[32m[10:00:30.996] [main/INFO] [loading.moddiscovery.ModDiscoverer/SCAN]: Found mod file "jei-1.21.1-neoforge-19.27.0.340.jar" [locator: {mods folder locator at /home/ubuntu/bettermc/mods}, reader: mod manifest] 
[m[32m[10:00:30.997] [main/INFO] [loading.moddiscovery.ModDiscoverer/SCAN]: Found mod file "justenoughbreeding-neoforge-1.21-1.21.1-1.6.2.jar" [locator: {mods folder locator at /home/ubuntu/bettermc/mods}, reader: mod manifest] 
[m[32m[10:00:30.999] [main/INFO] [loading.moddiscovery.ModDiscoverer/SCAN]: Found mod file "Kiwi-1.21.1-NeoForge-15.8.3.jar" [locator: {mods folder locator at /home/ubuntu/bettermc/mods}, reader: mod manifest] 
[m[32m[10:00:31.000] [main/INFO] [loading.moddiscovery.ModDiscoverer/SCAN]: Found mod file "kleeslabs-neoforge-1.21.1-21.1.10.jar" [locator: {mods folder locator at /home/ubuntu/bettermc/mods}, reader: mod manifest] 
[m[32m[10:00:31.002] [main/INFO] [loading.moddiscovery.ModDiscoverer/SCAN]: Found mod file "konkrete_neoforge_1.9.9_MC_1.21.jar" [locator: {mods folder locator at /home/ubuntu/bettermc/mods}, reader: mod manifest] 
[m[32m[10:00:31.003] [main/INFO] [loading.moddiscovery.ModDiscoverer/SCAN]: Found library file "kotlinforforge-5.11.0-all.jar" [locator: {mods folder locator at /home/ubuntu/bettermc/mods}, reader: mod manifest] 
[m[32m[10:00:31.005] [main/INFO] [loading.moddiscovery.ModDiscoverer/SCAN]: Found mod file "krypton_fnp-neoforge-1.21.1-0.2.28.1-1.21.1.jar" [locator: {mods folder locator at /home/ubuntu/bettermc/mods}, reader: mod manifest] 
[m[32m[10:00:31.009] [main/INFO] [loading.moddiscovery.ModDiscoverer/SCAN]: Found mod file "L_Ender's Cataclysm 1.21.1-3.27.jar" [locator: {mods folder locator at /home/ubuntu/bettermc/mods}, reader: mod manifest] 
[m[32m[10:00:31.010] [main/INFO] [loading.moddiscovery.ModDiscoverer/SCAN]: Found mod file "leaderboards-1.21.1-NeoForge-2.0.0.jar" [locator: {mods folder locator at /home/ubuntu/bettermc/mods}, reader: mod manifest] 
[m[32m[10:00:31.012] [main/INFO] [loading.moddiscovery.ModDiscoverer/SCAN]: Found mod file "LeavesBeGone-v21.1.0-1.21.1-NeoForge.jar" [locator: {mods folder locator at /home/ubuntu/bettermc/mods}, reader: mod manifest] 
[m[32m[10:00:31.014] [main/INFO] [loading.moddiscovery.ModDiscoverer/SCAN]: Found mod file "lionfishapi-2.7-fix-fix.jar" [locator: {mods folder locator at /home/ubuntu/bettermc/mods}, reader: mod manifest] 
[m[32m[10:00:31.016] [main/INFO] [loading.moddiscovery.ModDiscoverer/SCAN]: Found mod file "lithium-neoforge-0.15.3+mc1.21.1.jar" [locator: {mods folder locator at /home/ubuntu/bettermc/mods}, reader: mod manifest] 
[m[32m[10:00:31.018] [main/INFO] [loading.moddiscovery.ModDiscoverer/SCAN]: Found mod file "lithostitched-1.7.2-neoforge-21.1.jar" [locator: {mods folder locator at /home/ubuntu/bettermc/mods}, reader: mod manifest] 
[m[32m[10:00:31.019] [main/INFO] [loading.moddiscovery.ModDiscoverer/SCAN]: Found mod file "lmft-1.1.1+1.21.9-neoforge.jar" [locator: {mods folder locator at /home/ubuntu/bettermc/mods}, reader: mod manifest] 
[m[32m[10:00:31.020] [main/INFO] [loading.moddiscovery.ModDiscoverer/SCAN]: Found mod file "loadingprotection-1.0.2-1.21.1.jar" [locator: {mods folder locator at /home/ubuntu/bettermc/mods}, reader: mod manifest] 
[m[32m[10:00:31.022] [main/INFO] [loading.moddiscovery.ModDiscoverer/SCAN]: Found mod file "logbegone-neoforge-1.21.1-1.0.3.jar" [locator: {mods folder locator at /home/ubuntu/bettermc/mods}, reader: mod manifest] 
[m[32m[10:00:31.024] [main/INFO] [loading.moddiscovery.ModDiscoverer/SCAN]: Found mod file "LongNBTKiller-NeoForge-1.21.3-1.0.0.jar" [locator: {mods folder locator at /home/ubuntu/bettermc/mods}, reader: mod manifest] 
[m[32m[10:00:31.025] [main/INFO] [loading.moddiscovery.ModDiscoverer/SCAN]: Found mod file "lootintegration_wda-1.8.jar" [locator: {mods folder locator at /home/ubuntu/bettermc/mods}, reader: mod manifest] 
[m[32m[10:00:31.027] [main/INFO] [loading.moddiscovery.ModDiscoverer/SCAN]: Found mod file "lootintegrations-1.21.1-4.7.jar" [locator: {mods folder locator at /home/ubuntu/bettermc/mods}, reader: mod manifest] 
[m[32m[10:00:31.029] [main/INFO] [loading.moddiscovery.ModDiscoverer/SCAN]: Found mod file "lootintegrations_formations-1.3.jar" [locator: {mods folder locator at /home/ubuntu/bettermc/mods}, reader: mod manifest] 
[m[32m[10:00:31.031] [main/INFO] [loading.moddiscovery.ModDiscoverer/SCAN]: Found mod file "lootintegrations_lootintegrations_bygonepillage-1.2.jar" [locator: {mods folder locator at /home/ubuntu/bettermc/mods}, reader: mod manifest] 
[m[32m[10:00:31.033] [main/INFO] [loading.moddiscovery.ModDiscoverer/SCAN]: Found mod file "lootintegrations_moog-1.9.jar" [locator: {mods folder locator at /home/ubuntu/bettermc/mods}, reader: mod manifest] 
[m[32m[10:00:31.035] [main/INFO] [loading.moddiscovery.ModDiscoverer/SCAN]: Found mod file "lootintegrations_yungs-1.5.jar" [locator: {mods folder locator at /home/ubuntu/bettermc/mods}, reader: mod manifest] 
[m[32m[10:00:31.036] [main/INFO] [loading.moddiscovery.ModDiscoverer/SCAN]: Found mod file "lukis-crazy-chambers-1.0.3.jar" [locator: {mods folder locator at /home/ubuntu/bettermc/mods}, reader: mod manifest] 
[m[32m[10:00:31.037] [main/INFO] [loading.moddiscovery.ModDiscoverer/SCAN]: Found mod file "luna_minecraft-neoforge-5.3.1.jar" [locator: {mods folder locator at /home/ubuntu/bettermc/mods}, reader: mod manifest] 
[m[32m[10:00:31.043] [main/INFO] [loading.moddiscovery.ModDiscoverer/SCAN]: Found mod file "MagnumTorch-v21.1.1-1.21.1-NeoForge.jar" [locator: {mods folder locator at /home/ubuntu/bettermc/mods}, reader: mod manifest] 
[m[32m[10:00:31.045] [main/INFO] [loading.moddiscovery.ModDiscoverer/SCAN]: Found mod file "melody_neoforge_1.0.10_MC_1.21.jar" [locator: {mods folder locator at /home/ubuntu/bettermc/mods}, reader: mod manifest] 
[m[32m[10:00:31.047] [main/INFO] [loading.moddiscovery.ModDiscoverer/SCAN]: Found mod file "memorysettings-1.21-6.0.jar" [locator: {mods folder locator at /home/ubuntu/bettermc/mods}, reader: mod manifest] 
[m[32m[10:00:31.048] [main/INFO] [loading.moddiscovery.ModDiscoverer/SCAN]: Found mod file "midnightlib-neoforge-1.9.2+1.21.1.jar" [locator: {mods folder locator at /home/ubuntu/bettermc/mods}, reader: mod manifest] 
[m[32m[10:00:31.050] [main/INFO] [loading.moddiscovery.ModDiscoverer/SCAN]: Found mod file "misctweaks-1.3.0+1.21.1-neoforge.jar" [locator: {mods folder locator at /home/ubuntu/bettermc/mods}, reader: mod manifest] 
[m[32m[10:00:31.051] [main/INFO] [loading.moddiscovery.ModDiscoverer/SCAN]: Found mod file "mixintracereforged-neoforge-1.0.0-1.21.1.jar" [locator: {mods folder locator at /home/ubuntu/bettermc/mods}, reader: mod manifest] 
[m[32m[10:00:31.054] [main/INFO] [loading.moddiscovery.ModDiscoverer/SCAN]: Found mod file "modernfix-neoforge-5.24.3+mc1.21.1.jar" [locator: {mods folder locator at /home/ubuntu/bettermc/mods}, reader: mod manifest] 
[m[32m[10:00:31.058] [main/INFO] [loading.moddiscovery.ModDiscoverer/SCAN]: Found mod file "modpack-update-checker-1.21.1-neoforge-0.15.6.jar" [locator: {mods folder locator at /home/ubuntu/bettermc/mods}, reader: mod manifest] 
[m[32m[10:00:31.059] [main/INFO] [loading.moddiscovery.ModDiscoverer/SCAN]: Found mod file "moogs_structures-neoforge-1.21.1-2.0.2.jar" [locator: {mods folder locator at /home/ubuntu/bettermc/mods}, reader: mod manifest] 
[m[32m[10:00:31.061] [main/INFO] [loading.moddiscovery.ModDiscoverer/SCAN]: Found mod file "MoogsEndStructures-1.21-2.0.1.jar" [locator: {mods folder locator at /home/ubuntu/bettermc/mods}, reader: mod manifest] 
[m[32m[10:00:31.062] [main/INFO] [loading.moddiscovery.ModDiscoverer/SCAN]: Found mod file "MoogsMissingVillages-1.21-2.1.0.jar" [locator: {mods folder locator at /home/ubuntu/bettermc/mods}, reader: mod manifest] 
[m[32m[10:00:31.064] [main/INFO] [loading.moddiscovery.ModDiscoverer/SCAN]: Found mod file "MoogsNetherStructures-1.21-2.0.31.jar" [locator: {mods folder locator at /home/ubuntu/bettermc/mods}, reader: mod manifest] 
[m[32m[10:00:31.065] [main/INFO] [loading.moddiscovery.ModDiscoverer/SCAN]: Found mod file "MoogsVoyagerStructures-1.21-5.0.8.jar" [locator: {mods folder locator at /home/ubuntu/bettermc/mods}, reader: mod manifest] 
[m[32m[10:00:31.067] [main/INFO] [loading.moddiscovery.ModDiscoverer/SCAN]: Found mod file "moonlight-1.21-2.29.33-neoforge.jar" [locator: {mods folder locator at /home/ubuntu/bettermc/mods}, reader: mod manifest] 
[m[32m[10:00:31.069] [main/INFO] [loading.moddiscovery.ModDiscoverer/SCAN]: Found mod file "MoreVillagers-Re-1.21.1-neoforge-1.25.12.4.jar" [locator: {mods folder locator at /home/ubuntu/bettermc/mods}, reader: mod manifest] 
[m[32m[10:00:31.071] [main/INFO] [loading.moddiscovery.ModDiscoverer/SCAN]: Found mod file "mowziesmobs-1.21.1-1.8.2.jar" [locator: {mods folder locator at /home/ubuntu/bettermc/mods}, reader: mod manifest] 
[m[32m[10:00:31.073] [main/INFO] [loading.moddiscovery.ModDiscoverer/SCAN]: Found mod file "MyNethersDelight-1.21.1-1.10.1.jar" [locator: {mods folder locator at /home/ubuntu/bettermc/mods}, reader: mod manifest] 
[m[32m[10:00:31.075] [main/INFO] [loading.moddiscovery.ModDiscoverer/SCAN]: Found mod file "NaNny-1.21.1-1.0.1.jar" [locator: {mods folder locator at /home/ubuntu/bettermc/mods}, reader: mod manifest] 
[m[32m[10:00:31.076] [main/INFO] [loading.moddiscovery.ModDiscoverer/SCAN]: Found mod file "NaturesCompass-1.21.1-3.4.0-neoforge.jar" [locator: {mods folder locator at /home/ubuntu/bettermc/mods}, reader: mod manifest] 
[m[32m[10:00:31.078] [main/INFO] [loading.moddiscovery.ModDiscoverer/SCAN]: Found mod file "neobeefix-1.21.1-2.0.0.jar" [locator: {mods folder locator at /home/ubuntu/bettermc/mods}, reader: mod manifest] 
[m[32m[10:00:31.080] [main/INFO] [loading.moddiscovery.ModDiscoverer/SCAN]: Found mod file "neruina-3.3.0+1.21.1-neoforge.jar" [locator: {mods folder locator at /home/ubuntu/bettermc/mods}, reader: mod manifest] 
[m[32m[10:00:31.081] [main/INFO] [loading.moddiscovery.ModDiscoverer/SCAN]: Found mod file "NetherChested-v21.1.1-1.21.1-NeoForge.jar" [locator: {mods folder locator at /home/ubuntu/bettermc/mods}, reader: mod manifest] 
[m[32m[10:00:31.083] [main/INFO] [loading.moddiscovery.ModDiscoverer/SCAN]: Found mod file "netherite_tweaks_luna-1.2.2-neoforge-1.21.1.jar" [locator: {mods folder locator at /home/ubuntu/bettermc/mods}, reader: mod manifest] 
[m[32m[10:00:31.084] [main/INFO] [loading.moddiscovery.ModDiscoverer/SCAN]: Found mod file "netherportalfix-neoforge-1.21.1-21.1.1.jar" [locator: {mods folder locator at /home/ubuntu/bettermc/mods}, reader: mod manifest] 
[m[32m[10:00:31.086] [main/INFO] [loading.moddiscovery.ModDiscoverer/SCAN]: Found mod file "NoChatReports-NEOFORGE-1.21.1-v2.9.1.jar" [locator: {mods folder locator at /home/ubuntu/bettermc/mods}, reader: mod manifest] 
[m[32m[10:00:31.088] [main/INFO] [loading.moddiscovery.ModDiscoverer/SCAN]: Found mod file "nondirectionaldamagetiltfix2.0.1+b1.21.1.jar" [locator: {mods folder locator at /home/ubuntu/bettermc/mods}, reader: mod manifest] 
[m[32m[10:00:31.090] [main/INFO] [loading.moddiscovery.ModDiscoverer/SCAN]: Found mod file "oceansdelight-neoforge-1.0.4-1.21.1.jar" [locator: {mods folder locator at /home/ubuntu/bettermc/mods}, reader: mod manifest] 
[m[32m[10:00:31.096] [main/INFO] [loading.moddiscovery.ModDiscoverer/SCAN]: Found mod file "Oh-The-Biomes-Weve-Gone-NeoForge-2.5.5.jar" [locator: {mods folder locator at /home/ubuntu/bettermc/mods}, reader: mod manifest] 
[m[32m[10:00:31.098] [main/INFO] [loading.moddiscovery.ModDiscoverer/SCAN]: Found mod file "Oh-The-Trees-Youll-Grow-neoforge-1.21.1-5.3.1.jar" [locator: {mods folder locator at /home/ubuntu/bettermc/mods}, reader: mod manifest] 
[m[32m[10:00:31.100] [main/INFO] [loading.moddiscovery.ModDiscoverer/SCAN]: Found mod file "open-parties-and-claims-neoforge-1.21.1-0.26.2.jar" [locator: {mods folder locator at /home/ubuntu/bettermc/mods}, reader: mod manifest] 
[m[32m[10:00:31.102] [main/INFO] [loading.moddiscovery.ModDiscoverer/SCAN]: Found mod file "owo-lib-neoforge-0.12.15.5-beta.1+1.21.jar" [locator: {mods folder locator at /home/ubuntu/bettermc/mods}, reader: mod manifest] 
[m[32m[10:00:31.103] [main/INFO] [loading.moddiscovery.ModDiscoverer/SCAN]: Found mod file "packanalytics-neoforge-1.0.5-1.21.1.jar" [locator: {mods folder locator at /home/ubuntu/bettermc/mods}, reader: mod manifest] 
[m[32m[10:00:31.105] [main/INFO] [loading.moddiscovery.ModDiscoverer/SCAN]: Found mod file "packetfixer-3.3.1-1.20.5-1.21.X-merged.jar" [locator: {mods folder locator at /home/ubuntu/bettermc/mods}, reader: mod manifest] 
[m[32m[10:00:31.106] [main/INFO] [loading.moddiscovery.ModDiscoverer/SCAN]: Found mod file "Patchouli-1.21.1-93-NEOFORGE.jar" [locator: {mods folder locator at /home/ubuntu/bettermc/mods}, reader: mod manifest] 
[m[32m[10:00:31.108] [main/INFO] [loading.moddiscovery.ModDiscoverer/SCAN]: Found mod file "Paxi-1.21.1-NeoForge-5.1.3.jar" [locator: {mods folder locator at /home/ubuntu/bettermc/mods}, reader: mod manifest] 
[m[32m[10:00:31.109] [main/INFO] [loading.moddiscovery.ModDiscoverer/SCAN]: Found mod file "piglinproliferation-1.21.1-2.0.13.jar" [locator: {mods folder locator at /home/ubuntu/bettermc/mods}, reader: mod manifest] 
[m[32m[10:00:31.111] [main/INFO] [loading.moddiscovery.ModDiscoverer/SCAN]: Found mod file "Ping-Wheel-1.12.2-neoforge-1.21.1.jar" [locator: {mods folder locator at /home/ubuntu/bettermc/mods}, reader: mod manifest] 
[m[32m[10:00:31.112] [main/INFO] [loading.moddiscovery.ModDiscoverer/SCAN]: Found mod file "Platform-neoforge-1.21.1-1.3.jar" [locator: {mods folder locator at /home/ubuntu/bettermc/mods}, reader: mod manifest] 
[m[32m[10:00:31.114] [main/INFO] [loading.moddiscovery.ModDiscoverer/SCAN]: Found mod file "polymorph-neoforge-1.1.0+1.21.1.jar" [locator: {mods folder locator at /home/ubuntu/bettermc/mods}, reader: mod manifest] 
[m[32m[10:00:31.115] [main/INFO] [loading.moddiscovery.ModDiscoverer/SCAN]: Found mod file "prickle-neoforge-1.21.1-21.1.11.jar" [locator: {mods folder locator at /home/ubuntu/bettermc/mods}, reader: mod manifest] 
[m[32m[10:00:31.117] [main/INFO] [loading.moddiscovery.ModDiscoverer/SCAN]: Found mod file "puffish_biome_dither-1.0.0-1.21-neoforge.jar" [locator: {mods folder locator at /home/ubuntu/bettermc/mods}, reader: mod manifest] 
[m[32m[10:00:31.118] [main/INFO] [loading.moddiscovery.ModDiscoverer/SCAN]: Found mod file "PuzzlesLib-v21.1.39-1.21.1-NeoForge.jar" [locator: {mods folder locator at /home/ubuntu/bettermc/mods}, reader: mod manifest] 
[m[32m[10:00:31.120] [main/INFO] [loading.moddiscovery.ModDiscoverer/SCAN]: Found mod file "Quest-Kill-Task-neoforge-0.3.1+1.21.1.jar" [locator: {mods folder locator at /home/ubuntu/bettermc/mods}, reader: mod manifest] 
[m[32m[10:00:31.121] [main/INFO] [loading.moddiscovery.ModDiscoverer/SCAN]: Found mod file "Raided-1.21.1-0.1.6.jar" [locator: {mods folder locator at /home/ubuntu/bettermc/mods}, reader: mod manifest] 
[m[32m[10:00:31.122] [main/INFO] [loading.moddiscovery.ModDiscoverer/SCAN]: Found mod file "randomenchantfix-neoforge-1.0.1-1.21.1.jar" [locator: {mods folder locator at /home/ubuntu/bettermc/mods}, reader: mod manifest] 
[m[32m[10:00:31.124] [main/INFO] [loading.moddiscovery.ModDiscoverer/SCAN]: Found mod file "recipeessentials-1.21-4.0.jar" [locator: {mods folder locator at /home/ubuntu/bettermc/mods}, reader: mod manifest] 
[m[32m[10:00:31.126] [main/INFO] [loading.moddiscovery.ModDiscoverer/SCAN]: Found mod file "redirected-neoforge-1.0.0-1.21.1.jar" [locator: {mods folder locator at /home/ubuntu/bettermc/mods}, reader: mod manifest] 
[m[32m[10:00:31.127] [main/INFO] [loading.moddiscovery.ModDiscoverer/SCAN]: Found mod file "reeses-sodium-options-neoforge-1.8.3+mc1.21.4.jar" [locator: {mods folder locator at /home/ubuntu/bettermc/mods}, reader: mod manifest] 
[m[32m[10:00:31.132] [main/INFO] [loading.moddiscovery.ModDiscoverer/SCAN]: Found mod file "repurposed_structures-7.5.20+1.21.1-neoforge.jar" [locator: {mods folder locator at /home/ubuntu/bettermc/mods}, reader: mod manifest] 
[m[32m[10:00:31.133] [main/INFO] [loading.moddiscovery.ModDiscoverer/SCAN]: Found mod file "repurposed_structures_farmers_delight_compat_v7.jar" [locator: {mods folder locator at /home/ubuntu/bettermc/mods}, reader: mod manifest] 
[m[32m[10:00:31.134] [main/INFO] [loading.moddiscovery.ModDiscoverer/SCAN]: Found mod file "reset_controls_confirmation-neoforge-1.0.0-1.21.1.jar" [locator: {mods folder locator at /home/ubuntu/bettermc/mods}, reader: mod manifest] 
[m[32m[10:00:31.136] [main/INFO] [loading.moddiscovery.ModDiscoverer/SCAN]: Found mod file "resourcefulconfig-neoforge-1.21-3.0.11.jar" [locator: {mods folder locator at /home/ubuntu/bettermc/mods}, reader: mod manifest] 
[m[32m[10:00:31.137] [main/INFO] [loading.moddiscovery.ModDiscoverer/SCAN]: Found mod file "resourcefullib-neoforge-1.21-3.0.12.jar" [locator: {mods folder locator at /home/ubuntu/bettermc/mods}, reader: mod manifest] 
[m[32m[10:00:31.138] [main/INFO] [loading.moddiscovery.ModDiscoverer/SCAN]: Found mod file "ResourcePackOverrides-v21.1.0-1.21.1-NeoForge.jar" [locator: {mods folder locator at /home/ubuntu/bettermc/mods}, reader: mod manifest] 
[m[32m[10:00:31.140] [main/INFO] [loading.moddiscovery.ModDiscoverer/SCAN]: Found mod file "revampedwolf-1.21.1-13.0.0.jar" [locator: {mods folder locator at /home/ubuntu/bettermc/mods}, reader: mod manifest] 
[m[32m[10:00:31.142] [main/INFO] [loading.moddiscovery.ModDiscoverer/SCAN]: Found mod file "rewithered-1.0.8+1.21.1-neoforge.jar" [locator: {mods folder locator at /home/ubuntu/bettermc/mods}, reader: mod manifest] 
[m[32m[10:00:31.143] [main/INFO] [loading.moddiscovery.ModDiscoverer/SCAN]: Found mod file "rightclickharvest-neoforge-4.6.1+1.21.1.jar" [locator: {mods folder locator at /home/ubuntu/bettermc/mods}, reader: mod manifest] 
[m[32m[10:00:31.145] [main/INFO] [loading.moddiscovery.ModDiscoverer/SCAN]: Found mod file "sawmill-1.21-1.7.2-neoforge.jar" [locator: {mods folder locator at /home/ubuntu/bettermc/mods}, reader: mod manifest] 
[m[32m[10:00:31.146] [main/INFO] [loading.moddiscovery.ModDiscoverer/SCAN]: Found mod file "ScalableLux-0.1.0.1+neoforge.1cb1e91-all.jar" [locator: {mods folder locator at /home/ubuntu/bettermc/mods}, reader: mod manifest] 
[m[32m[10:00:31.148] [main/INFO] [loading.moddiscovery.ModDiscoverer/SCAN]: Found mod file "Searchables-neoforge-1.21.1-1.0.2.jar" [locator: {mods folder locator at /home/ubuntu/bettermc/mods}, reader: mod manifest] 
[m[32m[10:00:31.149] [main/INFO] [loading.moddiscovery.ModDiscoverer/SCAN]: Found mod file "Seasonal Integration-v1.5.0-Mc1.21.1+.jar" [locator: {mods folder locator at /home/ubuntu/bettermc/mods}, reader: mod manifest] 
[m[32m[10:00:31.151] [main/INFO] [loading.moddiscovery.ModDiscoverer/SCAN]: Found mod file "SereneSeasons-neoforge-1.21.1-10.1.0.3.jar" [locator: {mods folder locator at /home/ubuntu/bettermc/mods}, reader: mod manifest] 
[m[32m[10:00:31.153] [main/INFO] [loading.moddiscovery.ModDiscoverer/SCAN]: Found mod file "serverbrowser-neoforge-1.4.2-1.21.1.jar" [locator: {mods folder locator at /home/ubuntu/bettermc/mods}, reader: mod manifest] 
[m[32m[10:00:31.154] [main/INFO] [loading.moddiscovery.ModDiscoverer/SCAN]: Found mod file "simple_snowy_fix-1.21.1-1.21.11-2.1.9-neoforge.jar" [locator: {mods folder locator at /home/ubuntu/bettermc/mods}, reader: mod manifest] 
[m[32m[10:00:31.155] [main/INFO] [loading.moddiscovery.ModDiscoverer/SCAN]: Found mod file "SkeletonAIFix-v21.1.1-1.21.1-NeoForge.jar" [locator: {mods folder locator at /home/ubuntu/bettermc/mods}, reader: mod manifest] 
[m[32m[10:00:31.157] [main/INFO] [loading.moddiscovery.ModDiscoverer/SCAN]: Found mod file "skinlayers3d-neoforge-1.11.1-mc1.21.1.jar" [locator: {mods folder locator at /home/ubuntu/bettermc/mods}, reader: mod manifest] 
[m[32m[10:00:31.158] [main/INFO] [loading.moddiscovery.ModDiscoverer/SCAN]: Found mod file "smarterfarmers-1.21-2.2.4-neoforge.jar" [locator: {mods folder locator at /home/ubuntu/bettermc/mods}, reader: mod manifest] 
[m[32m[10:00:31.160] [main/INFO] [loading.moddiscovery.ModDiscoverer/SCAN]: Found mod file "smoothchunk-1.21-4.1.jar" [locator: {mods folder locator at /home/ubuntu/bettermc/mods}, reader: mod manifest] 
[m[32m[10:00:31.161] [main/INFO] [loading.moddiscovery.ModDiscoverer/SCAN]: Found mod file "smoothmovement-1.21.1-2.7.jar" [locator: {mods folder locator at /home/ubuntu/bettermc/mods}, reader: mod manifest] 
[m[32m[10:00:31.163] [main/INFO] [loading.moddiscovery.ModDiscoverer/SCAN]: Found mod file "SnowRealMagic-1.21.1-NeoForge-12.2.1.jar" [locator: {mods folder locator at /home/ubuntu/bettermc/mods}, reader: mod manifest] 
[m[32m[10:00:31.165] [main/INFO] [loading.moddiscovery.ModDiscoverer/SCAN]: Found mod file "snowundertrees-1.21.1-1.5.jar" [locator: {mods folder locator at /home/ubuntu/bettermc/mods}, reader: mod manifest] 
[m[32m[10:00:31.166] [main/INFO] [loading.moddiscovery.ModDiscoverer/SCAN]: Found mod file "sound-physics-remastered-neoforge-1.21.1-1.5.1.jar" [locator: {mods folder locator at /home/ubuntu/bettermc/mods}, reader: mod manifest] 
[m[32m[10:00:31.168] [main/INFO] [loading.moddiscovery.ModDiscoverer/SCAN]: Found mod file "spark-1.10.124-neoforge.jar" [locator: {mods folder locator at /home/ubuntu/bettermc/mods}, reader: mod manifest] 
[m[32m[10:00:31.170] [main/INFO] [loading.moddiscovery.ModDiscoverer/SCAN]: Found mod file "sparsestructures-neoforge-1.21.1-3.0.jar" [locator: {mods folder locator at /home/ubuntu/bettermc/mods}, reader: mod manifest] 
[m[32m[10:00:31.174] [main/INFO] [loading.moddiscovery.ModDiscoverer/SCAN]: Found mod file "Stoneworks-v21.1.0-1.21.1-NeoForge.jar" [locator: {mods folder locator at /home/ubuntu/bettermc/mods}, reader: mod manifest] 
[m[32m[10:00:31.175] [main/INFO] [loading.moddiscovery.ModDiscoverer/SCAN]: Found mod file "Stony Cliffs FML v1.1.2.jar" [locator: {mods folder locator at /home/ubuntu/bettermc/mods}, reader: mod manifest] 
[m[32m[10:00:31.177] [main/INFO] [loading.moddiscovery.ModDiscoverer/SCAN]: Found mod file "Structory_26.1_v1.3.16.jar" [locator: {mods folder locator at /home/ubuntu/bettermc/mods}, reader: mod manifest] 
[m[32m[10:00:31.178] [main/INFO] [loading.moddiscovery.ModDiscoverer/SCAN]: Found mod file "Structory_Towers_26.1_v1.0.16.jar" [locator: {mods folder locator at /home/ubuntu/bettermc/mods}, reader: mod manifest] 
[m[32m[10:00:31.180] [main/INFO] [loading.moddiscovery.ModDiscoverer/SCAN]: Found mod file "structure_layout_optimizer-neoforge-1.0.12.jar" [locator: {mods folder locator at /home/ubuntu/bettermc/mods}, reader: mod manifest] 
[m[32m[10:00:31.182] [main/INFO] [loading.moddiscovery.ModDiscoverer/SCAN]: Found mod file "structureessentials-1.21.1-5.0.jar" [locator: {mods folder locator at /home/ubuntu/bettermc/mods}, reader: mod manifest] 
[m[32m[10:00:31.184] [main/INFO] [loading.moddiscovery.ModDiscoverer/SCAN]: Found mod file "SubtleEffects-neoforge-1.21.1-1.14.3.jar" [locator: {mods folder locator at /home/ubuntu/bettermc/mods}, reader: mod manifest] 
[m[32m[10:00:31.189] [main/INFO] [loading.moddiscovery.ModDiscoverer/SCAN]: Found mod file "supplementaries-1.21-3.5.34-neoforge.jar" [locator: {mods folder locator at /home/ubuntu/bettermc/mods}, reader: mod manifest] 
[m[32m[10:00:31.191] [main/INFO] [loading.moddiscovery.ModDiscoverer/SCAN]: Found mod file "takesapillage-neoforge-1.0.10+mc1.21.1.jar" [locator: {mods folder locator at /home/ubuntu/bettermc/mods}, reader: mod manifest] 
[m[32m[10:00:31.192] [main/INFO] [loading.moddiscovery.ModDiscoverer/SCAN]: Found mod file "TerraBlender-neoforge-1.21.1-4.1.0.8.jar" [locator: {mods folder locator at /home/ubuntu/bettermc/mods}, reader: mod manifest] 
[m[32m[10:00:31.193] [main/INFO] [loading.moddiscovery.ModDiscoverer/SCAN]: Found mod file "tfthreadsafetyaddon-0.1.3.jar" [locator: {mods folder locator at /home/ubuntu/bettermc/mods}, reader: mod manifest] 
[m[32m[10:00:31.195] [main/INFO] [loading.moddiscovery.ModDiscoverer/SCAN]: Found mod file "toms_storage-1.21-2.3.2.jar" [locator: {mods folder locator at /home/ubuntu/bettermc/mods}, reader: mod manifest] 
[m[32m[10:00:31.197] [main/INFO] [loading.moddiscovery.ModDiscoverer/SCAN]: Found mod file "toofast-1.21.0-0.4.3.6.jar" [locator: {mods folder locator at /home/ubuntu/bettermc/mods}, reader: mod manifest] 
[m[32m[10:00:31.198] [main/INFO] [loading.moddiscovery.ModDiscoverer/SCAN]: Found mod file "TradingPost-v21.1.1-1.21.1-NeoForge.jar" [locator: {mods folder locator at /home/ubuntu/bettermc/mods}, reader: mod manifest] 
[m[32m[10:00:31.200] [main/INFO] [loading.moddiscovery.ModDiscoverer/SCAN]: Found mod file "twilightdelight-3.2.0.jar" [locator: {mods folder locator at /home/ubuntu/bettermc/mods}, reader: mod manifest] 
[m[32m[10:00:31.207] [main/INFO] [loading.moddiscovery.ModDiscoverer/SCAN]: Found mod file "twilightforest-1.21.1-4.8.3345-universal.jar" [locator: {mods folder locator at /home/ubuntu/bettermc/mods}, reader: mod manifest] 
[m[32m[10:00:31.208] [main/INFO] [loading.moddiscovery.ModDiscoverer/SCAN]: Found mod file "txnilib-neoforge-1.0.24-1.21.1.jar" [locator: {mods folder locator at /home/ubuntu/bettermc/mods}, reader: mod manifest] 
[m[32m[10:00:31.210] [main/INFO] [loading.moddiscovery.ModDiscoverer/SCAN]: Found mod file "underlay-1.0.1-neoforge-mc1.21.1.jar" [locator: {mods folder locator at /home/ubuntu/bettermc/mods}, reader: mod manifest] 
[m[32m[10:00:31.212] [main/INFO] [loading.moddiscovery.ModDiscoverer/SCAN]: Found mod file "VanillaBackport-neoforge-1.21.1-1.1.6.3.jar" [locator: {mods folder locator at /home/ubuntu/bettermc/mods}, reader: mod manifest] 
[m[32m[10:00:31.214] [main/INFO] [loading.moddiscovery.ModDiscoverer/SCAN]: Found mod file "variantsandventures-neoforge-1.0.24+mc1.21.1.jar" [locator: {mods folder locator at /home/ubuntu/bettermc/mods}, reader: mod manifest] 
[m[32m[10:00:31.215] [main/INFO] [loading.moddiscovery.ModDiscoverer/SCAN]: Found mod file "vb-compat-1.7-1.21.1.jar" [locator: {mods folder locator at /home/ubuntu/bettermc/mods}, reader: mod manifest] 
[m[32m[10:00:31.216] [main/INFO] [loading.moddiscovery.ModDiscoverer/SCAN]: Found mod file "veinmining-neoforge-5.0.0-beta.2+1.21.jar" [locator: {mods folder locator at /home/ubuntu/bettermc/mods}, reader: mod manifest] 
[m[32m[10:00:31.218] [main/INFO] [loading.moddiscovery.ModDiscoverer/SCAN]: Found mod file "Villager-API-1.21.1-neoforge-1.26.1.3.jar" [locator: {mods folder locator at /home/ubuntu/bettermc/mods}, reader: mod manifest] 
[m[32m[10:00:31.219] [main/INFO] [loading.moddiscovery.ModDiscoverer/SCAN]: Found mod file "villagernames-1.21.1-8.2.jar" [locator: {mods folder locator at /home/ubuntu/bettermc/mods}, reader: mod manifest] 
[m[32m[10:00:31.220] [main/INFO] [loading.moddiscovery.ModDiscoverer/SCAN]: Found mod file "villagesandpillages-neoforge-mc1.21.1-1.0.3.jar" [locator: {mods folder locator at /home/ubuntu/bettermc/mods}, reader: mod manifest] 
[m[32m[10:00:31.222] [main/INFO] [loading.moddiscovery.ModDiscoverer/SCAN]: Found mod file "VisualWorkbench-v21.1.1-1.21.1-NeoForge.jar" [locator: {mods folder locator at /home/ubuntu/bettermc/mods}, reader: mod manifest] 
[m[32m[10:00:31.224] [main/INFO] [loading.moddiscovery.ModDiscoverer/SCAN]: Found mod file "watut-neoforge-1.21.0-1.2.7.jar" [locator: {mods folder locator at /home/ubuntu/bettermc/mods}, reader: mod manifest] 
[m[32m[10:00:31.226] [main/INFO] [loading.moddiscovery.ModDiscoverer/SCAN]: Found mod file "waystones-neoforge-1.21.1-21.1.30.jar" [locator: {mods folder locator at /home/ubuntu/bettermc/mods}, reader: mod manifest] 
[m[32m[10:00:31.228] [main/INFO] [loading.moddiscovery.ModDiscoverer/SCAN]: Found mod file "wetland_whimsy-2.0.3-1.21.1.jar" [locator: {mods folder locator at /home/ubuntu/bettermc/mods}, reader: mod manifest] 
[m[32m[10:00:31.229] [main/INFO] [loading.moddiscovery.ModDiscoverer/SCAN]: Found mod file "worldplaytime-1.2.2-1.21-NEOFORGE.jar" [locator: {mods folder locator at /home/ubuntu/bettermc/mods}, reader: mod manifest] 
[m[32m[10:00:31.231] [main/INFO] [loading.moddiscovery.ModDiscoverer/SCAN]: Found mod file "xaerominimap-neoforge-1.21.1-25.3.10.jar" [locator: {mods folder locator at /home/ubuntu/bettermc/mods}, reader: mod manifest] 
[m[32m[10:00:31.233] [main/INFO] [loading.moddiscovery.ModDiscoverer/SCAN]: Found mod file "xaeroworldmap-neoforge-1.21.1-1.40.11.jar" [locator: {mods folder locator at /home/ubuntu/bettermc/mods}, reader: mod manifest] 
[m[32m[10:00:31.234] [main/INFO] [loading.moddiscovery.ModDiscoverer/SCAN]: Found mod file "xptome-1.21.1-2.4.jar" [locator: {mods folder locator at /home/ubuntu/bettermc/mods}, reader: mod manifest] 
[m[32m[10:00:31.236] [main/INFO] [loading.moddiscovery.ModDiscoverer/SCAN]: Found mod file "yet_another_config_lib_v3-3.8.2+1.21.1-neoforge.jar" [locator: {mods folder locator at /home/ubuntu/bettermc/mods}, reader: mod manifest] 
[m[32m[10:00:31.238] [main/INFO] [loading.moddiscovery.ModDiscoverer/SCAN]: Found mod file "youre-in-grave-danger-neoforge-2.0.13.jar" [locator: {mods folder locator at /home/ubuntu/bettermc/mods}, reader: mod manifest] 
[m[32m[10:00:31.240] [main/INFO] [loading.moddiscovery.ModDiscoverer/SCAN]: Found mod file "YungsApi-1.21.1-NeoForge-5.1.6.jar" [locator: {mods folder locator at /home/ubuntu/bettermc/mods}, reader: mod manifest] 
[m[32m[10:00:31.241] [main/INFO] [loading.moddiscovery.ModDiscoverer/SCAN]: Found mod file "YungsBetterDungeons-1.21.1-NeoForge-5.1.4.jar" [locator: {mods folder locator at /home/ubuntu/bettermc/mods}, reader: mod manifest] 
[m[32m[10:00:31.243] [main/INFO] [loading.moddiscovery.ModDiscoverer/SCAN]: Found mod file "YungsBetterEndIsland-1.21.1-NeoForge-3.1.2.jar" [locator: {mods folder locator at /home/ubuntu/bettermc/mods}, reader: mod manifest] 
[m[32m[10:00:31.244] [main/INFO] [loading.moddiscovery.ModDiscoverer/SCAN]: Found mod file "YungsBetterJungleTemples-1.21.1-NeoForge-3.1.2.jar" [locator: {mods folder locator at /home/ubuntu/bettermc/mods}, reader: mod manifest] 
[m[32m[10:00:31.246] [main/INFO] [loading.moddiscovery.ModDiscoverer/SCAN]: Found mod file "YungsBetterMineshafts-1.21.1-NeoForge-5.1.1.jar" [locator: {mods folder locator at /home/ubuntu/bettermc/mods}, reader: mod manifest] 
[m[32m[10:00:31.247] [main/INFO] [loading.moddiscovery.ModDiscoverer/SCAN]: Found mod file "YungsBetterNetherFortresses-1.21.1-NeoForge-3.1.5.jar" [locator: {mods folder locator at /home/ubuntu/bettermc/mods}, reader: mod manifest] 
[m[32m[10:00:31.249] [main/INFO] [loading.moddiscovery.ModDiscoverer/SCAN]: Found mod file "YungsBetterOceanMonuments-1.21.1-NeoForge-4.1.2.jar" [locator: {mods folder locator at /home/ubuntu/bettermc/mods}, reader: mod manifest] 
[m[32m[10:00:31.250] [main/INFO] [loading.moddiscovery.ModDiscoverer/SCAN]: Found mod file "YungsBetterStrongholds-1.21.1-NeoForge-5.1.3.jar" [locator: {mods folder locator at /home/ubuntu/bettermc/mods}, reader: mod manifest] 
[m[32m[10:00:31.252] [main/INFO] [loading.moddiscovery.ModDiscoverer/SCAN]: Found mod file "YungsBetterWitchHuts-1.21.1-NeoForge-4.1.1.jar" [locator: {mods folder locator at /home/ubuntu/bettermc/mods}, reader: mod manifest] 
[m[32m[10:00:31.253] [main/INFO] [loading.moddiscovery.ModDiscoverer/SCAN]: Found mod file "zombieimprovements-1.2.0+1.21.1-neoforge.jar" [locator: {mods folder locator at /home/ubuntu/bettermc/mods}, reader: mod manifest] 
[m[32m[10:00:31.272] [main/INFO] [loading.moddiscovery.ModDiscoverer/SCAN]: Found mod file "crash_assistant-neoforge.jar" [parent: , locator: jarinjar, reader: mod manifest] 
[m[33m[10:00:32.638] [main/WARN] [selection.JarSelector/]: Attempted to select a dependency jar for JarJar which was passed in as source: library:net.fabricmc.loader. Using Mod File: /~nonexistent 
[m[33m[10:00:32.638] [main/WARN] [selection.JarSelector/]: Attempted to select a dependency jar for JarJar which was passed in as source: accessories. Using Mod File: /home/ubuntu/bettermc/mods/accessories-neoforge-1.1.0-beta.53+1.21.1.jar 
[m[33m[10:00:32.638] [main/WARN] [selection.JarSelector/]: Attempted to select a dependency jar for JarJar which was passed in as source: terrablender. Using Mod File: /home/ubuntu/bettermc/mods/TerraBlender-neoforge-1.21.1-4.1.0.8.jar 
[m[33m[10:00:32.639] [main/WARN] [selection.JarSelector/]: Attempted to select a dependency jar for JarJar which was passed in as source: aeroblender. Using Mod File: /home/ubuntu/bettermc/mods/aeroblender-1.21.1-1.0.0-neoforge.jar 
[m[32m[10:00:32.639] [main/INFO] [loading.moddiscovery.locators.JarInJarDependencyLocator/]: Found 138 dependencies adding them to mods collection 
[m[32m[10:00:32.639] [main/INFO] [loading.moddiscovery.ModDiscoverer/SCAN]: Found mod file "c2me-fixes-worldgen-threading-issues-mc1.21.1-0.3.0+alpha.0.91.jar" [parent: c2me-neoforge-mc1.21.1-0.3.0+alpha.0.91.jar, locator: jarinjar, reader: mod manifest] 
[m[32m[10:00:32.639] [main/INFO] [loading.moddiscovery.ModDiscoverer/SCAN]: Found mod file "kuma-api-neoforge-21.0.7+1.21.jar" [parent: balm-neoforge-1.21.1-21.0.56.jar, locator: jarinjar, reader: mod manifest] 
[m[32m[10:00:32.639] [main/INFO] [loading.moddiscovery.ModDiscoverer/SCAN]: Found mod file "fabric-renderer-api-v1-3.4.1+9125b6dc19.jar" [parent: forgified-fabric-api-0.116.7+2.2.4+1.21.1.jar, locator: jarinjar, reader: mod manifest] 
[m[32m[10:00:32.639] [main/INFO] [loading.moddiscovery.ModDiscoverer/SCAN]: Found library file "sewlia-config-1.0.0-20250810.044244-13.jar" [parent: krypton_fnp-neoforge-1.21.1-0.2.28.1-1.21.1.jar, locator: jarinjar] 
[m[32m[10:00:32.639] [main/INFO] [loading.moddiscovery.ModDiscoverer/SCAN]: Found mod file "c2me-rewrites-chunk-serializer-mc1.21.1-0.3.0+alpha.0.91.jar" [parent: c2me-neoforge-mc1.21.1-0.3.0+alpha.0.91.jar, locator: jarinjar, reader: mod manifest] 
[m[32m[10:00:32.639] [main/INFO] [loading.moddiscovery.ModDiscoverer/SCAN]: Found mod file "kubejs-bridge-1.12.1+1.21.1.jar" [parent: ConnectorExtras-1.12.1+1.21.1.jar, locator: jarinjar, reader: mod manifest] 
[m[32m[10:00:32.639] [main/INFO] [loading.moddiscovery.ModDiscoverer/SCAN]: Found mod file "fabric-item-api-v1-11.2.0+0c57911319.jar" [parent: forgified-fabric-api-0.116.7+2.2.4+1.21.1.jar, locator: jarinjar, reader: mod manifest] 
[m[32m[10:00:32.640] [main/INFO] [loading.moddiscovery.ModDiscoverer/SCAN]: Found mod file "modmenu-bridge-1.12.1+1.21.1.jar" [parent: ConnectorExtras-1.12.1+1.21.1.jar, locator: jarinjar, reader: mod manifest] 
[m[32m[10:00:32.640] [main/INFO] [loading.moddiscovery.ModDiscoverer/SCAN]: Found mod file "fabric-rendering-fluids-v1-3.1.6+a51883b219.jar" [parent: forgified-fabric-api-0.116.7+2.2.4+1.21.1.jar, locator: jarinjar, reader: mod manifest] 
[m[32m[10:00:32.640] [main/INFO] [loading.moddiscovery.ModDiscoverer/SCAN]: Found library file "github-api-2.0-rc.6.jar" [parent: neruina-3.3.0+1.21.1-neoforge.jar, locator: jarinjar] 
[m[32m[10:00:32.640] [main/INFO] [loading.moddiscovery.ModDiscoverer/SCAN]: Found library file "MixinSquared-0.3.4.jar" [parent: mixinsquared-neoforge-0.3.4.jar, locator: jarinjar] 
[m[32m[10:00:32.640] [main/INFO] [loading.moddiscovery.ModDiscoverer/SCAN]: Found mod file "c2me-opts-natives-math-mc1.21.1-0.3.0+alpha.0.91.jar" [parent: c2me-neoforge-mc1.21.1-0.3.0+alpha.0.91.jar, locator: jarinjar, reader: mod manifest] 
[m[32m[10:00:32.640] [main/INFO] [loading.moddiscovery.ModDiscoverer/SCAN]: Found mod file "c2me-fixes-general-threading-issues-mc1.21.1-0.3.0+alpha.0.91.jar" [parent: c2me-neoforge-mc1.21.1-0.3.0+alpha.0.91.jar, locator: jarinjar, reader: mod manifest] 
[m[32m[10:00:32.640] [main/INFO] [loading.moddiscovery.ModDiscoverer/SCAN]: Found library file "netty-0.1.4.1.jar" [parent: owo-lib-neoforge-0.12.15.5-beta.1+1.21.jar, locator: jarinjar] 
[m[32m[10:00:32.640] [main/INFO] [loading.moddiscovery.ModDiscoverer/SCAN]: Found mod file "fabric-convention-tags-v1-2.1.5+7f945d5b19.jar" [parent: forgified-fabric-api-0.116.7+2.2.4+1.21.1.jar, locator: jarinjar, reader: mod manifest] 
[m[32m[10:00:32.640] [main/INFO] [loading.moddiscovery.ModDiscoverer/SCAN]: Found library file "endec-0.1.8.1.jar" [parent: owo-lib-neoforge-0.12.15.5-beta.1+1.21.jar, locator: jarinjar] 
[m[32m[10:00:32.640] [main/INFO] [loading.moddiscovery.ModDiscoverer/SCAN]: Found library file "kotlinx-coroutines-core-jvm-1.10.2.jar" [parent: kotlinforforge-5.11.0-all.jar, locator: jarinjar] 
[m[32m[10:00:32.640] [main/INFO] [loading.moddiscovery.ModDiscoverer/SCAN]: Found mod file "fabric-block-view-api-v2-1.0.11+e9036fd419.jar" [parent: forgified-fabric-api-0.116.7+2.2.4+1.21.1.jar, locator: jarinjar, reader: mod manifest] 
[m[32m[10:00:32.640] [main/INFO] [loading.moddiscovery.ModDiscoverer/SCAN]: Found mod file "fabric-command-api-v2-2.2.28+36d727be19.jar" [parent: forgified-fabric-api-0.115.6+2.1.0+1.21.1.jar, locator: jarinjar, reader: mod manifest] 
[m[32m[10:00:32.641] [main/INFO] [loading.moddiscovery.ModDiscoverer/SCAN]: Found mod file "fabric-convention-tags-v2-2.11.1+87e5848019.jar" [parent: forgified-fabric-api-0.116.7+2.2.4+1.21.1.jar, locator: jarinjar, reader: mod manifest] 
[m[32m[10:00:32.641] [main/INFO] [loading.moddiscovery.ModDiscoverer/SCAN]: Found mod file "fabric-data-attachment-api-v1-1.4.5+26d408aa19.jar" [parent: forgified-fabric-api-0.116.7+2.2.4+1.21.1.jar, locator: jarinjar, reader: mod manifest] 
[m[32m[10:00:32.641] [main/INFO] [loading.moddiscovery.ModDiscoverer/SCAN]: Found library file "jctools-core-4.0.5.jar" [parent: c2me-neoforge-mc1.21.1-0.3.0+alpha.0.91.jar, locator: jarinjar] 
[m[32m[10:00:32.641] [main/INFO] [loading.moddiscovery.ModDiscoverer/SCAN]: Found mod file "neoforgedatapackextensions-neoforge-21.1.2.jar" [parent: DyedFlames-v21.1.1-1.21.1-NeoForge.jar, locator: jarinjar, reader: mod manifest] 
[m[32m[10:00:32.641] [main/INFO] [loading.moddiscovery.ModDiscoverer/SCAN]: Found mod file "rei-bridge-1.12.1+1.21.1.jar" [parent: ConnectorExtras-1.12.1+1.21.1.jar, locator: jarinjar, reader: mod manifest] 
[m[32m[10:00:32.641] [main/INFO] [loading.moddiscovery.ModDiscoverer/SCAN]: Found mod file "biolith-neoforge-3.0.10.jar" [parent: wetland_whimsy-2.0.3-1.21.1.jar, locator: jarinjar, reader: mod manifest] 
[m[32m[10:00:32.641] [main/INFO] [loading.moddiscovery.ModDiscoverer/SCAN]: Found mod file "c2me-opts-math-mc1.21.1-0.3.0+alpha.0.91.jar" [parent: c2me-neoforge-mc1.21.1-0.3.0+alpha.0.91.jar, locator: jarinjar, reader: mod manifest] 
[m[32m[10:00:32.641] [main/INFO] [loading.moddiscovery.ModDiscoverer/SCAN]: Found library file "kotlin-stdlib-jdk7-2.3.0.jar" [parent: kotlinforforge-5.11.0-all.jar, locator: jarinjar] 
[m[32m[10:00:32.641] [main/INFO] [loading.moddiscovery.ModDiscoverer/SCAN]: Found mod file "fabric-screen-api-v1-2.0.25+4228281319.jar" [parent: forgified-fabric-api-0.115.6+2.1.0+1.21.1.jar, locator: jarinjar, reader: mod manifest] 
[m[32m[10:00:32.641] [main/INFO] [loading.moddiscovery.ModDiscoverer/SCAN]: Found library file "reactive-streams-1.0.4.jar" [parent: c2me-neoforge-mc1.21.1-0.3.0+alpha.0.91.jar, locator: jarinjar] 
[m[32m[10:00:32.641] [main/INFO] [loading.moddiscovery.ModDiscoverer/SCAN]: Found library file "kotlin-stdlib-jdk8-2.3.0.jar" [parent: kotlinforforge-5.11.0-all.jar, locator: jarinjar] 
[m[32m[10:00:32.641] [main/INFO] [loading.moddiscovery.ModDiscoverer/SCAN]: Found mod file "c2me-base-mc1.21.1-0.3.0+alpha.0.91-all.jar" [parent: c2me-neoforge-mc1.21.1-0.3.0+alpha.0.91.jar, locator: jarinjar, reader: mod manifest] 
[m[32m[10:00:32.641] [main/INFO] [loading.moddiscovery.ModDiscoverer/SCAN]: Found mod file "forgified-fabric-api-0.115.6+2.1.0+1.21.1.jar" [parent: txnilib-neoforge-1.0.24-1.21.1.jar, locator: jarinjar, reader: mod manifest] 
[m[32m[10:00:32.642] [main/INFO] [loading.moddiscovery.ModDiscoverer/SCAN]: Found mod file "c2me-fixes-worldgen-vanilla-bugs-mc1.21.1-0.3.0+alpha.0.91.jar" [parent: c2me-neoforge-mc1.21.1-0.3.0+alpha.0.91.jar, locator: jarinjar, reader: mod manifest] 
[m[32m[10:00:32.642] [main/INFO] [loading.moddiscovery.ModDiscoverer/SCAN]: Found mod file "fabric-content-registries-v0-8.0.19+5e0d320019.jar" [parent: forgified-fabric-api-0.116.7+2.2.4+1.21.1.jar, locator: jarinjar, reader: mod manifest] 
[m[32m[10:00:32.642] [main/INFO] [loading.moddiscovery.ModDiscoverer/SCAN]: Found library file "kotlinx-serialization-json-jvm-1.9.0.jar" [parent: kotlinforforge-5.11.0-all.jar, locator: jarinjar] 
[m[32m[10:00:32.642] [main/INFO] [loading.moddiscovery.ModDiscoverer/SCAN]: Found library file "bytecodecs-1.1.2.jar" [parent: resourcefullib-neoforge-1.21-3.0.12.jar, locator: jarinjar] 
[m[32m[10:00:32.642] [main/INFO] [loading.moddiscovery.ModDiscoverer/SCAN]: Found gamelibrary file "l2modularblocks-3.0.0.jar" [parent: twilightdelight-3.2.0.jar, locator: jarinjar, reader: mod manifest] 
[m[32m[10:00:32.642] [main/INFO] [loading.moddiscovery.ModDiscoverer/SCAN]: Found mod file "terrablender-bridge-1.12.1+1.21.1.jar" [parent: ConnectorExtras-1.12.1+1.21.1.jar, locator: jarinjar, reader: mod manifest] 
[m[32m[10:00:32.642] [main/INFO] [loading.moddiscovery.ModDiscoverer/SCAN]: Found mod file "diagonalblocks-neoforge-21.1.2.jar" [parent: DiagonalWalls-v21.1.2-1.21.1-NeoForge.jar, locator: jarinjar, reader: mod manifest] 
[m[32m[10:00:32.643] [main/INFO] [loading.moddiscovery.ModDiscoverer/SCAN]: Found library file "exp4j-0.4.8.jar" [parent: c2me-neoforge-mc1.21.1-0.3.0+alpha.0.91.jar, locator: jarinjar] 
[m[32m[10:00:32.643] [main/INFO] [loading.moddiscovery.ModDiscoverer/SCAN]: Found library file "snakeyaml-2.4.jar" [parent: krypton_fnp-neoforge-1.21.1-0.2.28.1-1.21.1.jar, locator: jarinjar] 
[m[32m[10:00:32.643] [main/INFO] [loading.moddiscovery.ModDiscoverer/SCAN]: Found gamelibrary file "mixinextras-neoforge-0.5.3.jar" [parent: neoforge-21.1.228-universal.jar, locator: jarinjar, reader: mod manifest] 
[m[32m[10:00:32.643] [main/INFO] [loading.moddiscovery.ModDiscoverer/SCAN]: Found mod file "fabric-game-rule-api-v1-1.0.53+36d727be19.jar" [parent: forgified-fabric-api-0.115.6+2.1.0+1.21.1.jar, locator: jarinjar, reader: mod manifest] 
[m[32m[10:00:32.643] [main/INFO] [loading.moddiscovery.ModDiscoverer/SCAN]: Found mod file "fabric-api-lookup-api-v1-1.6.71+c290471319.jar" [parent: forgified-fabric-api-0.116.7+2.2.4+1.21.1.jar, locator: jarinjar, reader: mod manifest] 
[m[32m[10:00:32.643] [main/INFO] [loading.moddiscovery.ModDiscoverer/SCAN]: Found mod file "c2me-fixes-chunkio-threading-issues-mc1.21.1-0.3.0+alpha.0.91.jar" [parent: c2me-neoforge-mc1.21.1-0.3.0+alpha.0.91.jar, locator: jarinjar, reader: mod manifest] 
[m[32m[10:00:32.643] [main/INFO] [loading.moddiscovery.ModDiscoverer/SCAN]: Found mod file "c2me-client-uncapvd-mc1.21.1-0.3.0+alpha.0.91.jar" [parent: c2me-neoforge-mc1.21.1-0.3.0+alpha.0.91.jar, locator: jarinjar, reader: mod manifest] 
[m[32m[10:00:32.643] [main/INFO] [loading.moddiscovery.ModDiscoverer/SCAN]: Found gamelibrary file "mixinsquared-neoforge-0.3.4.jar" [parent: accessories_compat_layer-neoforge-0.1.12+1.21.1.jar, locator: jarinjar, reader: mod manifest] 
[m[32m[10:00:32.643] [main/INFO] [loading.moddiscovery.ModDiscoverer/SCAN]: Found library file "imageio-metadata-3.12.0.jar" [parent: yet_another_config_lib_v3-3.8.2+1.21.1-neoforge.jar, locator: jarinjar] 
[m[32m[10:00:32.643] [main/INFO] [loading.moddiscovery.ModDiscoverer/SCAN]: Found library file "jcpp-1.4.14.jar" [parent: iris-neoforge-1.8.12+mc1.21.1.jar, locator: jarinjar] 
[m[32m[10:00:32.643] [main/INFO] [loading.moddiscovery.ModDiscoverer/SCAN]: Found mod file "c2me-opts-dfc-mc1.21.1-0.3.0+alpha.0.91.jar" [parent: c2me-neoforge-mc1.21.1-0.3.0+alpha.0.91.jar, locator: jarinjar, reader: mod manifest] 
[m[32m[10:00:32.643] [main/INFO] [loading.moddiscovery.ModDiscoverer/SCAN]: Found library file "kotlin-stdlib-2.3.0.jar" [parent: kotlinforforge-5.11.0-all.jar, locator: jarinjar] 
[m[32m[10:00:32.644] [main/INFO] [loading.moddiscovery.ModDiscoverer/SCAN]: Found mod file "limitlesscontainers-neoforge-21.1.0.jar" [parent: NetherChested-v21.1.1-1.21.1-NeoForge.jar, locator: jarinjar, reader: mod manifest] 
[m[32m[10:00:32.644] [main/INFO] [loading.moddiscovery.ModDiscoverer/SCAN]: Found library file "tomlkt-jvm-0.3.7.jar" [parent: fzzy_config-0.7.6+1.21+neoforge.jar, locator: jarinjar] 
[m[32m[10:00:32.644] [main/INFO] [loading.moddiscovery.ModDiscoverer/SCAN]: Found mod file "fabric-entity-events-v1-1.8.0+5ede667619.jar" [parent: forgified-fabric-api-0.116.7+2.2.4+1.21.1.jar, locator: jarinjar, reader: mod manifest] 
[m[32m[10:00:32.644] [main/INFO] [loading.moddiscovery.ModDiscoverer/SCAN]: Found mod file "cumulus_menus-1.21.1-2.0.7-neoforge.jar" [parent: aether-1.21.1-1.5.10-neoforge.jar, locator: jarinjar, reader: mod manifest] 
[m[32m[10:00:32.644] [main/INFO] [loading.moddiscovery.ModDiscoverer/SCAN]: Found library file "common-io-3.12.0.jar" [parent: yet_another_config_lib_v3-3.8.2+1.21.1-neoforge.jar, locator: jarinjar] 
[m[32m[10:00:32.644] [main/INFO] [loading.moddiscovery.ModDiscoverer/SCAN]: Found mod file "fabric-loot-api-v2-3.0.15+a3ee712d19.jar" [parent: forgified-fabric-api-0.116.7+2.2.4+1.21.1.jar, locator: jarinjar, reader: mod manifest] 
[m[32m[10:00:32.644] [main/INFO] [loading.moddiscovery.ModDiscoverer/SCAN]: Found gamelibrary file "mixinsquared-forge-0.1.1.jar" [parent: supplementaries-1.21-3.5.34-neoforge.jar, locator: jarinjar, reader: mod manifest] 
[m[32m[10:00:32.644] [main/INFO] [loading.moddiscovery.ModDiscoverer/SCAN]: Found mod file "conditional-mixin-neoforge-0.6.4.jar" [parent: packanalytics-neoforge-1.0.5-1.21.1.jar, locator: jarinjar, reader: mod manifest] 
[m[32m[10:00:32.644] [main/INFO] [loading.moddiscovery.ModDiscoverer/SCAN]: Found mod file "fabric-loot-api-v3-1.0.3+333dfad919.jar" [parent: forgified-fabric-api-0.116.7+2.2.4+1.21.1.jar, locator: jarinjar, reader: mod manifest] 
[m[32m[10:00:32.644] [main/INFO] [loading.moddiscovery.ModDiscoverer/SCAN]: Found mod file "TRansition-1.0.17-1.21.1-neoforge-SNAPSHOT.jar" [parent: skinlayers3d-neoforge-1.11.1-mc1.21.1.jar, locator: jarinjar, reader: mod manifest] 
[m[32m[10:00:32.644] [main/INFO] [loading.moddiscovery.ModDiscoverer/SCAN]: Found mod file "fabric-rendering-data-attachment-v1-0.3.49+73761d2e19.jar" [parent: forgified-fabric-api-0.115.6+2.1.0+1.21.1.jar, locator: jarinjar, reader: mod manifest] 
[m[32m[10:00:32.645] [main/INFO] [loading.moddiscovery.ModDiscoverer/SCAN]: Found library file "imageio-webp-3.12.0.jar" [parent: yet_another_config_lib_v3-3.8.2+1.21.1-neoforge.jar, locator: jarinjar] 
[m[32m[10:00:32.645] [main/INFO] [loading.moddiscovery.ModDiscoverer/SCAN]: Found mod file "nitrogen_internals-1.21.1-1.1.25-neoforge.jar" [parent: aether-1.21.1-1.5.10-neoforge.jar, locator: jarinjar, reader: mod manifest] 
[m[32m[10:00:32.645] [main/INFO] [loading.moddiscovery.ModDiscoverer/SCAN]: Found library file "kotlinx-serialization-core-jvm-1.9.0.jar" [parent: kotlinforforge-5.11.0-all.jar, locator: jarinjar] 
[m[32m[10:00:32.645] [main/INFO] [loading.moddiscovery.ModDiscoverer/SCAN]: Found mod file "fabric-networking-api-v1-4.3.0+30a980d919.jar" [parent: forgified-fabric-api-0.116.7+2.2.4+1.21.1.jar, locator: jarinjar, reader: mod manifest] 
[m[32m[10:00:32.645] [main/INFO] [loading.moddiscovery.ModDiscoverer/SCAN]: Found library file "auto-service-1.0.jar" [parent: configurable-3.5.1+1.21.1-neoforge.jar, locator: jarinjar] 
[m[32m[10:00:32.645] [main/INFO] [loading.moddiscovery.ModDiscoverer/SCAN]: Found mod file "c2me-rewrites-chunkio-mc1.21.1-0.3.0+alpha.0.91.jar" [parent: c2me-neoforge-mc1.21.1-0.3.0+alpha.0.91.jar, locator: jarinjar, reader: mod manifest] 
[m[32m[10:00:32.646] [main/INFO] [loading.moddiscovery.ModDiscoverer/SCAN]: Found gamelibrary file "Registrate-MC1.21-1.3.0+67.jar" [parent: twilightdelight-3.2.0.jar, locator: jarinjar, reader: mod manifest] 
[m[32m[10:00:32.646] [main/INFO] [loading.moddiscovery.ModDiscoverer/SCAN]: Found mod file "c2me-opts-allocs-mc1.21.1-0.3.0+alpha.0.91.jar" [parent: c2me-neoforge-mc1.21.1-0.3.0+alpha.0.91.jar, locator: jarinjar, reader: mod manifest] 
[m[32m[10:00:32.646] [main/INFO] [loading.moddiscovery.ModDiscoverer/SCAN]: Found mod file "fabric-lifecycle-events-v1-2.6.0+e40d8add19.jar" [parent: forgified-fabric-api-0.116.7+2.2.4+1.21.1.jar, locator: jarinjar, reader: mod manifest] 
[m[32m[10:00:32.646] [main/INFO] [loading.moddiscovery.ModDiscoverer/SCAN]: Found library file "imageio-core-3.12.0.jar" [parent: yet_another_config_lib_v3-3.8.2+1.21.1-neoforge.jar, locator: jarinjar] 
[m[32m[10:00:32.646] [main/INFO] [loading.moddiscovery.ModDiscoverer/SCAN]: Found library file "asyncutil-0.1.0.jar" [parent: c2me-neoforge-mc1.21.1-0.3.0+alpha.0.91.jar, locator: jarinjar] 
[m[32m[10:00:32.646] [main/INFO] [loading.moddiscovery.ModDiscoverer/SCAN]: Found mod file "fabric-key-binding-api-v1-1.0.47+62cc7ce119.jar" [parent: forgified-fabric-api-0.115.6+2.1.0+1.21.1.jar, locator: jarinjar, reader: mod manifest] 
[m[32m[10:00:32.646] [main/INFO] [loading.moddiscovery.ModDiscoverer/SCAN]: Found mod file "fabric-client-tags-api-v1-1.1.15+e053909619.jar" [parent: forgified-fabric-api-0.116.7+2.2.4+1.21.1.jar, locator: jarinjar, reader: mod manifest] 
[m[32m[10:00:32.646] [main/INFO] [loading.moddiscovery.ModDiscoverer/SCAN]: Found mod file "fabric-transfer-api-v1-5.4.3+a25cb45619.jar" [parent: forgified-fabric-api-0.116.7+2.2.4+1.21.1.jar, locator: jarinjar, reader: mod manifest] 
[m[32m[10:00:32.646] [main/INFO] [loading.moddiscovery.ModDiscoverer/SCAN]: Found mod file "c2me-threading-lighting-mc1.21.1-0.3.0+alpha.0.91.jar" [parent: c2me-neoforge-mc1.21.1-0.3.0+alpha.0.91.jar, locator: jarinjar, reader: mod manifest] 
[m[32m[10:00:32.646] [main/INFO] [loading.moddiscovery.ModDiscoverer/SCAN]: Found gamelibrary file "l2serial-3.0.9.jar" [parent: twilightdelight-3.2.0.jar, locator: jarinjar, reader: mod manifest] 
[m[32m[10:00:32.646] [main/INFO] [loading.moddiscovery.ModDiscoverer/SCAN]: Found gamelibrary file "mixinconstraints-1.1.0.jar" [parent: accessorify-2.4.0-beta.5+1.21.1-neoforge.jar, locator: jarinjar, reader: mod manifest] 
[m[32m[10:00:32.646] [main/INFO] [loading.moddiscovery.ModDiscoverer/SCAN]: Found library file "jankson-0.1.5.1.jar" [parent: owo-lib-neoforge-0.12.15.5-beta.1+1.21.jar, locator: jarinjar] 
[m[32m[10:00:32.648] [main/INFO] [loading.moddiscovery.ModDiscoverer/SCAN]: Found mod file "fabric-model-loading-api-v1-2.1.0+6e8f52c719.jar" [parent: forgified-fabric-api-0.116.7+2.2.4+1.21.1.jar, locator: jarinjar, reader: mod manifest] 
[m[32m[10:00:32.648] [main/INFO] [loading.moddiscovery.ModDiscoverer/SCAN]: Found library file "net.neoforged.neoforge-coremods-21.1.228.jar" [parent: neoforge-21.1.228-universal.jar, locator: jarinjar, reader: mod manifest] 
[m[32m[10:00:32.648] [main/INFO] [loading.moddiscovery.ModDiscoverer/SCAN]: Found mod file "xaerolib-neoforge-1.21.1-1.1.0.jar" [parent: xaerominimap-neoforge-1.21.1-25.3.10.jar, locator: jarinjar, reader: mod manifest] 
[m[32m[10:00:32.648] [main/INFO] [loading.moddiscovery.ModDiscoverer/SCAN]: Found mod file "pehkui-bridge-1.12.1+1.21.1.jar" [parent: ConnectorExtras-1.12.1+1.21.1.jar, locator: jarinjar, reader: mod manifest] 
[m[32m[10:00:32.648] [main/INFO] [loading.moddiscovery.ModDiscoverer/SCAN]: Found mod file "fabric-screen-handler-api-v1-1.3.90+8dbc56dd19.jar" [parent: forgified-fabric-api-0.116.7+2.2.4+1.21.1.jar, locator: jarinjar, reader: mod manifest] 
[m[32m[10:00:32.648] [main/INFO] [loading.moddiscovery.ModDiscoverer/SCAN]: Found mod file "fabric-resource-loader-v0-1.3.1+4ea8954419.jar" [parent: forgified-fabric-api-0.115.6+2.1.0+1.21.1.jar, locator: jarinjar, reader: mod manifest] 
[m[32m[10:00:32.648] [main/INFO] [loading.moddiscovery.ModDiscoverer/SCAN]: Found mod file "TRender-1.0.12-1.21.1-neoforge-SNAPSHOT.jar" [parent: skinlayers3d-neoforge-1.11.1-mc1.21.1.jar, locator: jarinjar, reader: mod manifest] 
[m[32m[10:00:32.648] [main/INFO] [loading.moddiscovery.ModDiscoverer/SCAN]: Found mod file "fabric-rendering-v1-5.1.0+1a09bd5a19.jar" [parent: forgified-fabric-api-0.116.7+2.2.4+1.21.1.jar, locator: jarinjar, reader: mod manifest] 
[m[32m[10:00:32.648] [main/INFO] [loading.moddiscovery.ModDiscoverer/SCAN]: Found mod file "fabric-renderer-indigo-1.7.1+9125b6dc19.jar" [parent: forgified-fabric-api-0.116.7+2.2.4+1.21.1.jar, locator: jarinjar, reader: mod manifest] 
[m[32m[10:00:32.649] [main/INFO] [loading.moddiscovery.ModDiscoverer/SCAN]: Found library file "yabn-1.0.3.jar" [parent: resourcefullib-neoforge-1.21-3.0.12.jar, locator: jarinjar] 
[m[32m[10:00:32.649] [main/INFO] [loading.moddiscovery.ModDiscoverer/SCAN]: Found library file "kotlinx-coroutines-jdk8-1.10.2.jar" [parent: kotlinforforge-5.11.0-all.jar, locator: jarinjar] 
[m[32m[10:00:32.649] [main/INFO] [loading.moddiscovery.ModDiscoverer/SCAN]: Found mod file "c2me-rewrites-chunk-system-mc1.21.1-0.3.0+alpha.0.91.jar" [parent: c2me-neoforge-mc1.21.1-0.3.0+alpha.0.91.jar, locator: jarinjar, reader: mod manifest] 
[m[32m[10:00:32.649] [main/INFO] [loading.moddiscovery.ModDiscoverer/SCAN]: Found library file "rxjava-3.1.12.jar" [parent: c2me-neoforge-mc1.21.1-0.3.0+alpha.0.91.jar, locator: jarinjar] 
[m[32m[10:00:32.649] [main/INFO] [loading.moddiscovery.ModDiscoverer/SCAN]: Found library file "extras-utils-1.12.1+1.21.1.jar" [parent: ConnectorExtras-1.12.1+1.21.1.jar, locator: jarinjar, reader: mod manifest] 
[m[32m[10:00:32.649] [main/INFO] [loading.moddiscovery.ModDiscoverer/SCAN]: Found mod file "energy-bridge-1.12.1+1.21.1.jar" [parent: ConnectorExtras-1.12.1+1.21.1.jar, locator: jarinjar, reader: mod manifest] 
[m[32m[10:00:32.649] [main/INFO] [loading.moddiscovery.ModDiscoverer/SCAN]: Found mod file "fabric-particles-v1-4.0.2+824f924c19.jar" [parent: forgified-fabric-api-0.115.6+2.1.0+1.21.1.jar, locator: jarinjar, reader: mod manifest] 
[m[32m[10:00:32.649] [main/INFO] [loading.moddiscovery.ModDiscoverer/SCAN]: Found mod file "mixson-neoforge-v1.4.0.jar" [parent: rewithered-1.0.8+1.21.1-neoforge.jar, locator: jarinjar, reader: mod manifest] 
[m[32m[10:00:32.649] [main/INFO] [loading.moddiscovery.ModDiscoverer/SCAN]: Found mod file "extensibleenums-neoforge-21.1.1.jar" [parent: IllagerInvasion-v21.1.6-1.21.1-NeoForge.jar, locator: jarinjar, reader: mod manifest] 
[m[32m[10:00:32.649] [main/INFO] [loading.moddiscovery.ModDiscoverer/SCAN]: Found mod file "c2me-opts-worldgen-vanilla-mc1.21.1-0.3.0+alpha.0.91.jar" [parent: c2me-neoforge-mc1.21.1-0.3.0+alpha.0.91.jar, locator: jarinjar, reader: mod manifest] 
[m[32m[10:00:32.649] [main/INFO] [loading.moddiscovery.ModDiscoverer/SCAN]: Found library file "common-image-3.12.0.jar" [parent: yet_another_config_lib_v3-3.8.2+1.21.1-neoforge.jar, locator: jarinjar] 
[m[32m[10:00:32.649] [main/INFO] [loading.moddiscovery.ModDiscoverer/SCAN]: Found mod file "c2me-opts-scheduling-mc1.21.1-0.3.0+alpha.0.91.jar" [parent: c2me-neoforge-mc1.21.1-0.3.0+alpha.0.91.jar, locator: jarinjar, reader: mod manifest] 
[m[32m[10:00:32.651] [main/INFO] [loading.moddiscovery.ModDiscoverer/SCAN]: Found mod file "fabric-transitive-access-wideners-v1-6.2.0+6c854b6f19.jar" [parent: forgified-fabric-api-0.116.7+2.2.4+1.21.1.jar, locator: jarinjar, reader: mod manifest] 
[m[32m[10:00:32.651] [main/INFO] [loading.moddiscovery.ModDiscoverer/SCAN]: Found mod file "trimmed-1.21-3.0.0+neoforge.jar" [parent: wetland_whimsy-2.0.3-1.21.1.jar, locator: jarinjar, reader: mod manifest] 
[m[32m[10:00:32.651] [main/INFO] [loading.moddiscovery.ModDiscoverer/SCAN]: Found library file "jankson-1.2.3.jar" [parent: cristellib-neoforge-1.21.1-3.0.3.jar, locator: jarinjar] 
[m[32m[10:00:32.651] [main/INFO] [loading.moddiscovery.ModDiscoverer/SCAN]: Found library file "gson-0.1.5.1.jar" [parent: owo-lib-neoforge-0.12.15.5-beta.1+1.21.jar, locator: jarinjar] 
[m[32m[10:00:32.651] [main/INFO] [loading.moddiscovery.ModDiscoverer/SCAN]: Found mod file "fabric-api-base-0.4.42+d1308dedd1.jar" [parent: owo-lib-neoforge-0.12.15.5-beta.1+1.21.jar, locator: jarinjar, reader: mod manifest] 
[m[32m[10:00:32.651] [main/INFO] [loading.moddiscovery.ModDiscoverer/SCAN]: Found mod file "fabric-blockrenderlayer-v1-1.1.52+c290471319.jar" [parent: forgified-fabric-api-0.116.7+2.2.4+1.21.1.jar, locator: jarinjar, reader: mod manifest] 
[m[32m[10:00:32.651] [main/INFO] [loading.moddiscovery.ModDiscoverer/SCAN]: Found mod file "fabric-block-api-v1-1.1.0+b0c22bb819.jar" [parent: forgified-fabric-api-0.116.7+2.2.4+1.21.1.jar, locator: jarinjar, reader: mod manifest] 
[m[32m[10:00:32.651] [main/INFO] [loading.moddiscovery.ModDiscoverer/SCAN]: Found mod file "c2me-server-utils-mc1.21.1-0.3.0+alpha.0.91.jar" [parent: c2me-neoforge-mc1.21.1-0.3.0+alpha.0.91.jar, locator: jarinjar, reader: mod manifest] 
[m[32m[10:00:32.651] [main/INFO] [loading.moddiscovery.ModDiscoverer/SCAN]: Found library file "thedarkcolour.kfflang-5.11.0.jar" [parent: kotlinforforge-5.11.0-all.jar, locator: jarinjar, reader: mod manifest] 
[m[32m[10:00:32.651] [main/INFO] [loading.moddiscovery.ModDiscoverer/SCAN]: Found mod file "spectrelib-neoforge-0.17.2+1.21.jar" [parent: veinmining-neoforge-5.0.0-beta.2+1.21.jar, locator: jarinjar, reader: mod manifest] 
[m[32m[10:00:32.651] [main/INFO] [loading.moddiscovery.ModDiscoverer/SCAN]: Found mod file "jei-bridge-1.12.1+1.21.1.jar" [parent: ConnectorExtras-1.12.1+1.21.1.jar, locator: jarinjar, reader: mod manifest] 
[m[32m[10:00:32.652] [main/INFO] [loading.moddiscovery.ModDiscoverer/SCAN]: Found gamelibrary file "thedarkcolour.kfflib-5.11.0.jar" [parent: kotlinforforge-5.11.0-all.jar, locator: jarinjar, reader: mod manifest] 
[m[32m[10:00:32.652] [main/INFO] [loading.moddiscovery.ModDiscoverer/SCAN]: Found mod file "fabric-resource-conditions-api-v1-4.3.0+5bdd099819.jar" [parent: forgified-fabric-api-0.115.6+2.1.0+1.21.1.jar, locator: jarinjar, reader: mod manifest] 
[m[32m[10:00:32.652] [main/INFO] [loading.moddiscovery.ModDiscoverer/SCAN]: Found mod file "thedarkcolour.kffmod-5.11.0.jar" [parent: kotlinforforge-5.11.0-all.jar, locator: jarinjar, reader: mod manifest] 
[m[32m[10:00:32.652] [main/INFO] [loading.moddiscovery.ModDiscoverer/SCAN]: Found library file "gson-0.3.1.jar" [parent: configurable-3.5.1+1.21.1-neoforge.jar, locator: jarinjar] 
[m[32m[10:00:32.652] [main/INFO] [loading.moddiscovery.ModDiscoverer/SCAN]: Found library file "kotlin-reflect-2.3.0.jar" [parent: kotlinforforge-5.11.0-all.jar, locator: jarinjar] 
[m[32m[10:00:32.653] [main/INFO] [loading.moddiscovery.ModDiscoverer/SCAN]: Found library file "velocity-native-3.4.0-SNAPSHOT.jar" [parent: krypton_fnp-neoforge-1.21.1-0.2.28.1-1.21.1.jar, locator: jarinjar] 
[m[32m[10:00:32.653] [main/INFO] [loading.moddiscovery.ModDiscoverer/SCAN]: Found mod file "fabric-item-group-api-v1-4.1.7+e324903319.jar" [parent: forgified-fabric-api-0.116.7+2.2.4+1.21.1.jar, locator: jarinjar, reader: mod manifest] 
[m[32m[10:00:32.653] [main/INFO] [loading.moddiscovery.ModDiscoverer/SCAN]: Found mod file "fabric-gametest-api-v1-2.0.5+29f188ce19.jar" [parent: forgified-fabric-api-0.116.7+2.2.4+1.21.1.jar, locator: jarinjar, reader: mod manifest] 
[m[32m[10:00:32.653] [main/INFO] [loading.moddiscovery.ModDiscoverer/SCAN]: Found mod file "c2me-notickvd-mc1.21.1-0.3.0+alpha.0.91.jar" [parent: c2me-neoforge-mc1.21.1-0.3.0+alpha.0.91.jar, locator: jarinjar, reader: mod manifest] 
[m[32m[10:00:32.653] [main/INFO] [loading.moddiscovery.ModDiscoverer/SCAN]: Found library file "glsl-transformer-2.0.1.jar" [parent: iris-neoforge-1.8.12+mc1.21.1.jar, locator: jarinjar] 
[m[32m[10:00:32.653] [main/INFO] [loading.moddiscovery.ModDiscoverer/SCAN]: Found mod file "l2core-3.0.8+16.jar" [parent: twilightdelight-3.2.0.jar, locator: jarinjar, reader: mod manifest] 
[m[32m[10:00:32.653] [main/INFO] [loading.moddiscovery.ModDiscoverer/SCAN]: Found mod file "fabric-biome-api-v1-13.0.31+1e62d33c19.jar" [parent: forgified-fabric-api-0.115.6+2.1.0+1.21.1.jar, locator: jarinjar, reader: mod manifest] 
[m[32m[10:00:32.653] [main/INFO] [loading.moddiscovery.ModDiscoverer/SCAN]: Found mod file "c2me-opts-worldgen-general-mc1.21.1-0.3.0+alpha.0.91.jar" [parent: c2me-neoforge-mc1.21.1-0.3.0+alpha.0.91.jar, locator: jarinjar, reader: mod manifest] 
[m[32m[10:00:32.654] [main/INFO] [loading.moddiscovery.ModDiscoverer/SCAN]: Found mod file "c2me-opts-chunkio-mc1.21.1-0.3.0+alpha.0.91.jar" [parent: c2me-neoforge-mc1.21.1-0.3.0+alpha.0.91.jar, locator: jarinjar, reader: mod manifest] 
[m[32m[10:00:32.654] [main/INFO] [loading.moddiscovery.ModDiscoverer/SCAN]: Found library file "json-0.3.1.jar" [parent: configurable-3.5.1+1.21.1-neoforge.jar, locator: jarinjar] 
[m[32m[10:00:32.654] [main/INFO] [loading.moddiscovery.ModDiscoverer/SCAN]: Found mod file "fabric-registry-sync-v0-5.3.1+f9aace1619.jar" [parent: forgified-fabric-api-0.116.7+2.2.4+1.21.1.jar, locator: jarinjar, reader: mod manifest] 
[m[32m[10:00:32.654] [main/INFO] [loading.moddiscovery.ModDiscoverer/SCAN]: Found library file "s.tf-asm-4.8.3345.jar" [parent: twilightforest-1.21.1-4.8.3345-universal.jar, locator: jarinjar, reader: mod manifest] 
[m[32m[10:00:32.654] [main/INFO] [loading.moddiscovery.ModDiscoverer/SCAN]: Found mod file "fabric-recipe-api-v1-5.0.15+59440bcc19.jar" [parent: forgified-fabric-api-0.116.7+2.2.4+1.21.1.jar, locator: jarinjar, reader: mod manifest] 
[m[32m[10:00:32.654] [main/INFO] [loading.moddiscovery.ModDiscoverer/SCAN]: Found mod file "fabric-object-builder-api-v1-15.2.1+cc242efd19.jar" [parent: forgified-fabric-api-0.116.7+2.2.4+1.21.1.jar, locator: jarinjar, reader: mod manifest] 
[m[32m[10:00:32.654] [main/INFO] [loading.moddiscovery.ModDiscoverer/SCAN]: Found mod file "fabric-sound-api-v1-1.0.23+10b84f8419.jar" [parent: forgified-fabric-api-0.115.6+2.1.0+1.21.1.jar, locator: jarinjar, reader: mod manifest] 
[m[32m[10:00:32.654] [main/INFO] [loading.moddiscovery.ModDiscoverer/SCAN]: Found mod file "fabric-message-api-v1-6.0.14+6a754fce19.jar" [parent: forgified-fabric-api-0.116.7+2.2.4+1.21.1.jar, locator: jarinjar, reader: mod manifest] 
[m[32m[10:00:32.654] [main/INFO] [loading.moddiscovery.ModDiscoverer/SCAN]: Found mod file "emi-bridge-1.12.1+1.21.1.jar" [parent: ConnectorExtras-1.12.1+1.21.1.jar, locator: jarinjar, reader: mod manifest] 
[m[32m[10:00:32.654] [main/INFO] [loading.moddiscovery.ModDiscoverer/SCAN]: Found library file "common-lang-3.12.0.jar" [parent: yet_another_config_lib_v3-3.8.2+1.21.1-neoforge.jar, locator: jarinjar] 
[m[32m[10:00:32.654] [main/INFO] [loading.moddiscovery.ModDiscoverer/SCAN]: Found mod file "fabric-data-generation-api-v1-20.2.34+a4c3605619.jar" [parent: forgified-fabric-api-0.116.7+2.2.4+1.21.1.jar, locator: jarinjar, reader: mod manifest] 
[m[32m[10:00:32.654] [main/INFO] [loading.moddiscovery.ModDiscoverer/SCAN]: Found mod file "1.21-neo-0.1.2.jar" [parent: modpack-update-checker-1.21.1-neoforge-0.15.6.jar, locator: jarinjar, reader: mod manifest] 
[m[32m[10:00:32.655] [main/INFO] [loading.moddiscovery.ModDiscoverer/SCAN]: Found mod file "fabric-events-interaction-v0-0.7.13+86e0887119.jar" [parent: forgified-fabric-api-0.116.7+2.2.4+1.21.1.jar, locator: jarinjar, reader: mod manifest] 
[m[32m[10:00:33.007] [main/INFO] [locator.FabricModsDiscoverer/SCAN]: Fabric mod metadata not found in jar kotlinforforge.all, ignoring 
[m[32m[10:00:33.269] [main/INFO] [locator.DependencyResolver/]: Dependency resolution found 0 candidates to load 
[m[32m[10:00:33.610] [main/INFO] [loading.moddiscovery.locators.JarInJarDependencyLocator/]: Found 2 dependencies adding them to mods collection 
[m[32m[10:00:33.610] [main/INFO] [loading.moddiscovery.ModDiscoverer/SCAN]: Found mod file "org.sinytra.connector-2.0.0-beta.14+1.21.1-mod.jar" [parent: , locator: org.sinytra.connector.locator.ConnectorLocator@60ba6631, reader: mod manifest] 
[m[32m[10:00:33.610] [main/INFO] [loading.moddiscovery.ModDiscoverer/SCAN]: Found gamelibrary file "runtime-1.0.0+1.21.1.jar" [parent: , locator: org.sinytra.connector.locator.ConnectorLocator@60ba6631, reader: mod manifest] 
[m[32m[10:00:33.623] [main/INFO] [loading.moddiscovery.ModDiscoverer/]: 
     Mod List:
		Name Version (Mod Id)
		3d-Skin-Layers 1.11.1 (skinlayers3d)
		Abridged 2.0.1 (abridged)
		Accessories 1.1.0-beta.53+1.21.1 (accessories)
		Accessories Compatibility Layer 0.1.12 (accessories_compat_layer)
		Accessorify 2.4.0-beta.5 (accessorify)
		AdoraBuild: Structures 2.11.0 (adorabuild_structures)
		Advanced Netherite 2.3.1 (advancednetherite)
		AdvancedLootInfo 1.9.1 (ali)
		AdventureDungeons 1.3.1 (adventuredungeons)
		AeroBlender 1.0.0 (aeroblender)
		Aether Villages 1.0.8 (aether_villages)
		Alex's Mobs 1.22.17 (alexsmobs)
		All The Leaks 1.1.8+1.21.1-neoforge (alltheleaks)
		Almanac 1.5.2 (almanac)
		Alternate Current 1.9.0 (alternate_current)
		Amendments 1.21-2.0.15 (amendments)
		Another Furniture 4.0.2 (another_furniture)
		Architectury 13.0.8 (architectury)
		Athena 4.0.2 (athena)
		Aurelj's Paintings 1.0.5 (aurelj_paintings)
		Autochef's Delight 2.0.2+neoforge (autochefsdelight)
		AzureLib 3.1.8 (azurelib)
		Backpacked 3.0.0-beta.10 (backpacked)
		Balm 21.0.56 (balm)
		Bartering Station 21.1.0 (barteringstation)
		Bedrockoid 0.1.5 (bedrockoid)
		Better Compatibility Checker 21.1.8 (bcc)
		Better World Loading 1.0 (betterworldloadingnf21)
		BHMenu 2.4.4 (bhmenu)
		Biolith 3.0.10 (biolith)
		biomemusic mod 3.5 (biomemusic)
		Blended Compat 1.1.2 (blended_compat)
		BMC - Worldgen Patcher 0.3.0 (bmcpalegardenpatcher)
		Boat Item View 0.0.6 (boatiview)
		Bookshelf 21.1.81 (bookshelf)
		Caelus API 7.0.1+1.21.1 (caelus)
		Carry On 2.2.4 (carryon)
		Cataclysm x YUNG's Better Nether Fortresses Compat 1.21.1 (cataclysmfortresses)
		Cerulean 1.0.0 (cerulean)
		Chipped 4.0.2 (chipped)
		Chunk Activity Tracker 1.0.1 (chunkactivitytracker)
		chunksending mod 2.9 (chunksending)
		Citadel 2.7.6 (citadel)
		CITResewn 0 (citresewn)
		clientcrafting mod 2.1 (clientcrafting)
		ClientSort 2.2.1+1.21.1 (clientsort)
		Climate Rivers 21.1.3 (climaterivers)
		Cloth Config v15 API 15.0.140 (cloth_config)
		Clumps 19.0.0.1 (clumps)
		Collective 8.20 (collective)
		Colorwheel 1.2.4+mc1.21.1 (colorwheel)
		Comforts 9.0.5+1.21.1 (comforts)
		Concurrent Chunk Management Engine 0.3.0+alpha.0.91+1.21.1 (c2me)
		Concurrent Chunk Management Engine (Base) 0.3.0+alpha.0.91+1.21.1 (c2me_base)
		Concurrent Chunk Management Engine (Client/Uncap View Distance) 0.3.0+alpha.0.91+1.21.1 (c2me_client_uncapvd)
		Concurrent Chunk Management Engine (Fixes/Chunk IO/Threading Issues) 0.3.0+alpha.0.91+1.21.1 (c2me_fixes_chunkio_threading_issues)
		Concurrent Chunk Management Engine (Fixes/General/Threading Issues) 0.3.0+alpha.0.91+1.21.1 (c2me_fixes_general_threading_issues)
		Concurrent Chunk Management Engine (Fixes/WorldGen/Threading Issues) 0.3.0+alpha.0.91+1.21.1 (c2me_fixes_worldgen_threading_issues)
		Concurrent Chunk Management Engine (Fixes/WorldGen/Vanilla Bugs) 0.3.0+alpha.0.91+1.21.1 (c2me_fixes_worldgen_vanilla_bugs)
		Concurrent Chunk Management Engine (No Tick View Distance) 0.3.0+alpha.0.91+1.21.1 (c2me_notickvd)
		Concurrent Chunk Management Engine (Optimizations/Chunk IO) 0.3.0+alpha.0.91+1.21.1 (c2me_opts_chunkio)
		Concurrent Chunk Management Engine (Optimizations/Density Function Compiler) 0.3.0+alpha.0.91+1.21.1 (c2me_opts_dfc)
		Concurrent Chunk Management Engine (Optimizations/General WorldGen) 0.3.0+alpha.0.91+1.21.1 (c2me_opts_worldgen_general)
		Concurrent Chunk Management Engine (Optimizations/Math) 0.3.0+alpha.0.91+1.21.1 (c2me_opts_math)
		Concurrent Chunk Management Engine (Optimizations/Memory Allocations) 0.3.0+alpha.0.91+1.21.1 (c2me_opts_allocs)
		Concurrent Chunk Management Engine (Optimizations/Natives Math) 0.3.0+alpha.0.91+1.21.1 (c2me_opts_natives_math)
		Concurrent Chunk Management Engine (Optimizations/Scheduling) 0.3.0+alpha.0.91+1.21.1 (c2me_opts_scheduling)
		Concurrent Chunk Management Engine (Optimizations/Vanilla WorldGen) 0.3.0+alpha.0.91+1.21.1 (c2me_opts_worldgen_vanilla)
		Concurrent Chunk Management Engine (Rewrites/Chunk IO) 0.3.0+alpha.0.91+1.21.1 (c2me_rewrites_chunkio)
		Concurrent Chunk Management Engine (Rewrites/Chunk Serializer) 0.3.0+alpha.0.91+1.21.1 (c2me_rewrites_chunk_serializer)
		Concurrent Chunk Management Engine (Rewrites/Chunk System) 0.3.0+alpha.0.91+1.21.1 (c2me_rewrites_chunk_system)
		Concurrent Chunk Management Engine (Server Utils) 0.3.0+alpha.0.91+1.21.1 (c2me_server_utils)
		Concurrent Chunk Management Engine (Threading/Lighting) 0.3.0+alpha.0.91+1.21.1 (c2me_threading_lighting)
		conditional mixin 0.6.4 (conditional_mixin)
		Configurable 3.5.1 (configurable)
		Configured Defaults 21.1.3 (configureddefaults)
		Connectivity Mod 7.6 (connectivity)
		Connector Extras 1.12.1+1.21.1 (connectorextras)
		Connector Extras EMI Bridge 1.12.1+1.21.1 (connectorextras_emi_bridge)
		Connector Extras Energy Bridge 1.12.1+1.21.1 (connectorextras_energy_bridge)
		Connector Extras JEI Bridge 1.12.1+1.21.1 (connectorextras_jei_bridge)
		Connector Extras KubeJS Bridge 1.12.1+1.21.1 (connectorextras_kubejs_bridge)
		Connector Extras ModMenu Bridge 1.12.1+1.21.1 (connectorextras_modmenu_bridge)
		Connector Extras Pehkui Bridge 1.12.1+1.21.1 (connectorextras_pehkui_bridge)
		Connector Extras REI Bridge 1.12.1+1.21.1 (connectorextras_rei_bridge)
		Connector Extras Terrablender Bridge 1.12.1+1.21.1 (connectorextras_terrablender_bridge)
		Continuity 0.0 (continuity)
		Convenient Effects 21.1.4 (convenienteffects)
		CorgiLib 5.0.0.9 (corgilib)
		CoroUtil 1.21.0-1.3.9 (coroutil)
		Crash Assistant 1.11.8 (crash_assistant)
		Cristel Lib 3.0.3 (cristellib)
		Cumulus 2.0.7 (cumulus_menus)
		Cupboard mod 3.5 (cupboard)
		Curios API 9.5.1+1.21.1 (curios)
		Cut Through 21.1.0 (cutthrough)
		Deep Aether 1.21.1-1.1.5.1 (deep_aether)
		Deeper and Darker 1.4 (deeperdarker)
		Despawn Tweaks 1.0.0 (despawntweaks)
		Diagonal Blocks 21.1.2 (diagonalblocks)
		Diagonal Fences 21.1.1 (diagonalfences)
		Diagonal Walls 21.1.2 (diagonalwalls)
		Disconnect Packet Fix 2.0.1 (disconnect_packet_fix)
		Does It Tick? 1.1.4 (does_it_tick)
		Dolphin Fix 1.1.0 (dolphin_fix)
		Double Doors 7.2 (doubledoors)
		Dragon Mounts Remastered 1.9.2 (dmr)
		DragonLoot 1.1.15 (dragonloot)
		Dungeons and Taverns Ancient City Overhaul 1-v2 (mr_dungeons_andtavernsancientcityoverhaul)
		Dungeons and Taverns Swamp Hut Overhaul 1-v2 (mr_dungeons_andtavernsswamphutoverhaul)
		Dungeons and Taverns Woodland Mansion Replacement 1-v1.2 (mr_dungeons_andtavernswoodlandmansionreplacement)
		Dyed Flames 21.1.1 (dyedflames)
		Early Bedtime 1.0.0 (earlybedtime)
		Easy Anvils 21.1.0 (easyanvils)
		Easy Disenchanting 1.0.1 (easydisenchanting)
		Easy Magic 21.1.4 (easymagic)
		EnchantmentDescriptions 21.1.9 (enchdesc)
		Ender's Delight 1.2.0 (endersdelight)
		Enhanced Extinguishing 1.0.0 (aether_enhanced_extinguishing)
		EpheroLib 1.2.0 (epherolib)
		Eternal Nether 21.1.3 (eternalnether)
		Explorations+ 1.21.1-1.6.2 (explorations)
		Explorify 1.6.4 (explorify)
		Extensible Enums 21.1.1 (extensibleenums)
		FallingTree 1.21.1.11 (fallingtree)
		Farmer's Cutting: Oh The Biomes We've Gone 1.21.1-2.1-neoforge (mr_farmers_cuttingohthebiomeswevegone)
		Farmer's Delight 1.3.1 (farmersdelight)
		FarmersStructures 1.0.2 (farmers_structures)
		Fast Item Frames 21.1.6 (fastitemframes)
		Fast Paintings 1.21-1.3.0 (fastpaintings)
		fastasyncworldsave mod 2.6 (fastasyncworldsave)
		Ferrite Core 7.0.3 (ferritecore)
		Forge Config API Port 21.1.6 (forgeconfigapiport)
		Forgified Fabric API 0.116.7+2.2.4+1.21.1 (fabric_api)
		Forgified Fabric API Base 0.4.42+d1308dedd1 (fabric_api_base)
		Forgified Fabric API Lookup API (v1) 1.6.71+c290471319 (fabric_api_lookup_api_v1)
		Forgified Fabric Biome API (v1) 13.0.31+1e62d33c19 (fabric_biome_api_v1)
		Forgified Fabric Block API (v1) 1.1.0+b0c22bb819 (fabric_block_api_v1)
		Forgified Fabric BlockRenderLayer Registration (v1) 1.1.52+c290471319 (fabric_blockrenderlayer_v1)
		Forgified Fabric BlockView API (v2) 1.0.11+e9036fd419 (fabric_block_view_api_v2)
		Forgified Fabric Client Tags 1.1.15+e053909619 (fabric_client_tags_api_v1)
		Forgified Fabric Command API (v2) 2.2.28+36d727be19 (fabric_command_api_v2)
		Forgified Fabric Content Registries (v0) 8.0.19+5e0d320019 (fabric_content_registries_v0)
		Forgified Fabric Convention Tags 2.1.5+7f945d5b19 (fabric_convention_tags_v1)
		Forgified Fabric Convention Tags (v2) 2.11.1+87e5848019 (fabric_convention_tags_v2)
		Forgified Fabric Data Attachment API (v1) 1.4.5+26d408aa19 (fabric_data_attachment_api_v1)
		Forgified Fabric Data Generation API (v1) 20.2.34+a4c3605619 (fabric_data_generation_api_v1)
		Forgified Fabric Entity Events (v1) 1.8.0+5ede667619 (fabric_entity_events_v1)
		Forgified Fabric Events Interaction (v0) 0.7.13+86e0887119 (fabric_events_interaction_v0)
		Forgified Fabric Game Rule API (v1) 1.0.53+36d727be19 (fabric_game_rule_api_v1)
		Forgified Fabric Game Test API (v1) 2.0.5+29f188ce19 (fabric_gametest_api_v1)
		Forgified Fabric Item API (v1) 11.2.0+0c57911319 (fabric_item_api_v1)
		Forgified Fabric Item Group API (v1) 4.1.7+e324903319 (fabric_item_group_api_v1)
		Forgified Fabric Key Binding API (v1) 1.0.47+62cc7ce119 (fabric_key_binding_api_v1)
		Forgified Fabric Lifecycle Events (v1) 2.6.0+e40d8add19 (fabric_lifecycle_events_v1)
		Forgified Fabric Loot API (v2) 3.0.15+a3ee712d19 (fabric_loot_api_v2)
		Forgified Fabric Loot API (v3) 1.0.3+333dfad919 (fabric_loot_api_v3)
		Forgified Fabric Message API (v1) 6.0.14+6a754fce19 (fabric_message_api_v1)
		Forgified Fabric Model Loading API (v1) 2.1.0+6e8f52c719 (fabric_model_loading_api_v1)
		Forgified Fabric Networking API (v1) 4.3.0+30a980d919 (fabric_networking_api_v1)
		Forgified Fabric Object Builder API (v1) 15.2.1+cc242efd19 (fabric_object_builder_api_v1)
		Forgified Fabric Particles (v1) 4.0.2+824f924c19 (fabric_particles_v1)
		Forgified Fabric Recipe API (v1) 5.0.15+59440bcc19 (fabric_recipe_api_v1)
		Forgified Fabric Registry Sync (v0) 5.3.1+f9aace1619 (fabric_registry_sync_v0)
		Forgified Fabric Renderer - Indigo 1.7.1+9125b6dc19 (fabric_renderer_indigo)
		Forgified Fabric Renderer API (v1) 3.4.1+9125b6dc19 (fabric_renderer_api_v1)
		Forgified Fabric Rendering (v1) 5.1.0+1a09bd5a19 (fabric_rendering_v1)
		Forgified Fabric Rendering Data Attachment (v1) 0.3.49+73761d2e19 (fabric_rendering_data_attachment_v1)
		Forgified Fabric Rendering Fluids (v1) 3.1.6+a51883b219 (fabric_rendering_fluids_v1)
		Forgified Fabric Resource Conditions API (v1) 4.3.0+5bdd099819 (fabric_resource_conditions_api_v1)
		Forgified Fabric Resource Loader (v0) 1.3.1+4ea8954419 (fabric_resource_loader_v0)
		Forgified Fabric Screen API (v1) 2.0.25+4228281319 (fabric_screen_api_v1)
		Forgified Fabric Screen Handler API (v1) 1.3.90+8dbc56dd19 (fabric_screen_handler_api_v1)
		Forgified Fabric Sound API (v1) 1.0.23+10b84f8419 (fabric_sound_api_v1)
		Forgified Fabric Transfer API (v1) 5.4.3+a25cb45619 (fabric_transfer_api_v1)
		Forgified Fabric Transitive Access Wideners (v1) 6.2.0+6c854b6f19 (fabric_transitive_access_wideners_v1)
		Formations 1.0.4 (formations)
		Formations Nether 1.0.5 (formationsnether)
		Formations Overworld 1.0.5 (formationsoverworld)
		Framework 0.13.11 (framework)
		Friends&Foes 4.0.25 (friendsandfoes)
		FTB Filter System 21.1.4 (ftbfiltersystem)
		FTB Library 2101.1.31 (ftblibrary)
		FTB Quests 2101.1.24 (ftbquests)
		FTB Teams 2101.1.10 (ftbteams)
		FTB XMod Compat 21.1.8 (ftbxmodcompat)
		Fzzy Config 0.7.6+1.21+neoforge (fzzy_config)
		Gardens of the Dead 5.0.2 (gardens_of_the_dead)
		GeckoLib 4 4.8.4 (geckolib)
		Geophilic 3.4.6 (geophilic)
		Geophilic Backport 1.3.2 (geophilic_backport)
		GlitchCore 2.1.0.0 (glitchcore)
		Goblin Traders 1.11.2 (goblintraders)
		Golem Spawn Fix 1.0.2 (golem_spawn_fix)
		Handcrafted 4.0.3 (handcrafted)
		Hearths 1.0.5 (hearths)
		Hellish Trials 1.0.5 (hellish_trials)
		Highlighter 1.1.11 (highlighter)
		Horse Breeding Fix 1.1.1 (horsebreedingfix)
		Hybrid Aquatic 1.5.5 (hybrid_aquatic)
		Iceberg 1.3.2 (iceberg)
		Illager Invasion 21.1.6 (illagerinvasion)
		Immersive Armor HUD 1.0.1 (immersivearmorhud)
		Immersive Lanterns 1.0.6 (immersivelanterns)
		Immersive Messages API 1.0.18 (immersivemessages)
		Immersive Tips 1.0.1 (immersivetips)
		Improved Village Placement 1.1.2 (improved_village_placement)
		Inmis 2.8.1-2.9.3-1.21.1 (inmis)
		Iris 1.8.12-snapshot+mc1.21.1-local (iris)
		It Takes a Pillage Continuation 1.0.10 (takesapillage)
		Jade 15.10.5+neoforge (jade)
		Jade Addons 6.1.0+neoforge (jadeaddons)
		JamLib 1.3.6+1.21.1 (jamlib)
		Just Enough Breeding 1.6.2 (justenoughbreeding)
		Just Enough Items 19.27.0.340 (jei)
		Kiwi Library 15.8.3+neoforge (kiwi)
		KleeSlabs 21.1.10 (kleeslabs)
		Konkrete 1.9.9 (konkrete)
		Kotlin For Forge 5.11.0 (kotlinforforge)
		Krypton FNP 0.2.28.1-1.21.1 (krypton_fnp)
		KumaAPI 21.0.7 (kuma_api)
		L2Core 3.0.8+16 (l2core)
		L_Ender's Cataclysm 1.21.1 3.27 (cataclysm)
		Leaderboards 2.0.0 (leaderboards)
		Leaves Be Gone 21.1.0 (leavesbegone)
		Limitless Containers 21.1.0 (limitlesscontainers)
		lionfishapi 2.7 (lionfishapi)
		Lithium 0.15.3+mc1.21.1 (lithium)
		Lithostitched 1.7.2 (lithostitched)
		Load My F***ing Tags 1.1.1+1.21.9 (lmft)
		Loading Protection 1.0.2 (loadingprotection)
		Log Begone 1.0.3 (logbegone)
		Long NBT Killer 1.0.0 (longnbtkiller)
		lootintegration_wda mod 1 (lootintegration_wda)
		Lootintegrations mod 4.7 (lootintegrations)
		lootintegrations_bygonepillage mod 1 (lootintegrations_bygonepillage)
		lootintegrations_formations mod 1 (lootintegrations_formations)
		lootintegrations_moog mod 1 (lootintegrations_moog)
		lootintegrations_yungs mod 1 (lootintegrations_yungs)
		Luki's Crazy Chambers 1.0.3 (mr_lukis_crazychambers)
		luna 5.3.1 (luna_minecraft)
		Magnum Torch 21.1.1 (magnumtorch)
		Melody 1.0.10 (melody)
		memorysettings mod 6.0 (memorysettings)
		MidnightLib 1.9.2 (midnightlib)
		Minecraft 1.21.1 (minecraft)
		MiscTweaks 1.3.0 (misctweaks)
		Mixin Trace Reforged 1.0.0 (mixintracereforged)
		Mixson 1.4.0 (mixson)
		MmmMmmMmmMmm 1.21-2.0.12 (dummmmmmy)
		ModernFix 5.24.3+mc1.21.1 (modernfix)
		Modpack Update Checker 0.15.6 (modpackupdatechecker)
		Moog's Glow Up 1.2.1-1.21-1.21.1 (glow_up)
		Moog's Structure Lib 2.0.2 (moogs_structures)
		MoogsEndStructures 2.0.0 (mes)
		MoogsMissingVillages 2.1.0 (mmv)
		MoogsNetherStructures 2.0.31 (mns)
		MoogsVoyagerStructures 5.0.8 (mvs)
		Moonlight Lib 1.21-2.29.33 (moonlight)
		MoreVillagers 1.25.12.4 (morevillagers)
		Mowzie's Mobs 1.8.2 (mowziesmobs)
		MPUC lavender-md 0.1.2 (mpuc_lavendermd)
		My Nether's Delight 1.10.1 (mynethersdelight)
		NaNny 1.0.1 (nanny)
		Nature's Compass 1.21.1-3.4.0-neoforge (naturescompass)
		Neo Bee Fix 2.0.0 (neobeefix)
		NeoForge 21.1.228 (neoforge)
		NeoForge Data Pack Extensions 21.1.2 (neoforgedatapackextensions)
		Neruina 3.3.0 (neruina)
		Nether Chested 21.1.1 (netherchested)
		Netherite Tweaks 1.2.2 (netherite_tweaks_luna)
		NetherPortalFix 21.1.1 (netherportalfix)
		Nitrogen 1.1.25 (nitrogen_internals)
		No Chat Reports 1.21.1-v2.9.1 (nochatreports)
		Non-Directional Damage Tilt Fix 2.0.1+b1.21.1 (nondirectionaldamagetiltfix)
		Ocean's Delight 1.0.4 (oceansdelight)
		Oh The Biomes We've Gone 2.5.5 (biomeswevegone)
		Oh The Trees You'll Grow 5.3.1 (ohthetreesyoullgrow)
		Open Parties and Claims 0.26.2 (openpartiesandclaims)
		oￏﾉo 0.12.15.5-beta.1+1.21 (owo)
		Pack Analytics 1.0.5 (packanalytics)
		PacketFixer 3.3.1 (packetfixer)
		Patchouli 1.21.1-93-NEOFORGE (patchouli)
		Paxi 1.21.1-NeoForge-5.1.3 (paxi)
		Piglin Proliferation 2.0.13 (piglinproliferation)
		Ping Wheel 1.12.2 (pingwheel)
		Platform 1.3 (platform)
		Polymorph 1.1.0+1.21.1 (polymorph)
		PrickleMC 21.1.11 (prickle)
		Protect Your Moa 1.0.0 (aether_protect_your_moa)
		Pufferfish's Biome Dither 1.0.0 (puffish_biome_dither)
		Puzzles Lib 21.1.39 (puzzleslib)
		Quest Kill Task 0.3.1+1.21.1 (questkilltask)
		Raided 0.1.6 (raided)
		Random Enchant Fix 1.0.1 (randomenchantfix)
		recipeessentials mod 4.0 (recipeessentials)
		Redirected 1.0.0 (redirected)
		Reese's Sodium Options 1.8.3+mc1.21.4 (reeses_sodium_options)
		Repurposed Structures 7.5.20+1.21.1-neoforge (repurposed_structures)
		Repurposed Structures - Farmer's Delight Compat 7 (repurposed_structures_farmers_delight_compat)
		Reset Controls Confirmation 1.0.0 (reset_controls_confirmation)
		Resource Pack Overrides 21.1.0 (resourcepackoverrides)
		Resourceful Lib 3.0.12 (resourcefullib)
		Resourcefulconfig 3.0.11 (resourcefulconfig)
		RevampedWolf 1.21.1-13.0.0 (revampedwolf)
		Rewithered 1.0.8 (rewithered)
		Right Click Harvest 4.6.1+1.21.1 (rightclickharvest)
		ScalableLux 0.1.0.1+neoforge.1cb1e91 (scalablelux)
		Searchables 1.0.2 (searchables)
		Seasonal Integration 1.5.0 (seasonal_integration)
		Serene Seasons 10.1.0.3 (sereneseasons)
		ServerBrowser 1.4.2 (serverbrowser)
		Simple Snowy Fix 2.1.9 (simple_snowy_fix)
		Sinytra Connector 2.0.0-beta.14+1.21.1 (connector)
		Skeleton AI Fix 21.1.1 (skeletonaifix)
		Smarter Farmers 1.21-2.2.4 (smarterfarmers)
		Smoothchunk mod 4.1 (smoothchunk)
		smoothmovement mod 2.7 (smoothmovement)
		Snow Under Trees 1.5 (snowundertrees)
		Snow! Real Magic! 12.2.1+neoforge (snowrealmagic)
		Sound Physics Remastered 1.21.1-1.5.1 (sound_physics_remastered)
		spark 1.10.124 (spark)
		SparseStructures 3.0 (sparsestructures)
		SpectreLib 0.17.2+1.21 (spectrelib)
		Stoneworks 21.1.0 (stoneworks)
		Stony Cliffs Are Cool 1.1.2 (stonycliffs)
		Structory 1.3.16 (structory)
		Structory: Towers 1.0.16 (structory_towers)
		Structure Essentials mod 5.0 (structureessentials)
		Structure Layout Optimizer 1.0.12 (structure_layout_optimizer)
		Subtle Effects 1.14.3 (subtle_effects)
		Supplementaries 1.21-3.5.34 (supplementaries)
		TerraBlender 4.1.0.8 (terrablender)
		The Aether 1.5.10 (aether)
		The Twilight Forest 4.8.3345 (twilightforest)
		Tom's Simple Storage Mod 2.3.2 (toms_storage)
		Too Fast 0.4.3.6 (toofast)
		Trading Post 21.1.1 (tradingpost)
		TRansition 1.0.17 (transition)
		Treasure Reforging 1.0.1 (aether_treasure_reforging)
		TRender 1.0.12 (trender)
		Trimmed 3.0.0 (trimmed)
		Twilight Flavors & Delight 3.2.0 (twilightdelight)
		TwilightForest Thread Safety Addon 0.1.3 (tfthreadsafetyaddon)
		TxniLib 1.0.24 (txnilib)
		Underlay 1.0.1 (underlay)
		Universal Sawmill 1.21-1.7.1 (sawmill)
		Vanilla Backport Compat (on-hold) 1.7 (mr_vb_compat)
		VanillaBackport 1.1.6.3 (vanillabackport)
		Variants&Ventures 1.0.24 (variantsandventures)
		Vein Mining 5.0.0-beta.2+1.21 (veinmining)
		Villager Names 8.2 (villagernames)
		VillagerAPI 1.26.1.3 (villagerapi)
		Villages & Pillages 1.0.3 (villagesandpillages)
		Visual Workbench 21.1.1 (visualworkbench)
		Waystones 21.1.30 (waystones)
		Wetland Whimsy 2.0.3-1.21.1 (wetland_whimsy)
		What Are They Up To 1.21.0-1.2.7 (watut)
		When Dungeons Arise 2.1.68 (dungeons_arise)
		World Play Time 1.2.2 (worldplaytime)
		Xaero's Minimap 25.3.10 (xaerominimap)
		Xaero's World Map 1.40.11 (xaeroworldmap)
		XaeroLib 1.1.0 (xaerolib)
		XP Tome 2.4 (xpbook)
		YetAnotherConfigLib 3.8.2+1.21.1-neoforge (yet_another_config_lib_v3)
		You're in Grave Danger 2.0.13 (yigd)
		YUNG's API 1.21.1-NeoForge-5.1.6 (yungsapi)
		YUNG's Better Dungeons 1.21.1-NeoForge-5.1.4 (betterdungeons)
		YUNG's Better End Island 1.21.1-NeoForge-3.1.2 (betterendisland)
		YUNG's Better Jungle Temples 1.21.1-NeoForge-3.1.2 (betterjungletemples)
		YUNG's Better Mineshafts 1.21.1-NeoForge-5.1.1 (bettermineshafts)
		YUNG's Better Nether Fortresses 1.21.1-NeoForge-3.1.5 (betterfortresses)
		YUNG's Better Ocean Monuments 1.21.1-NeoForge-4.1.2 (betteroceanmonuments)
		YUNG's Better Strongholds 1.21.1-NeoForge-5.1.3 (betterstrongholds)
		YUNG's Better Witch Huts 1.21.1-NeoForge-4.1.1 (betterwitchhuts)
		Zombie Improvements 1.2.0 (zombieimprovements) 
[m[32m[10:00:33.967] [main/INFO] [Configured Defaults/]: Applying default files... 
[m[32m[10:00:33.968] [main/INFO] [Configured Defaults/]: Created fresh 'bettermc/configureddefaults' directory 
[m[32m[10:00:33.968] [main/INFO] [Configured Defaults/]: Created fresh 'bettermc/configureddefaults/README.md' file 
[m[32m[10:00:34.811] [main/INFO] [service.hacks.ModuleLayerMigrator/]: Successfully made module authlib transformable 
[m[32m[10:00:34.811] [main/INFO] [service.hacks.ModuleLayerMigrator/]: Successfully made module brigadier transformable 
[m[32m[10:00:34.817] [main/INFO] [loading.FMLServiceProvider/CORE]: Loading coremod script-engine for [openpartiesandclaims, xaerominimap, xaeroworldmap] 
[m[32m[10:00:43.786] [main/INFO] [mixin/]: Compatibility level set to JAVA_21 
[m[32m[10:00:44.376] [main/INFO] [LaunchServiceHandler/MODLAUNCHER]: Launching target 'forgeserver' with arguments [nogui] 
[m[32m[10:00:44.520] [main/INFO] [C2ME Modules Manager/]: Initializing com.ishland.c2me.fixes.worldgen.threading_issues.mixin 
[m[33m[10:00:44.564] [main/WARN] [mixin/]: Reference map 'betterdungeons.refmap.json' for betterdungeons.mixins.json could not be read. If this is a development environment you can ignore this message 
[m[33m[10:00:44.567] [main/WARN] [mixin/]: Reference map 'openpartiesandclaims.refmap.json' for openpartiesandclaims.mixins.json could not be read. If this is a development environment you can ignore this message 
[m[33m[10:00:44.569] [main/WARN] [mixin/]: Reference map 'openpartiesandclaims.refmap.json' for openpartiesandclaims.create.mixins.json could not be read. If this is a development environment you can ignore this message 
[m[33m[10:00:44.570] [main/WARN] [mixin/]: Reference map 'variantsandventures.refmap.json' for variantsandventures-neoforge.mixins.json could not be read. If this is a development environment you can ignore this message 
[m[33m[10:00:44.571] [main/WARN] [mixin/]: Reference map 'variantsandventures.refmap.json' for variantsandventures-common.mixins.json could not be read. If this is a development environment you can ignore this message 
[m[33m[10:00:44.575] [main/WARN] [mixin/]: Reference map 'bedrockoid.refmap.json' for bedrockoid.mixins.json could not be read. If this is a development environment you can ignore this message 
[m[33m[10:00:44.578] [main/WARN] [mixin/]: Reference map 'bmcpalegardenpatcher.refmap.json' for bmcpalegardenpatcher.mixins.json could not be read. If this is a development environment you can ignore this message 
[m[32m[10:00:44.578] [main/INFO] [C2ME Modules Manager/]: Initializing com.ishland.c2me.rewrites.chunk_serializer.mixin 
[m[32m[10:00:44.581] [main/INFO] [C2ME Modules Manager/]: Disabling com.ishland.c2me.rewrites.chunk_serializer.mixin 
[m[33m[10:00:44.586] [main/WARN] [mixin/]: Reference map 'subtle_effects.refmap.json' for subtle_effects.mixins.json could not be read. If this is a development environment you can ignore this message 
[m[33m[10:00:44.589] [main/WARN] [mixin/]: Reference map 'subtle_effects.refmap.json' for subtle_effects.neoforge.mixins.json could not be read. If this is a development environment you can ignore this message 
[m[32m[10:00:44.589] [main/INFO] [C2ME Modules Manager/]: Initializing com.ishland.c2me.fixes.general.threading_issues.mixin 
[m[32m[10:00:44.658] [main/INFO] [ModernFix/]: Loaded configuration file for ModernFix 5.24.3+mc1.21.1: 78 options available, 5 override(s) found 
[m[33m[10:00:44.659] [main/WARN] [ModernFix/]: Option 'mixin.bugfix.paper_chunk_patches' overriden (by mods [c2me]) to 'false' 
[m[33m[10:00:44.660] [main/WARN] [ModernFix/]: Option 'mixin.perf.faster_item_rendering' overriden (by user configuration) to 'true' 
[m[33m[10:00:44.660] [main/WARN] [ModernFix/]: Option 'mixin.perf.cache_strongholds' overriden (by mods [c2me]) to 'false' 
[m[33m[10:00:44.660] [main/WARN] [ModernFix/]: Option 'mixin.feature.branding' overriden (by user configuration) to 'false' 
[m[33m[10:00:44.660] [main/WARN] [ModernFix/]: Option 'mixin.bugfix.chunk_deadlock' overriden (by mods [c2me]) to 'false' 
[m[32m[10:00:44.660] [main/INFO] [ModernFix/]: Applying Nashorn fix 
[m[33m[10:00:44.664] [main/WARN] [mixin/]: Reference map 'autochefsdelight.refmap.json' for autochefsdelight.mixins.json could not be read. If this is a development environment you can ignore this message 
[m[32m[10:00:44.797] [main/INFO] [SewliaConfig/]: All configurations saved 
[m[32m[10:00:44.801] [main/INFO] [SewliaConfig/]: Reloaded configuration: ModConfig 
[m[32m[10:00:44.802] [main/INFO] [SewliaConfig/]: Successfully initialized configuration manager, loaded 1 configuration classes 
[m[33m[10:00:44.805] [main/WARN] [mixin/]: Reference map '' for krypton_fnp.mixins.json could not be read. If this is a development environment you can ignore this message 
[m[33m[10:00:44.808] [main/WARN] [mixin/]: Reference map 'yungsapi.refmap.json' for yungsapi.mixins.json could not be read. If this is a development environment you can ignore this message 
[m[33m[10:00:44.809] [main/WARN] [mixin/]: Reference map 'iris.refmap.json' for mixins.iris.json could not be read. If this is a development environment you can ignore this message 
[m[33m[10:00:44.810] [main/WARN] [mixin/]: Reference map 'iris.refmap.json' for mixins.iris.fantastic.json could not be read. If this is a development environment you can ignore this message 
[m[33m[10:00:44.811] [main/WARN] [mixin/]: Reference map 'iris.refmap.json' for mixins.iris.vertexformat.json could not be read. If this is a development environment you can ignore this message 
[m[33m[10:00:44.812] [main/WARN] [mixin/]: Reference map 'iris.refmap.json' for iris-batched-entity-rendering.mixins.json could not be read. If this is a development environment you can ignore this message 
[m[33m[10:00:44.812] [main/WARN] [mixin/]: Reference map 'iris.refmap.json' for mixins.iris.compat.sodium.json could not be read. If this is a development environment you can ignore this message 
[m[33m[10:00:44.816] [main/WARN] [mixin/]: Reference map 'clientcrafting.refmap.json' for clientcrafting.mixins.json could not be read. If this is a development environment you can ignore this message 
[m[33m[10:00:44.820] [main/WARN] [mixin/]: Reference map 'clientsort.refmap.json' for clientsort.mixins.json could not be read. If this is a development environment you can ignore this message 
[m[33m[10:00:44.821] [main/WARN] [mixin/]: Reference map 'clientsort.refmap.json' for clientsort.neoforge.mixins.json could not be read. If this is a development environment you can ignore this message 
[m[33m[10:00:44.822] [main/WARN] [mixin/]: Reference map 'balm.refmap.json' for balm.mixins.json could not be read. If this is a development environment you can ignore this message 
[m[33m[10:00:44.824] [main/WARN] [mixin/]: Reference map 'snowrealmagic.refmap.json' for snowrealmagic.mixins.json could not be read. If this is a development environment you can ignore this message 
[m[33m[10:00:44.825] [main/WARN] [mixin/]: Reference map 'prickle.refmap.json' for prickle.mixins.json could not be read. If this is a development environment you can ignore this message 
[m[32m[10:00:44.826] [main/INFO] [C2ME Modules Manager/]: Initializing com.ishland.c2me.base.mixin 
[m[32m[10:00:44.919] [main/INFO] [C2ME Config System/]: Global Executor Parallelism: 1 configured, 1 evaluated, 1 default evaluated 
[m[33m[10:00:44.929] [main/WARN] [mixin/]: Reference map 'crash_assistant.refmap.json' for crash_assistant.mixins.json could not be read. If this is a development environment you can ignore this message 
[m[33m[10:00:44.930] [main/WARN] [mixin/]: Reference map 'betterfortresses.refmap.json' for betterfortresses.mixins.json could not be read. If this is a development environment you can ignore this message 
[m[33m[10:00:44.938] [main/WARN] [mixin/]: Reference map 'revampedwolf.refmap.json' for revampedwolf.mixins.json could not be read. If this is a development environment you can ignore this message 
[m[33m[10:00:44.949] [main/WARN] [mixin/]: Reference map 'explorations.refmap.json' for explorations.mixins.json could not be read. If this is a development environment you can ignore this message 
[m[33m[10:00:44.962] [main/WARN] [mixin/]: Reference map 'reeses-sodium-options.refmap.json' for reeses-sodium-options.mixins.json could not be read. If this is a development environment you can ignore this message 
[m[32m[10:00:44.965] [main/INFO] [C2ME Modules Manager/]: Initializing com.ishland.c2me.opts.dfc.mixin 
[m[32m[10:00:44.968] [main/INFO] [C2ME Modules Manager/]: Disabling com.ishland.c2me.opts.dfc.mixin 
[m[33m[10:00:44.970] [main/WARN] [mixin/]: Reference map 'curios.refmap.json' for curios.neoforge.mixins.json could not be read. If this is a development environment you can ignore this message 
[m[33m[10:00:44.973] [main/WARN] [mixin/]: Reference map 'curios.refmap.json' for curios.mixins.json could not be read. If this is a development environment you can ignore this message 
[m[33m[10:00:44.974] [main/WARN] [mixin/]: Reference map 'searchables.refmap.json' for searchables.mixins.json could not be read. If this is a development environment you can ignore this message 
[m[33m[10:00:44.975] [main/WARN] [mixin/]: Reference map 'searchables.refmap.json' for searchables.neoforge.mixins.json could not be read. If this is a development environment you can ignore this message 
[m[33m[10:00:44.986] [main/WARN] [mixin/]: Reference map '' for accessories-common.mixins.json could not be read. If this is a development environment you can ignore this message 
[m[33m[10:00:44.990] [main/WARN] [mixin/]: Reference map '' for accessories-forge.mixins.json could not be read. If this is a development environment you can ignore this message 
[m[33m[10:00:44.993] [main/WARN] [mixin/]: Reference map 'cumulus_menus.refmap.json' for cumulus_menus.mixins.json could not be read. If this is a development environment you can ignore this message 
[m[33m[10:00:44.996] [main/WARN] [mixin/]: Reference map 'cumulus_menus.refmap.json' for cumulus_menus.neoforge.mixins.json could not be read. If this is a development environment you can ignore this message 
[m[33m[10:00:45.003] [main/WARN] [mixin/]: Reference map 'betterendisland.refmap.json' for betterendisland.mixins.json could not be read. If this is a development environment you can ignore this message 
[m[33m[10:00:45.005] [main/WARN] [mixin/]: Reference map 'nitrogen_internals.refmap.json' for nitrogen_internals.mixins.json could not be read. If this is a development environment you can ignore this message 
[m[33m[10:00:45.008] [main/WARN] [mixin/]: Reference map 'jadeaddons.refmap.json' for jadeaddons.mixins.json could not be read. If this is a development environment you can ignore this message 
[m[33m[10:00:45.009] [main/WARN] [mixin/]: Reference map 'sparsestructures.refmap.json' for sparsestructures.mixins.json could not be read. If this is a development environment you can ignore this message 
[m[33m[10:00:45.010] [main/WARN] [mixin/]: Reference map 'bettermineshafts.refmap.json' for bettermineshafts.mixins.json could not be read. If this is a development environment you can ignore this message 
[m[33m[10:00:45.014] [main/WARN] [mixin/]: Reference map 'veinmining.refmap.json' for veinmining.mixins.json could not be read. If this is a development environment you can ignore this message 
[m[33m[10:00:45.017] [main/WARN] [mixin/]: Reference map 'betterjungletemples.refmap.json' for betterjungletemples.mixins.json could not be read. If this is a development environment you can ignore this message 
[m[33m[10:00:45.023] [main/WARN] [mixin/]: Reference map 'kiwi.refmap.json' for kiwi.mixins.json could not be read. If this is a development environment you can ignore this message 
[m[33m[10:00:45.025] [main/WARN] [mixin/]: Reference map 'mowziesmobs.refmap.json' for mowziesmobs.mixins.json could not be read. If this is a development environment you can ignore this message 
[m[32m[10:00:45.030] [main/INFO] [C2ME Modules Manager/]: Initializing com.ishland.c2me.threading.lighting.mixin 
[m[Lithium] Mod 'supplementaries' attempted to override option 'mixin' with an invalid value, ignoring[Lithium] Mod 'supplementaries' attempted to override option 'mixins' with an invalid value, ignoring[Lithium] Mod 'supplementaries' attempted to override option 'block' with an invalid value, ignoring[32m[10:00:45.126] [main/INFO] [LithiumConfig/]: Option 'mixin.experimental.entity.block_caching.suffocation' requires 'mixin.util.block_tracking=true' but found 'false'. Setting 'mixin.experimental.entity.block_caching.suffocation=false'. 
[m[32m[10:00:45.127] [main/INFO] [LithiumConfig/]: Option 'mixin.experimental.entity.block_caching.block_support' requires 'mixin.util.block_tracking=true' but found 'false'. Setting 'mixin.experimental.entity.block_caching.block_support=false'. 
[m[32m[10:00:45.129] [main/INFO] [LithiumConfig/]: Option 'mixin.experimental.entity.block_caching.block_touching' requires 'mixin.util.block_tracking=true' but found 'false'. Setting 'mixin.experimental.entity.block_caching.block_touching=false'. 
[m[32m[10:00:45.129] [main/INFO] [LithiumConfig/]: Option 'mixin.experimental.entity.block_caching' requires 'mixin.util.block_tracking=true' but found 'false'. Setting 'mixin.experimental.entity.block_caching=false'. 
[m[32m[10:00:45.129] [main/INFO] [Lithium/]: Loaded configuration file for Lithium: 148 options available, 0 override(s) found 
[m[33m[10:00:45.143] [main/WARN] [mixin/]: Reference map 'goblintraders.refmap.json' for goblintraders.common.mixins.json could not be read. If this is a development environment you can ignore this message 
[m[33m[10:00:45.146] [main/WARN] [mixin/]: Reference map 'paxi.refmap.json' for paxi.mixins.json could not be read. If this is a development environment you can ignore this message 
[m[33m[10:00:45.149] [main/WARN] [mixin/]: Reference map 'paxi.refmap.json' for paxi_neoforge.mixins.json could not be read. If this is a development environment you can ignore this message 
[m[33m[10:00:45.158] [main/WARN] [mixin/]: Reference map 'fastasyncworldsave.refmap.json' for fastasyncworldsave.mixins.json could not be read. If this is a development environment you can ignore this message 
[m[33m[10:00:45.162] [main/WARN] [mixin/]: Reference map 'glitchcore.refmap.json' for glitchcore.mixins.json could not be read. If this is a development environment you can ignore this message 
[m[33m[10:00:45.163] [main/WARN] [mixin/]: Reference map 'glitchcore.refmap.json' for glitchcore.neoforge.mixins.json could not be read. If this is a development environment you can ignore this message 
[m[33m[10:00:45.163] [main/WARN] [mixin/]: Reference map 'sereneseasons.refmap.json' for sereneseasons.mixins.json could not be read. If this is a development environment you can ignore this message 
[m[33m[10:00:45.165] [main/WARN] [mixin/]: Reference map 'sereneseasons.refmap.json' for sereneseasons.neoforge.mixins.json could not be read. If this is a development environment you can ignore this message 
[m[32m[10:00:45.171] [main/INFO] [C2ME Modules Manager/]: Initializing com.ishland.c2me.rewrites.chunksystem.mixin 
[m[33m[10:00:45.189] [main/WARN] [mixin/]: Reference map 'adventuredungeons.refmap.json' for adventuredungeons.mixins.json could not be read. If this is a development environment you can ignore this message 
[m[32m[10:00:45.190] [main/INFO] [C2ME Modules Manager/]: Initializing com.ishland.c2me.opts.worldgen.vanilla.mixin 
[m[32m[10:00:45.196] [main/INFO] [C2ME Modules Manager/]: Initializing com.ishland.c2me.opts.scheduling.mixin 
[m[33m[10:00:45.206] [main/WARN] [mixin/]: Reference map 'logbegone.refmap.json' for logbegone.neoforge.mixins.json could not be read. If this is a development environment you can ignore this message 
[m[33m[10:00:45.206] [main/WARN] [mixin/]: Reference map 'trimmed.refmap.json' for trimmed.mixins.json could not be read. If this is a development environment you can ignore this message 
[m[33m[10:00:45.209] [main/WARN] [mixin/]: Reference map 'trimmed.refmap.json' for trimmed.neo.mixins.json could not be read. If this is a development environment you can ignore this message 
[m[33m[10:00:45.210] [main/WARN] [mixin/]: Reference map 'smoothchunk.refmap.json' for smoothchunk.mixins.json could not be read. If this is a development environment you can ignore this message 
[m[33m[10:00:45.213] [main/WARN] [mixin/]: Reference map 'terrablender.refmap.json' for terrablender.mixins.json could not be read. If this is a development environment you can ignore this message 
[m[33m[10:00:45.214] [main/WARN] [mixin/]: Reference map 'terrablender.refmap.json' for terrablender_neoforge.mixins.json could not be read. If this is a development environment you can ignore this message 
[m[33m[10:00:45.217] [main/WARN] [mixin/]: Reference map 'nochatreports.refmap.json' for mixins/common/nochatreports.mixins.json could not be read. If this is a development environment you can ignore this message 
[m[33m[10:00:45.255] [main/WARN] [mixin/]: Reference map 'xaerominimap.refmap.json' for xaerohud.mixins.json could not be read. If this is a development environment you can ignore this message 
[m[33m[10:00:45.257] [main/WARN] [mixin/]: Reference map 'xaerominimap.refmap.json' for xaerominimap.mixins.json could not be read. If this is a development environment you can ignore this message 
[m[33m[10:00:45.259] [main/WARN] [mixin/]: Reference map 'smoothmovement.refmap.json' for smoothmovement.mixins.json could not be read. If this is a development environment you can ignore this message 
[m[33m[10:00:45.260] [main/WARN] [mixin/]: Reference map 'polymorph.refmap.json' for polymorph.mixins.json could not be read. If this is a development environment you can ignore this message 
[m[33m[10:00:45.262] [main/WARN] [mixin/]: Reference map 'polymorph.refmap.json' for polymorph-compatibility.mixins.json could not be read. If this is a development environment you can ignore this message 
[m[32m[10:00:45.263] [main/INFO] [C2ME Modules Manager/]: Initializing com.ishland.c2me.notickvd.mixin 
[m[33m[10:00:45.281] [main/WARN] [mixin/]: Reference map 'backpacked.refmap.json' for backpacked.common.mixins.json could not be read. If this is a development environment you can ignore this message 
[m[33m[10:00:45.284] [main/WARN] [mixin/]: Reference map 'inmis.refmap.json' for inmis.mixins.json could not be read. If this is a development environment you can ignore this message 
[m[33m[10:00:45.287] [main/WARN] [mixin/]: Reference map 'biomemusic.refmap.json' for biomemusic.mixins.json could not be read. If this is a development environment you can ignore this message 
[m[33m[10:00:45.294] [main/WARN] [mixin/]: Reference map 'dragonloot.refmap.json' for dragonloot.mixins.json could not be read. If this is a development environment you can ignore this message 
[m[33m[10:00:45.295] [main/WARN] [mixin/]: Reference map 'hybrid_aquatic.refmap.json' for hybrid-aquatic.forge.mixins.json could not be read. If this is a development environment you can ignore this message 
[m[33m[10:00:45.298] [main/WARN] [mixin/]: Reference map 'chunksending.refmap.json' for chunksending.mixins.json could not be read. If this is a development environment you can ignore this message 
[m[33m[10:00:45.301] [main/WARN] [mixin/]: Reference map 'xptome.refmap.json' for xptome.mixins.json could not be read. If this is a development environment you can ignore this message 
[m[33m[10:00:45.304] [main/WARN] [mixin/]: Reference map 'kuma_api.refmap.json' for kuma_api.mixins.json could not be read. If this is a development environment you can ignore this message 
[m[33m[10:00:45.307] [main/WARN] [mixin/]: Reference map 'betterwitchhuts.refmap.json' for betterwitchhuts.mixins.json could not be read. If this is a development environment you can ignore this message 
[m[33m[10:00:45.308] [main/WARN] [mixin/]: Reference map 'puffish_biome_dither-refmap.json' for puffish_biome_dither.mixins.json could not be read. If this is a development environment you can ignore this message 
[m[33m[10:00:45.309] [main/WARN] [mixin/]: Reference map 'netherportalfix.refmap.json' for netherportalfix.mixins.json could not be read. If this is a development environment you can ignore this message 
[m[33m[10:00:45.312] [main/WARN] [mixin/]: Reference map 'geckolib.refmap.json' for geckolib.mixins.json could not be read. If this is a development environment you can ignore this message 
[m[33m[10:00:45.313] [main/WARN] [mixin/]: Reference map 'recipeessentials.refmap.json' for recipeessentials.mixins.json could not be read. If this is a development environment you can ignore this message 
[m[33m[10:00:45.319] [main/WARN] [mixin/]: Reference map 'aether.refmap.json' for aether.mixins.json could not be read. If this is a development environment you can ignore this message 
[m[33m[10:00:45.320] [main/WARN] [mixin/]: Reference map 'deep_aether.refmap.json' for deep_aether.mixins.json could not be read. If this is a development environment you can ignore this message 
[m[33m[10:00:45.321] [main/WARN] [mixin/]: Reference map 'aeroblender.refmap.json' for aeroblender.mixins.json could not be read. If this is a development environment you can ignore this message 
[m[32m[10:00:45.322] [main/INFO] [C2ME Modules Manager/]: Initializing com.ishland.c2me.opts.natives_math.mixin 
[m[33m[10:00:45.325] [main/WARN] [C2ME Modules Manager/]: Disabling com.ishland.c2me.opts.natives_math.mixin due to incompatible Java version, see debug logs for details 
[m[32m[10:00:45.325] [main/INFO] [C2ME Modules Manager/]: Disabling com.ishland.c2me.opts.natives_math.mixin 
[m[33m[10:00:45.327] [main/WARN] [mixin/]: Reference map 'betteroceanmonuments.refmap.json' for betteroceanmonuments.mixins.json could not be read. If this is a development environment you can ignore this message 
[m[33m[10:00:45.330] [main/WARN] [mixin/]: Reference map 'connectivity.refmap.json' for connectivity.mixins.json could not be read. If this is a development environment you can ignore this message 
[m[33m[10:00:45.331] [main/WARN] [mixin/]: Reference map 'worldplaytime.refmap.json' for worldplaytime.mixins.json could not be read. If this is a development environment you can ignore this message 
[m[33m[10:00:45.332] [main/WARN] [mixin/]: Reference map 'kleeslabs.refmap.json' for kleeslabs.mixins.json could not be read. If this is a development environment you can ignore this message 
[m[33m[10:00:45.333] [main/WARN] [mixin/]: Reference map 'kleeslabs.refmap.json' for kleeslabs.neoforge.mixins.json could not be read. If this is a development environment you can ignore this message 
[m[33m[10:00:45.335] [main/WARN] [mixin/]: Reference map 'structureessentials.refmap.json' for structureessentials.mixins.json could not be read. If this is a development environment you can ignore this message 
[m[33m[10:00:45.336] [main/WARN] [mixin/]: Reference map 'piglinproliferation.refmap.json' for piglinproliferation.mixins.json could not be read. If this is a development environment you can ignore this message 
[m[33m[10:00:45.338] [main/WARN] [mixin/]: Reference map 'xaeroworldmap.refmap.json' for xaeroworldmap.mixins.json could not be read. If this is a development environment you can ignore this message 
[m[33m[10:00:45.340] [main/WARN] [mixin/]: Reference map 'citadel.refmap.json' for citadel.mixins.json could not be read. If this is a development environment you can ignore this message 
[m[33m[10:00:45.342] [main/WARN] [mixin/]: Reference map 'lootintegrations.refmap.json' for lootintegrations.mixins.json could not be read. If this is a development environment you can ignore this message 
[m[33m[10:00:45.348] [main/WARN] [mixin/]: Reference map 'bookshelf.refmap.json' for bookshelf.mixins.json could not be read. If this is a development environment you can ignore this message 
[m[32m[10:00:45.349] [main/INFO] [C2ME Modules Manager/]: Initializing com.ishland.c2me.opts.math.mixin 
[m[33m[10:00:45.353] [main/WARN] [mixin/]: Reference map 'takesapillage.refmap.json' for takesapillage-neoforge.mixins.json could not be read. If this is a development environment you can ignore this message 
[m[33m[10:00:45.355] [main/WARN] [mixin/]: Reference map 'takesapillage.refmap.json' for takesapillage-common.mixins.json could not be read. If this is a development environment you can ignore this message 
[m[33m[10:00:45.356] [main/WARN] [mixin/]: Reference map 'carryon.refmap.json' for carryon.mixins.json could not be read. If this is a development environment you can ignore this message 
[m[33m[10:00:45.360] [main/WARN] [mixin/]: Reference map 'melody.refmap.json' for melody.mixins.json could not be read. If this is a development environment you can ignore this message 
[m[33m[10:00:45.361] [main/WARN] [mixin/]: Reference map 'melody.refmap.json' for melody.neoforge.mixins.json could not be read. If this is a development environment you can ignore this message 
[m[32m[10:00:45.369] [main/INFO] [C2ME Modules Manager/]: Initializing com.ishland.c2me.fixes.worldgen.vanilla_bugs.mixin 
[m[33m[10:00:45.374] [main/WARN] [mixin/]: Reference map 'konkrete.refmap.json' for konkrete.mixins.json could not be read. If this is a development environment you can ignore this message 
[m[33m[10:00:45.375] [main/WARN] [mixin/]: Reference map 'konkrete.refmap.json' for konkrete.neoforge.mixins.json could not be read. If this is a development environment you can ignore this message 
[m[33m[10:00:45.382] [main/WARN] [mixin/]: Reference map 'wetland_whimsy.refmap.json' for wetland_whimsy.mixins.json could not be read. If this is a development environment you can ignore this message 
[m[32m[10:00:45.383] [main/INFO] [C2ME Modules Manager/]: Initializing com.ishland.c2me.fixes.chunkio.threading_issues.mixin 
[m[32m[10:00:45.385] [main/INFO] [C2ME Modules Manager/]: Initializing com.ishland.c2me.client.uncapvd.mixin 
[m[33m[10:00:45.390] [main/WARN] [mixin/]: Reference map 'boatiview.refmap.json' for boatiview.common.mixins.json could not be read. If this is a development environment you can ignore this message 
[m[33m[10:00:45.391] [main/WARN] [mixin/]: Reference map 'longnbtkiller.refmap.json' for longnbtkiller.mixins.json could not be read. If this is a development environment you can ignore this message 
[m[33m[10:00:45.392] [main/WARN] [mixin/]: Reference map 'lionfishapi.refmap.json' for lionfishapi.mixins.json could not be read. If this is a development environment you can ignore this message 
[m[33m[10:00:45.398] [main/WARN] [mixin/]: Reference map 'memorysettings.refmap.json' for memorysettings.mixins.json could not be read. If this is a development environment you can ignore this message 
[m[33m[10:00:45.399] [main/WARN] [mixin/]: Reference map 'cataclysm.refmap.json' for cataclysm.mixins.json could not be read. If this is a development environment you can ignore this message 
[m[33m[10:00:45.400] [main/WARN] [mixin/]: Reference map 'patchouli.refmap.json' for patchouli_xplat.mixins.json could not be read. If this is a development environment you can ignore this message 
[m[33m[10:00:45.403] [main/WARN] [mixin/]: Reference map 'betterstrongholds.refmap.json' for betterstrongholds.mixins.json could not be read. If this is a development environment you can ignore this message 
[m[33m[10:00:45.405] [main/WARN] [mixin/]: Reference map 'aether_protect_your_moa.refmap.json' for aether_protect_your_moa.mixins.json could not be read. If this is a development environment you can ignore this message 
[m[33m[10:00:45.418] [main/WARN] [mixin/]: Reference map '' for mixins.immersivelanterns.json could not be read. If this is a development environment you can ignore this message 
[m[33m[10:00:45.420] [main/WARN] [mixin/]: Reference map 'ServerBrowser-refmap.json' for serverbrowser.mixins.json could not be read. If this is a development environment you can ignore this message 
[m[33m[10:00:45.421] [main/WARN] [mixin/]: Reference map 'ServerBrowser-refmap.json' for serverbrowser-root.mixins.json could not be read. If this is a development environment you can ignore this message 
[m[33m[10:00:45.422] [main/WARN] [mixin/]: Reference map 'cupboard.refmap.json' for cupboard.mixins.json could not be read. If this is a development environment you can ignore this message 
[m[32m[10:00:45.425] [main/INFO] [C2ME Modules Manager/]: Initializing com.ishland.c2me.rewrites.chunkio.mixin 
[m[32m[10:00:45.428] [main/INFO] [C2ME Modules Manager/]: Initializing com.ishland.c2me.opts.allocs.mixin 
[m[33m[10:00:45.435] [main/WARN] [mixin/]: Reference map 'bhmenu.refmap.json' for bhmenu.mixins.json could not be read. If this is a development environment you can ignore this message 
[m[33m[10:00:45.443] [main/WARN] [mixin/]: Reference map 'xaerolib.refmap.json' for xaerolib.mixins.json could not be read. If this is a development environment you can ignore this message 
[m[33m[10:00:45.449] [main/WARN] [mixin/]: Reference map '' for accessories_compat_layer-common.mixins.json could not be read. If this is a development environment you can ignore this message 
[m[33m[10:00:45.454] [main/WARN] [mixin/]: Reference map '' for accessories_compat_layer-trinkets.mixins.json could not be read. If this is a development environment you can ignore this message 
[m[33m[10:00:45.458] [main/WARN] [mixin/]: Reference map '' for accessories_compat_layer-curios.mixins.json could not be read. If this is a development environment you can ignore this message 
[m[33m[10:00:45.459] [main/WARN] [mixin/]: Reference map 'Ping-Wheel-refmap.json' for pingwheel.mixins.json could not be read. If this is a development environment you can ignore this message 
[m[33m[10:00:45.464] [main/WARN] [mixin/]: Reference map 'waystones.refmap.json' for waystones.mixins.json could not be read. If this is a development environment you can ignore this message 
[m[33m[10:00:45.466] [main/WARN] [mixin/]: Reference map 'clumps.refmap.json' for clumps.mixins.json could not be read. If this is a development environment you can ignore this message 
[m[33m[10:00:45.467] [main/WARN] [mixin/]: Reference map 'comforts.refmap.json' for comforts.mixins.json could not be read. If this is a development environment you can ignore this message 
[m[33m[10:00:45.472] [main/WARN] [mixin/]: Reference map 'betterworldloadingnf21.refmap.json' for betterworldloadingnf21.mixins.json could not be read. If this is a development environment you can ignore this message 
[m[33m[10:00:45.476] [main/WARN] [mixin/]: Reference map 'skinlayers3d.refmap.mixins.json' for skinlayers3d.mixins.json could not be read. If this is a development environment you can ignore this message 
[m[33m[10:00:45.478] [main/WARN] [mixin/]: Reference map 'mixson.refmap.json' for mixson.mixins.json could not be read. If this is a development environment you can ignore this message 
[m[33m[10:00:45.479] [main/WARN] [mixin/]: Reference map 'toofast.refmap.json' for toofast.mixins.json could not be read. If this is a development environment you can ignore this message 
[m[33m[10:00:45.482] [main/WARN] [mixin/]: Reference map 'friendsandfoes.refmap.json' for friendsandfoes-neoforge.mixins.json could not be read. If this is a development environment you can ignore this message 
[m[33m[10:00:45.484] [main/WARN] [mixin/]: Reference map 'friendsandfoes.refmap.json' for friendsandfoes-common.mixins.json could not be read. If this is a development environment you can ignore this message 
[m[33m[10:00:45.485] [main/WARN] [mixin/]: Reference map 'enchdesc.refmap.json' for enchdesc.mixins.json could not be read. If this is a development environment you can ignore this message 
[m[32m[10:00:45.498] [main/INFO] [C2ME Modules Manager/]: Initializing com.ishland.c2me.server.utils.mixin 
[m[33m[10:00:45.507] [main/WARN] [mixin/]: Reference map 'citresewn.refmap.json' for citresewn.mixins.json could not be read. If this is a development environment you can ignore this message 
[m[32m[10:00:45.512] [main/INFO] [C2ME Modules Manager/]: Initializing com.ishland.c2me.opts.worldgen.general.mixin 
[m[32m[10:00:45.516] [main/INFO] [C2ME Modules Manager/]: Initializing com.ishland.c2me.opts.chunkio.mixin 
[m[33m[10:00:45.520] [main/WARN] [mixin/]: Reference map 'watut.refmap.json' for watut.mixins.json could not be read. If this is a development environment you can ignore this message 
[m[33m[10:00:45.537] [main/WARN] [mixin/]: Reference map '${refmap_target}refmap.json' for ferritecore.predicates.mixin.json could not be read. If this is a development environment you can ignore this message 
[m[33m[10:00:45.539] [main/WARN] [mixin/]: Reference map '${refmap_target}refmap.json' for ferritecore.fastmap.mixin.json could not be read. If this is a development environment you can ignore this message 
[m[33m[10:00:45.541] [main/WARN] [mixin/]: Reference map '${refmap_target}refmap.json' for ferritecore.mrl.mixin.json could not be read. If this is a development environment you can ignore this message 
[m[33m[10:00:45.543] [main/WARN] [mixin/]: Reference map '${refmap_target}refmap.json' for ferritecore.dedupmultipart.mixin.json could not be read. If this is a development environment you can ignore this message 
[m[33m[10:00:45.545] [main/WARN] [mixin/]: Reference map '${refmap_target}refmap.json' for ferritecore.blockstatecache.mixin.json could not be read. If this is a development environment you can ignore this message 
[m[33m[10:00:45.547] [main/WARN] [mixin/]: Reference map '${refmap_target}refmap.json' for ferritecore.dedupbakedquad.mixin.json could not be read. If this is a development environment you can ignore this message 
[m[33m[10:00:45.549] [main/WARN] [mixin/]: Reference map '${refmap_target}refmap.json' for ferritecore.threaddetec.mixin.json could not be read. If this is a development environment you can ignore this message 
[m[33m[10:00:45.550] [main/WARN] [mixin/]: Reference map '${refmap_target}refmap.json' for ferritecore.modelsides.mixin.json could not be read. If this is a development environment you can ignore this message 
[m[33m[10:00:45.552] [main/WARN] [mixin/]: Reference map '${refmap_target}refmap.json' for ferritecore.datacomponents.mixin.json could not be read. If this is a development environment you can ignore this message 
[m[33m[10:00:45.553] [main/WARN] [mixin/]: Reference map '${refmap_target}refmap.json' for ferritecore.accessors.mixin.json could not be read. If this is a development environment you can ignore this message 
[m[33m[10:00:45.554] [main/WARN] [mixin/]: Reference map 'yet_another_config_lib_v3.refmap.json' for yacl.mixins.json could not be read. If this is a development environment you can ignore this message 
[m[32m[10:00:45.570] [main/INFO] [mixins.v1_20_5_neoforge.MixinPlugin/]: Packet Fixer neoforge 1.20.5-1.21.X has been applied successfully. 
[m[33m[10:00:45.577] [main/WARN] [mixin/]: Reference map 'sound_physics_remastered.refmap.json' for sound_physics_remastered.mixins.json could not be read. If this is a development environment you can ignore this message 
[m[33m[10:00:45.582] [main/WARN] [mixin/]: Reference map 'EpheroLib-refmap.json' for epherolib.mixins.json could not be read. If this is a development environment you can ignore this message 
[m[33m[10:00:45.599] [main/WARN] [mixin/]: Reference map '' for adapter.init.mixins.json could not be read. If this is a development environment you can ignore this message 
[m[33m[10:00:46.319] [main/WARN] [mixin/]: Error loading class: net/caffeinemc/mods/sodium/client/render/chunk/compile/pipeline/BlockRenderer (java.lang.ClassNotFoundException: net.caffeinemc.mods.sodium.client.render.chunk.compile.pipeline.BlockRenderer) 
[m[33m[10:00:46.320] [main/WARN] [mixin/]: @Mixin target net.caffeinemc.mods.sodium.client.render.chunk.compile.pipeline.BlockRenderer was not found bedrockoid.mixins.json:client.sodium.BlockRendererMixin from mod bedrockoid 
[m[32m[10:00:46.332] [main/INFO] [bmcpalegardenpatcher/]: Loaded biomeswevegone remapping (fixing skyrise_vale typo), detected version 2.5.5 
[m[32m[10:00:46.333] [main/INFO] [bmcpalegardenpatcher/]: Loaded wetland_whimsy remapping (1.x ￢ﾆﾒ 2.0 migration), detected version 2.0.3-1.21.1 
[m[32m[10:00:46.333] [main/INFO] [bmcpalegardenpatcher/]: Loading Pale Garden Remapper mixin: dev.muon.bmcpalegardenpatcher.mixin.ResourceLocationMixin 
[m[32m[10:00:46.505] [main/INFO] [KryptonFNP MixinBootstrap/]: Mixin one.pkg.kfnp.mixin.network.experimental.RconClientMixin disabled 
[m[32m[10:00:46.506] [main/INFO] [KryptonFNP MixinBootstrap/]: Mixin one.pkg.kfnp.mixin.network.microopt.ServerEntityMixin enabled 
[m[32m[10:00:46.506] [main/INFO] [KryptonFNP MixinBootstrap/]: Mixin one.pkg.kfnp.mixin.network.microopt.Utf8StringMixin enabled 
[m[32m[10:00:46.507] [main/INFO] [KryptonFNP MixinBootstrap/]: Mixin one.pkg.kfnp.mixin.network.microopt.VarIntMixin enabled 
[m[32m[10:00:46.507] [main/INFO] [KryptonFNP MixinBootstrap/]: Mixin one.pkg.kfnp.mixin.network.microopt.VarLongMixin enabled 
[m[32m[10:00:46.508] [main/INFO] [KryptonFNP MixinBootstrap/]: Mixin one.pkg.kfnp.mixin.network.pipeline.LegacyQueryHandlerMixin enabled 
[m[32m[10:00:46.509] [main/INFO] [KryptonFNP MixinBootstrap/]: Mixin one.pkg.kfnp.mixin.network.pipeline.Varint21FrameDecoderMixin enabled 
[m[32m[10:00:46.509] [main/INFO] [KryptonFNP MixinBootstrap/]: Mixin one.pkg.kfnp.mixin.network.pipeline.compression.ConnectionMixin enabled 
[m[32m[10:00:46.510] [main/INFO] [KryptonFNP MixinBootstrap/]: Mixin one.pkg.kfnp.mixin.network.pipeline.encryption.ConnectionMixin enabled 
[m[32m[10:00:46.511] [main/INFO] [KryptonFNP MixinBootstrap/]: Mixin one.pkg.kfnp.mixin.network.pipeline.encryption.ServerLoginPacketListenerImplMixin enabled 
[m[32m[10:00:46.511] [main/INFO] [KryptonFNP MixinBootstrap/]: Mixin one.pkg.kfnp.mixin.network.pipeline.prepender.ConnectionMixin enabled 
[m[32m[10:00:46.512] [main/INFO] [KryptonFNP MixinBootstrap/]: Mixin one.pkg.kfnp.mixin.network.thread.ServerLoginPacketListenerImplMixin enabled 
[m[33m[10:00:46.833] [main/WARN] [mixin/]: Error loading class: jeresources/api/util/BiomeHelper (java.lang.ClassNotFoundException: jeresources.api.util.BiomeHelper) 
[m[33m[10:00:46.835] [main/WARN] [mixin/]: Error loading class: yalter/mousetweaks/Main (java.lang.ClassNotFoundException: yalter.mousetweaks.Main) 
[m[33m[10:00:46.912] [main/WARN] [mixin/]: Error loading class: com/simibubi/create/content/equipment/armor/BacktankBlockEntity (java.lang.ClassNotFoundException: com.simibubi.create.content.equipment.armor.BacktankBlockEntity) 
[m[33m[10:00:46.912] [main/WARN] [mixin/]: @Mixin target com.simibubi.create.content.equipment.armor.BacktankBlockEntity was not found jadeaddons.mixins.json:create.BacktankBlockEntityAccess from mod jadeaddons 
[m[33m[10:00:46.952] [main/WARN] [mixin/]: Error loading class: com/simibubi/create/content/contraptions/Contraption (java.lang.ClassNotFoundException: com.simibubi.create.content.contraptions.Contraption) 
[m[32m[10:00:47.210] [main/INFO] [C2ME Config System/]: Disabling config vanillaWorldGenOptimizations.useEndBiomeCache: Incompatible with biolith@3.0.10 (*) (defined in c2me) 
[m[32m[10:00:47.211] [main/INFO] [C2ME Config System/]: Disabling config vanillaWorldGenOptimizations.optimizeStructureWeightSampler: Incompatible with twilightforest@4.8.3345 (*) (defined in c2me) 
[m[33m[10:00:47.246] [main/WARN] [mixin/]: Error loading class: dev/ftb/mods/ftbchunks/data/ClaimedChunkManagerImpl (java.lang.ClassNotFoundException: dev.ftb.mods.ftbchunks.data.ClaimedChunkManagerImpl) 
[m[33m[10:00:47.246] [main/WARN] [mixin/]: @Mixin target dev.ftb.mods.ftbchunks.data.ClaimedChunkManagerImpl was not found mixins.does_it_tick.json:ClaimedChunkManagerAccessor from mod does_it_tick 
[m[32m[10:00:47.263] [main/INFO] [AllTheLeaks/]: Class dev.uncandango.alltheleaks.leaks.common.mods.supplementaries.UntrackedIssue002 will be loaded as it matches versions: 1.21-3.5.34 in [1.21-3.5.0,) 
[m[32m[10:00:47.264] [main/INFO] [AllTheLeaks/]: Class dev.uncandango.alltheleaks.leaks.common.mods.supplementaries.UntrackedIssue001 will be loaded as it matches versions: 1.21-3.5.34 in [1.21-3.1.8,) 
[m[32m[10:00:47.264] [main/INFO] [AllTheLeaks/]: Class dev.uncandango.alltheleaks.leaks.common.mods.sereneseasons.UntrackedIssue001 will be loaded as it matches versions: 10.1.0.3 in [10.1.0.1,) 
[m[32m[10:00:47.265] [main/INFO] [AllTheLeaks/]: Class dev.uncandango.alltheleaks.leaks.common.mods.neoforge.Issue1487 will be loaded as it matches versions: 21.1.228 in [21.,) 
[m[32m[10:00:47.265] [main/INFO] [AllTheLeaks/]: Mixins added to allowed list: [main.ServerPlayerMixin, main.PlayerListMixin, main.accessor.PlayerAdvancementsAccessor] 
[m[32m[10:00:47.266] [main/INFO] [AllTheLeaks/]: Class dev.uncandango.alltheleaks.leaks.common.mods.neoforge.Issue1486 will be loaded as it matches versions: 21.1.228 in [21.,) 
[m[32m[10:00:47.266] [main/INFO] [AllTheLeaks/]: Class dev.uncandango.alltheleaks.leaks.common.mods.minecraft.UntrackedIssue003 will be loaded as it matches versions: 1.21.1 in [1.21.1,1.21.1] 
[m[32m[10:00:47.267] [main/INFO] [AllTheLeaks/]: Mixins added to allowed list: [main.DebugSampleSubscriptionTrackerMixin] 
[m[32m[10:00:47.267] [main/INFO] [AllTheLeaks/]: Class dev.uncandango.alltheleaks.leaks.common.mods.minecraft.UntrackedIssue002 will be loaded as it matches versions: 1.21.1 in 1.21.1 
[m[32m[10:00:47.267] [main/INFO] [AllTheLeaks/]: Class dev.uncandango.alltheleaks.leaks.common.mods.minecraft.UntrackedIssue001 will be loaded as it matches versions: 1.21.1 in 1.21.1 
[m[32m[10:00:47.267] [main/INFO] [AllTheLeaks/]: Mixins added to allowed list: [main.EntityTickListMixin] 
[m[32m[10:00:47.268] [main/INFO] [AllTheLeaks/]: Class dev.uncandango.alltheleaks.leaks.common.mods.geckolib.UntrackedIssue001 will be loaded as it matches versions: 4.8.4 in * 
[m[32m[10:00:47.268] [main/INFO] [AllTheLeaks/]: Mixins added to allowed list: [main.SingletonGeoAnimatableMixin] 
[m[32m[10:00:47.269] [main/INFO] [AllTheLeaks/]: Class dev.uncandango.alltheleaks.leaks.common.mods.curios.Issue22 will be loaded as it matches versions: 9.5.1+1.21.1 in [9.0.6,) 
[m[32m[10:00:47.269] [main/INFO] [AllTheLeaks/]: Mixins added to allowed list: [main.CuriosEventHandlerMixin] 
[m[32m[10:00:47.269] [main/INFO] [AllTheLeaks/]: Class dev.uncandango.alltheleaks.leaks.common.mods.connectivity.UntrackedIssue001 will be loaded as it matches versions: 7.6 in [5.8,) 
[m[32m[10:00:47.270] [main/INFO] [AllTheLeaks/]: Class dev.uncandango.alltheleaks.leaks.common.mods.cclayer.UntrackedIssue001 will be loaded as it matches versions: 0.1.12 in [0.beta.6,) 
[m[32m[10:00:47.270] [main/INFO] [AllTheLeaks/]: Mixins added to allowed list: [main.DeathWrapperEventsImplMixin] 
[m[32m[10:00:47.270] [main/INFO] [AllTheLeaks/]: Class dev.uncandango.alltheleaks.leaks.common.mods.accessories_compat_layer.UntrackedIssue001 will be loaded as it matches versions: 0.1.12 in [0.1.10,) 
[m[32m[10:00:47.271] [main/INFO] [AllTheLeaks/]: Mixins added to allowed list: [main.DeathWrapperEventsImplMixin2] 
[m[32m[10:00:47.281] [main/INFO] [AllTheLeaks/]: Class dev.uncandango.alltheleaks.feature.common.mods.minecraft.SaveWithLoadedChunks will be loaded as it matches versions: 1.21.1 in 1.21.1 
[m[32m[10:00:47.282] [main/INFO] [AllTheLeaks/]: Class dev.uncandango.alltheleaks.feature.common.mods.minecraft.MemoryMonitor will be loaded as it matches versions: 1.21.1 in 1.21.1 
[m[32m[10:00:47.282] [main/INFO] [AllTheLeaks/]: Mixins added to allowed list: [main.PlayerMixin, main.ChunkAccessMixin, main.LevelMixin, main.MinecraftServerMixin] 
[m[32m[10:00:47.282] [main/INFO] [AllTheLeaks/]: Class dev.uncandango.alltheleaks.feature.common.mods.minecraft.IngredientDedupe will be loaded as it matches versions: 1.21.1 in 1.21.1 
[m[32m[10:00:47.282] [main/INFO] [AllTheLeaks/]: Mixins added to allowed list: [main.IngredientMixin, main.IngredientMixin$IngredientAccessor, main.accessor.PatchedDataComponentMapAccessor, main.IngredientLockMixin, main.ItemStackLockMixin] 
[m[32m[10:00:47.282] [main/INFO] [AllTheLeaks/]: Class dev.uncandango.alltheleaks.diag.common.mods.minecraft.LogSavedData will be loaded as it matches versions: 21.1.228 in [21.1,) 
[m[32m[10:00:47.282] [main/INFO] [AllTheLeaks/]: Mixins added to allowed list: [main.SavedDataMixin] 
[m[33m[10:00:47.299] [main/WARN] [mixin/]: Error loading class: io/wispforest/cclayer/DeathWrapperEventsImpl (java.lang.ClassNotFoundException: io.wispforest.cclayer.DeathWrapperEventsImpl) 
[m[33m[10:00:47.300] [main/WARN] [mixin/]: @Mixin target io.wispforest.cclayer.DeathWrapperEventsImpl was not found alltheleaks.mixins.json:main.DeathWrapperEventsImplMixin from mod alltheleaks 
[m[33m[10:00:47.330] [main/WARN] [mixin/]: Error loading class: betterdays/time/TimeService (java.lang.ClassNotFoundException: betterdays.time.TimeService) 
[m[33m[10:00:47.330] [main/WARN] [mixin/]: @Mixin target betterdays.time.TimeService was not found smoothmovement.mixins.json:compat.BetterDaysServer from mod smoothmovement 
[m[33m[10:00:47.433] [main/WARN] [com.recipeessentials.RecipeEssentials/]: Disabling fastItemComparison feature, due to the Owo mod's faulty implementation breaking it 
[m[32m[10:00:47.436] [main/INFO] [com.cupboard.Cupboard/]: Loaded config for: recipeessentials.json 
[m[33m[10:00:47.438] [main/WARN] [com.recipeessentials.RecipeEssentials/]: Disabling fastItemComparison feature, due to the Owo mod's faulty implementation breaking it 
[m[33m[10:00:47.438] [main/WARN] [com.recipeessentials.RecipeEssentials/]: Disabling fastItemComparison feature, due to the Owo mod's faulty implementation breaking it 
[m[33m[10:00:47.439] [main/WARN] [com.recipeessentials.RecipeEssentials/]: Disabling fastItemComparison feature, due to the Owo mod's faulty implementation breaking it 
[m[33m[10:00:47.439] [main/WARN] [com.recipeessentials.RecipeEssentials/]: Disabling fastItemComparison feature, due to the Owo mod's faulty implementation breaking it 
[m[32m[10:00:47.497] [main/INFO] [com.cupboard.Cupboard/]: Loaded config for: structureessentials.json 
[m[33m[10:00:47.677] [main/WARN] [mixin/]: Error loading class: net/minecraft/client/OptionInstance (java.lang.ClassNotFoundException: net.minecraft.client.OptionInstance) 
[m[33m[10:00:47.678] [main/WARN] [mixin/]: @Mixin target net.minecraft.client.OptionInstance was not found c2me-client-uncapvd.mixins.json:ISimpleOption from mod c2me_client_uncapvd 
[m[1;31m[10:00:47.680] [main/ERROR] [common.asm.RuntimeDistCleaner/DISTXFORM]: Attempted to load class net/minecraft/client/Options for invalid dist DEDICATED_SERVER 
[m[33m[10:00:47.681] [main/WARN] [mixin/]: Error loading class: net/minecraft/client/Options (java.lang.RuntimeException: Attempted to load class net/minecraft/client/Options for invalid dist DEDICATED_SERVER) 
[m[33m[10:00:47.681] [main/WARN] [mixin/]: @Mixin target net.minecraft.client.Options was not found c2me-client-uncapvd.mixins.json:MixinGameOptions from mod c2me_client_uncapvd 
[m[33m[10:00:47.683] [main/WARN] [mixin/]: Error loading class: me/jellysquid/mods/sodium/client/gui/SodiumGameOptionPages (java.lang.ClassNotFoundException: me.jellysquid.mods.sodium.client.gui.SodiumGameOptionPages) 
[m[33m[10:00:47.685] [main/WARN] [mixin/]: Error loading class: net/caffeinemc/sodium/config/user/UserConfigCategories (java.lang.ClassNotFoundException: net.caffeinemc.sodium.config.user.UserConfigCategories) 
[m[33m[10:00:47.687] [main/WARN] [mixin/]: Error loading class: net/caffeinemc/mods/sodium/client/gui/SodiumGameOptionPages (java.lang.ClassNotFoundException: net.caffeinemc.mods.sodium.client.gui.SodiumGameOptionPages) 
[m[33m[10:00:47.688] [main/WARN] [mixin/]: Error loading class: net/vulkanmod/config/option/Options (java.lang.ClassNotFoundException: net.vulkanmod.config.option.Options) 
[m[33m[10:00:47.739] [main/WARN] [mixin/]: Error loading class: net/minecraft/client/gui/screens/multiplayer/ServerSelectionList (java.lang.ClassNotFoundException: net.minecraft.client.gui.screens.multiplayer.ServerSelectionList) 
[m[33m[10:00:47.740] [main/WARN] [mixin/]: @Mixin target net.minecraft.client.gui.screens.multiplayer.ServerSelectionList was not found serverbrowser.mixins.json:ServerSelectionMixin from mod serverbrowser 
[m[33m[10:00:47.865] [main/WARN] [mixin/]: Error loading class: dev/emi/emi/screen/RecipeScreen (java.lang.ClassNotFoundException: dev.emi.emi.screen.RecipeScreen) 
[m[33m[10:00:47.865] [main/WARN] [mixin/]: @Mixin target dev.emi.emi.screen.RecipeScreen was not found ali.emi.mixins.json:MixinRecipeScreen from mod ali 
[m[33m[10:00:47.869] [main/WARN] [mixin/]: Error loading class: com/almostreliable/lootjs/loot/condition/CustomParamPredicate (java.lang.ClassNotFoundException: com.almostreliable.lootjs.loot.condition.CustomParamPredicate) 
[m[33m[10:00:47.870] [main/WARN] [mixin/]: @Mixin target com.almostreliable.lootjs.loot.condition.CustomParamPredicate was not found ali.lootjs.mixins.json:MixinCustomParamPredicate from mod ali 
[m[33m[10:00:47.871] [main/WARN] [mixin/]: Error loading class: com/almostreliable/lootjs/LootModificationsAPI (java.lang.ClassNotFoundException: com.almostreliable.lootjs.LootModificationsAPI) 
[m[33m[10:00:47.872] [main/WARN] [mixin/]: @Mixin target com.almostreliable.lootjs.LootModificationsAPI was not found ali.lootjs.mixins.json:MixinLootModificationsAPI from mod ali 
[m[1;31m[10:00:47.982] [main/ERROR] [common.asm.RuntimeDistCleaner/DISTXFORM]: Attempted to load class net/minecraft/client/renderer/block/BlockRenderDispatcher for invalid dist DEDICATED_SERVER 
[m[33m[10:00:47.983] [main/WARN] [mixin/]: Error loading class: net/minecraft/client/renderer/block/BlockRenderDispatcher (java.lang.RuntimeException: Attempted to load class net/minecraft/client/renderer/block/BlockRenderDispatcher for invalid dist DEDICATED_SERVER) 
[m[33m[10:00:47.983] [main/WARN] [mixin/]: @Mixin target net.minecraft.client.renderer.block.BlockRenderDispatcher was not found colorwheel.neoforge.mixins.json:mc.BlockRenderDispatcherMixin from mod colorwheel 
[m[1;31m[10:00:47.984] [main/ERROR] [common.asm.RuntimeDistCleaner/DISTXFORM]: Attempted to load class net/minecraft/client/renderer/block/ModelBlockRenderer for invalid dist DEDICATED_SERVER 
[m[33m[10:00:47.985] [main/WARN] [mixin/]: Error loading class: net/minecraft/client/renderer/block/ModelBlockRenderer (java.lang.RuntimeException: Attempted to load class net/minecraft/client/renderer/block/ModelBlockRenderer for invalid dist DEDICATED_SERVER) 
[m[33m[10:00:47.985] [main/WARN] [mixin/]: @Mixin target net.minecraft.client.renderer.block.ModelBlockRenderer was not found colorwheel.neoforge.mixins.json:mc.ModelBlockRendererMixin from mod colorwheel 
[mfound type, is TWO
[Modpack Update Checker] Loaded configuration file.
TxniLib onInitialize!
[ScalableLux] Lighting scaling is enabled in externally managed mode
No saved ChunkActivityMap found. Creating a new one!
