[24Jun2026 11:51:21.241] [main/INFO] [cpw.mods.modlauncher.Launcher/MODLAUNCHER]: ModLauncher running: args [--launchTarget, forgeserver, --fml.neoForgeVersion, 21.1.228, --fml.fmlVersion, 4.0.42, --fml.mcVersion, 1.21.1, --fml.neoFormVersion, 20240808.144430, nogui]
[24Jun2026 11:51:21.244] [main/INFO] [cpw.mods.modlauncher.Launcher/MODLAUNCHER]: JVM identified as Oracle Corporation Java HotSpot(TM) 64-Bit Server VM 21.0.8+12-LTS-jvmci-23.1-b72
[24Jun2026 11:51:21.248] [main/INFO] [cpw.mods.modlauncher.Launcher/MODLAUNCHER]: ModLauncher 11.0.5+main.901c6ea8 starting: java version 21.0.8 by Oracle Corporation; OS Linux arch aarch64 version 6.17.0-1016-oracle
[24Jun2026 11:51:21.382] [main/WARN] [net.neoforged.fml.loading.FMLConfig/]: ****************************** Found dependency overrides ******************************
[24Jun2026 11:51:21.383] [main/WARN] [net.neoforged.fml.loading.FMLConfig/]: Dependency overrides for mod 'citresewn': softening dependency constraints against 'connector'
[24Jun2026 11:51:21.384] [main/WARN] [net.neoforged.fml.loading.FMLConfig/]: ****************************************************************************************
[24Jun2026 11:51:21.841] [main/INFO] [net.neoforged.fml.loading.ImmediateWindowHandler/]: ImmediateWindowProvider not loading because launch target is forgeserver
[24Jun2026 11:51:21.858] [main/WARN] [CrashAssistantJarInJarHelper/]: launchTarget: forgeserver. Crash Assistant is client only mod. Mod will do nothing!
[24Jun2026 11:51:21.938] [main/INFO] [Missing Mods Checker/]: All mods found!
[24Jun2026 11:51:22.041] [main/INFO] [mixin/]: SpongePowered MIXIN Subsystem Version=0.8.7 Source=union:/home/ubuntu/bettermc/libraries/net/fabricmc/sponge-mixin/0.15.2+mixin.0.8.7/sponge-mixin-0.15.2+mixin.0.8.7.jar%2373!/ Service=ModLauncher Env=SERVER
[24Jun2026 11:51:22.063] [main/WARN] [net.neoforged.fml.loading.FMLConfig/]: ****************************** Found dependency overrides ******************************
[24Jun2026 11:51:22.064] [main/WARN] [net.neoforged.fml.loading.FMLConfig/]: Dependency overrides for mod 'citresewn': softening dependency constraints against 'connector'
[24Jun2026 11:51:22.065] [main/WARN] [net.neoforged.fml.loading.FMLConfig/]: ****************************************************************************************
[24Jun2026 11:51:22.379] [main/INFO] [net.neoforged.fml.loading.moddiscovery.ModDiscoverer/SCAN]: Found mod file "server-1.21.1-20240808.144430-srg.jar" [locator: production server provider +net.neoforged:neoforge:21.1.228:server]
[24Jun2026 11:51:22.408] [main/INFO] [net.neoforged.fml.loading.moddiscovery.ModDiscoverer/SCAN]: Found mod file "neoforge-21.1.228-universal.jar" [locator: PathBasedLocator[name=neoforge, paths=[libraries/net/neoforged/neoforge/21.1.228/neoforge-21.1.228-universal.jar]], reader: mod manifest]
[24Jun2026 11:51:22.414] [main/INFO] [net.neoforged.fml.loading.moddiscovery.ModDiscoverer/SCAN]: Found library file "~nonexistent" [locator: org.sinytra.connector.locator.ConnectorEarlyLocatorBootstrap@26d10f2e]
[24Jun2026 11:51:22.438] [main/INFO] [net.neoforged.fml.loading.moddiscovery.ModDiscoverer/SCAN]: Found mod file "[1.21.1-Neoforge] Hybrid Aquatic 1.5.5.jar" [locator: {mods folder locator at /home/ubuntu/bettermc/mods}, reader: mod manifest]
[24Jun2026 11:51:22.446] [main/INFO] [net.neoforged.fml.loading.moddiscovery.ModDiscoverer/SCAN]: Found mod file "abridged-2.0.1-neoforge-1.21.1.jar" [locator: {mods folder locator at /home/ubuntu/bettermc/mods}, reader: mod manifest]
[24Jun2026 11:51:22.454] [main/INFO] [net.neoforged.fml.loading.moddiscovery.ModDiscoverer/SCAN]: Found mod file "accessories-neoforge-1.1.0-beta.53+1.21.1.jar" [locator: {mods folder locator at /home/ubuntu/bettermc/mods}, reader: mod manifest]
[24Jun2026 11:51:22.507] [main/INFO] [net.neoforged.fml.loading.moddiscovery.ModDiscoverer/SCAN]: Found mod file "accessories_compat_layer-neoforge-0.1.12+1.21.1.jar" [locator: {mods folder locator at /home/ubuntu/bettermc/mods}, reader: mod manifest]
[24Jun2026 11:51:22.528] [main/INFO] [net.neoforged.fml.loading.moddiscovery.ModDiscoverer/SCAN]: Found mod file "accessorify-2.4.0-beta.5+1.21.1-neoforge.jar" [locator: {mods folder locator at /home/ubuntu/bettermc/mods}, reader: mod manifest]
[24Jun2026 11:51:22.537] [main/INFO] [net.neoforged.fml.loading.moddiscovery.ModDiscoverer/SCAN]: Found mod file "adorabuild-structures-2.11.0-neoforge-1.21.3.jar" [locator: {mods folder locator at /home/ubuntu/bettermc/mods}, reader: mod manifest]
[24Jun2026 11:51:22.555] [main/INFO] [net.neoforged.fml.loading.moddiscovery.ModDiscoverer/SCAN]: Found mod file "AdvancedLootInfo-neoforge-1.21.1-1.10.0.jar" [locator: {mods folder locator at /home/ubuntu/bettermc/mods}, reader: mod manifest]
[24Jun2026 11:51:22.563] [main/INFO] [net.neoforged.fml.loading.moddiscovery.ModDiscoverer/SCAN]: Found mod file "advancednetherite-neoforge-2.3.1-1.21.1.jar" [locator: {mods folder locator at /home/ubuntu/bettermc/mods}, reader: mod manifest]
[24Jun2026 11:51:22.571] [main/INFO] [net.neoforged.fml.loading.moddiscovery.ModDiscoverer/SCAN]: Found mod file "adventuredungeons-neoforge-1.21-1.3.1.jar" [locator: {mods folder locator at /home/ubuntu/bettermc/mods}, reader: mod manifest]
[24Jun2026 11:51:22.577] [main/INFO] [net.neoforged.fml.loading.moddiscovery.ModDiscoverer/SCAN]: Found mod file "aeroblender-1.21.1-1.0.0-neoforge.jar" [locator: {mods folder locator at /home/ubuntu/bettermc/mods}, reader: mod manifest]
[24Jun2026 11:51:22.590] [main/INFO] [net.neoforged.fml.loading.moddiscovery.ModDiscoverer/SCAN]: Found mod file "aether-1.21.1-1.5.10-neoforge.jar" [locator: {mods folder locator at /home/ubuntu/bettermc/mods}, reader: mod manifest]
[24Jun2026 11:51:22.595] [main/INFO] [net.neoforged.fml.loading.moddiscovery.ModDiscoverer/SCAN]: Found mod file "aether_enhanced_extinguishing-1.21.1-1.0.0-neoforge.jar" [locator: {mods folder locator at /home/ubuntu/bettermc/mods}, reader: mod manifest]
[24Jun2026 11:51:22.600] [main/INFO] [net.neoforged.fml.loading.moddiscovery.ModDiscoverer/SCAN]: Found mod file "aether_protect_your_moa-1.21.1-1.0.0-neoforge.jar" [locator: {mods folder locator at /home/ubuntu/bettermc/mods}, reader: mod manifest]
[24Jun2026 11:51:22.604] [main/INFO] [net.neoforged.fml.loading.moddiscovery.ModDiscoverer/SCAN]: Found mod file "aether_treasure_reforging-1.21.1-1.0.1-neoforge.jar" [locator: {mods folder locator at /home/ubuntu/bettermc/mods}, reader: mod manifest]
[24Jun2026 11:51:22.611] [main/INFO] [net.neoforged.fml.loading.moddiscovery.ModDiscoverer/SCAN]: Found mod file "AetherVillages-1.21.1-1.0.8-neoforge.jar" [locator: {mods folder locator at /home/ubuntu/bettermc/mods}, reader: mod manifest]
[24Jun2026 11:51:22.617] [main/INFO] [net.neoforged.fml.loading.moddiscovery.ModDiscoverer/SCAN]: Found mod file "alexsmobs-1.22.17.jar" [locator: {mods folder locator at /home/ubuntu/bettermc/mods}, reader: mod manifest]
[24Jun2026 11:51:22.622] [main/INFO] [net.neoforged.fml.loading.moddiscovery.ModDiscoverer/SCAN]: Found mod file "alltheleaks-1.1.8+1.21.1-neoforge.jar" [locator: {mods folder locator at /home/ubuntu/bettermc/mods}, reader: mod manifest]
[24Jun2026 11:51:22.624] [main/INFO] [net.neoforged.fml.loading.moddiscovery.ModDiscoverer/SCAN]: Found mod file "Almanac-1.21.1-2-neoforge-1.5.2.jar" [locator: {mods folder locator at /home/ubuntu/bettermc/mods}, reader: mod manifest]
[24Jun2026 11:51:22.628] [main/INFO] [net.neoforged.fml.loading.moddiscovery.ModDiscoverer/SCAN]: Found mod file "alternate_current-mc1.21-1.9.0.jar" [locator: {mods folder locator at /home/ubuntu/bettermc/mods}, reader: mod manifest]
[24Jun2026 11:51:22.633] [main/INFO] [net.neoforged.fml.loading.moddiscovery.ModDiscoverer/SCAN]: Found mod file "amendments-1.21-2.0.15-neoforge.jar" [locator: {mods folder locator at /home/ubuntu/bettermc/mods}, reader: mod manifest]
[24Jun2026 11:51:22.640] [main/INFO] [net.neoforged.fml.loading.moddiscovery.ModDiscoverer/SCAN]: Found mod file "another_furniture-neoforge-4.0.2.jar" [locator: {mods folder locator at /home/ubuntu/bettermc/mods}, reader: mod manifest]
[24Jun2026 11:51:22.648] [main/INFO] [net.neoforged.fml.loading.moddiscovery.ModDiscoverer/SCAN]: Found mod file "architectury-13.0.8-neoforge.jar" [locator: {mods folder locator at /home/ubuntu/bettermc/mods}, reader: mod manifest]
[24Jun2026 11:51:22.652] [main/INFO] [net.neoforged.fml.loading.moddiscovery.ModDiscoverer/SCAN]: Found mod file "athena-neoforge-1.21-4.0.2.jar" [locator: {mods folder locator at /home/ubuntu/bettermc/mods}, reader: mod manifest]
[24Jun2026 11:51:22.656] [main/INFO] [net.neoforged.fml.loading.moddiscovery.ModDiscoverer/SCAN]: Found mod file "AureljPaintings-1.0.5-1.21.x-neoforge.jar" [locator: {mods folder locator at /home/ubuntu/bettermc/mods}, reader: mod manifest]
[24Jun2026 11:51:22.662] [main/INFO] [net.neoforged.fml.loading.moddiscovery.ModDiscoverer/SCAN]: Found mod file "AutochefsDelight-1.21.1-NeoForge-2.0.2.jar" [locator: {mods folder locator at /home/ubuntu/bettermc/mods}, reader: mod manifest]
[24Jun2026 11:51:22.666] [main/INFO] [net.neoforged.fml.loading.moddiscovery.ModDiscoverer/SCAN]: Found mod file "azurelib-neo-1.21.1-3.1.8.jar" [locator: {mods folder locator at /home/ubuntu/bettermc/mods}, reader: mod manifest]
[24Jun2026 11:51:22.671] [main/INFO] [net.neoforged.fml.loading.moddiscovery.ModDiscoverer/SCAN]: Found mod file "backpacked-neoforge-1.21.1-3.0.0-beta.10.jar" [locator: {mods folder locator at /home/ubuntu/bettermc/mods}, reader: mod manifest]
[24Jun2026 11:51:22.676] [main/INFO] [net.neoforged.fml.loading.moddiscovery.ModDiscoverer/SCAN]: Found mod file "balm-neoforge-1.21.1-21.0.56.jar" [locator: {mods folder locator at /home/ubuntu/bettermc/mods}, reader: mod manifest]
[24Jun2026 11:51:22.679] [main/INFO] [net.neoforged.fml.loading.moddiscovery.ModDiscoverer/SCAN]: Found mod file "BarteringStation-v21.1.0-1.21.1-NeoForge.jar" [locator: {mods folder locator at /home/ubuntu/bettermc/mods}, reader: mod manifest]
[24Jun2026 11:51:22.685] [main/INFO] [net.neoforged.fml.loading.moddiscovery.ModDiscoverer/SCAN]: Found mod file "bedrockoid-0.1.5.jar" [locator: {mods folder locator at /home/ubuntu/bettermc/mods}, reader: mod manifest]
[24Jun2026 11:51:22.689] [main/INFO] [net.neoforged.fml.loading.moddiscovery.ModDiscoverer/SCAN]: Found mod file "better-compatability-checker-neoforge-21.1.8.jar" [locator: {mods folder locator at /home/ubuntu/bettermc/mods}, reader: mod manifest]
[24Jun2026 11:51:22.697] [main/INFO] [net.neoforged.fml.loading.moddiscovery.ModDiscoverer/SCAN]: Found mod file "betterworldloadingnf21-1.0.jar" [locator: {mods folder locator at /home/ubuntu/bettermc/mods}, reader: mod manifest]
[24Jun2026 11:51:22.700] [main/INFO] [net.neoforged.fml.loading.moddiscovery.ModDiscoverer/SCAN]: Found mod file "BHMenu-NeoForge-1.21-2.4.4.jar" [locator: {mods folder locator at /home/ubuntu/bettermc/mods}, reader: mod manifest]
[24Jun2026 11:51:22.704] [main/INFO] [net.neoforged.fml.loading.moddiscovery.ModDiscoverer/SCAN]: Found mod file "biomemusic-1.21-3.5.jar" [locator: {mods folder locator at /home/ubuntu/bettermc/mods}, reader: mod manifest]
[24Jun2026 11:51:22.708] [main/INFO] [net.neoforged.fml.loading.moddiscovery.ModDiscoverer/SCAN]: Found mod file "blended-compat-1.1.2.jar" [locator: {mods folder locator at /home/ubuntu/bettermc/mods}, reader: mod manifest]
[24Jun2026 11:51:22.711] [main/INFO] [net.neoforged.fml.loading.moddiscovery.ModDiscoverer/SCAN]: Found mod file "bmcpalegardenpatcher-0.3.0.jar" [locator: {mods folder locator at /home/ubuntu/bettermc/mods}, reader: mod manifest]
[24Jun2026 11:51:22.715] [main/INFO] [net.neoforged.fml.loading.moddiscovery.ModDiscoverer/SCAN]: Found mod file "boatiview-neoforge-0.0.6-1.21.1.jar" [locator: {mods folder locator at /home/ubuntu/bettermc/mods}, reader: mod manifest]
[24Jun2026 11:51:22.720] [main/INFO] [net.neoforged.fml.loading.moddiscovery.ModDiscoverer/SCAN]: Found mod file "bookshelf-neoforge-1.21.1-21.1.81.jar" [locator: {mods folder locator at /home/ubuntu/bettermc/mods}, reader: mod manifest]
[24Jun2026 11:51:22.724] [main/INFO] [net.neoforged.fml.loading.moddiscovery.ModDiscoverer/SCAN]: Found mod file "c2me-neoforge-mc1.21.1-0.3.0+alpha.0.91.jar" [locator: {mods folder locator at /home/ubuntu/bettermc/mods}, reader: mod manifest]
[24Jun2026 11:51:22.728] [main/INFO] [net.neoforged.fml.loading.moddiscovery.ModDiscoverer/SCAN]: Found mod file "caelus-neoforge-7.0.1+1.21.1.jar" [locator: {mods folder locator at /home/ubuntu/bettermc/mods}, reader: mod manifest]
[24Jun2026 11:51:22.732] [main/INFO] [net.neoforged.fml.loading.moddiscovery.ModDiscoverer/SCAN]: Found mod file "carryon-neoforge-1.21.1-2.2.4.4.jar" [locator: {mods folder locator at /home/ubuntu/bettermc/mods}, reader: mod manifest]
[24Jun2026 11:51:22.735] [main/INFO] [net.neoforged.fml.loading.moddiscovery.ModDiscoverer/SCAN]: Found mod file "cataclysmfortresses-1.21.1-NeoForge.jar" [locator: {mods folder locator at /home/ubuntu/bettermc/mods}, reader: mod manifest]
[24Jun2026 11:51:22.741] [main/INFO] [net.neoforged.fml.loading.moddiscovery.ModDiscoverer/SCAN]: Found mod file "cerulean-neoforge-1.0.0-1.21.1.jar" [locator: {mods folder locator at /home/ubuntu/bettermc/mods}, reader: mod manifest]
[24Jun2026 11:51:22.765] [main/INFO] [net.neoforged.fml.loading.moddiscovery.ModDiscoverer/SCAN]: Found mod file "chipped-neoforge-1.21.1-4.0.2.jar" [locator: {mods folder locator at /home/ubuntu/bettermc/mods}, reader: mod manifest]
[24Jun2026 11:51:22.768] [main/INFO] [net.neoforged.fml.loading.moddiscovery.ModDiscoverer/SCAN]: Found mod file "chunkactivitytracker-neoforge-1.0.1-1.21.1.jar" [locator: {mods folder locator at /home/ubuntu/bettermc/mods}, reader: mod manifest]
[24Jun2026 11:51:22.774] [main/INFO] [net.neoforged.fml.loading.moddiscovery.ModDiscoverer/SCAN]: Found mod file "chunksending-1.21-2.9.jar" [locator: {mods folder locator at /home/ubuntu/bettermc/mods}, reader: mod manifest]
[24Jun2026 11:51:22.777] [main/INFO] [net.neoforged.fml.loading.moddiscovery.ModDiscoverer/SCAN]: Found mod file "Chunky-1.21.1.jar" [locator: {mods folder locator at /home/ubuntu/bettermc/mods}, reader: mod manifest]
[24Jun2026 11:51:22.781] [main/INFO] [net.neoforged.fml.loading.moddiscovery.ModDiscoverer/SCAN]: Found mod file "citadel-1.21.1-2.7.6.jar" [locator: {mods folder locator at /home/ubuntu/bettermc/mods}, reader: mod manifest]
[24Jun2026 11:51:22.786] [main/INFO] [net.neoforged.fml.loading.moddiscovery.ModDiscoverer/SCAN]: Found mod file "citresewn-neoforge-1.21.1-0.jar" [locator: {mods folder locator at /home/ubuntu/bettermc/mods}, reader: mod manifest]
[24Jun2026 11:51:22.789] [main/INFO] [net.neoforged.fml.loading.moddiscovery.ModDiscoverer/SCAN]: Found mod file "clientcrafting-1.21-2.1.jar" [locator: {mods folder locator at /home/ubuntu/bettermc/mods}, reader: mod manifest]
[24Jun2026 11:51:22.792] [main/INFO] [net.neoforged.fml.loading.moddiscovery.ModDiscoverer/SCAN]: Found mod file "clientsort-neoforge-2.2.1+1.21.1.jar" [locator: {mods folder locator at /home/ubuntu/bettermc/mods}, reader: mod manifest]
[24Jun2026 11:51:22.797] [main/INFO] [net.neoforged.fml.loading.moddiscovery.ModDiscoverer/SCAN]: Found mod file "ClimateRivers-v21.1.3-1.21.1-NeoForge.jar" [locator: {mods folder locator at /home/ubuntu/bettermc/mods}, reader: mod manifest]
[24Jun2026 11:51:22.799] [main/INFO] [net.neoforged.fml.loading.moddiscovery.ModDiscoverer/SCAN]: Found mod file "cloth-config-15.0.140-neoforge.jar" [locator: {mods folder locator at /home/ubuntu/bettermc/mods}, reader: mod manifest]
[24Jun2026 11:51:22.802] [main/INFO] [net.neoforged.fml.loading.moddiscovery.ModDiscoverer/SCAN]: Found mod file "Clumps-neoforge-1.21.1-19.0.0.1.jar" [locator: {mods folder locator at /home/ubuntu/bettermc/mods}, reader: mod manifest]
[24Jun2026 11:51:22.805] [main/INFO] [net.neoforged.fml.loading.moddiscovery.ModDiscoverer/SCAN]: Found mod file "collective-1.21.1-8.20.jar" [locator: {mods folder locator at /home/ubuntu/bettermc/mods}, reader: mod manifest]
[24Jun2026 11:51:22.808] [main/INFO] [net.neoforged.fml.loading.moddiscovery.ModDiscoverer/SCAN]: Found mod file "colorwheel-neoforge-1.2.4+mc1.21.1.jar" [locator: {mods folder locator at /home/ubuntu/bettermc/mods}, reader: mod manifest]
[24Jun2026 11:51:22.810] [main/INFO] [net.neoforged.fml.loading.moddiscovery.ModDiscoverer/SCAN]: Found mod file "comforts-neoforge-9.0.5+1.21.1.jar" [locator: {mods folder locator at /home/ubuntu/bettermc/mods}, reader: mod manifest]
[24Jun2026 11:51:22.813] [main/INFO] [net.neoforged.fml.loading.moddiscovery.ModDiscoverer/SCAN]: Found mod file "configurable-3.5.1+1.21.1-neoforge.jar" [locator: {mods folder locator at /home/ubuntu/bettermc/mods}, reader: mod manifest]
[24Jun2026 11:51:22.817] [main/INFO] [net.neoforged.fml.loading.moddiscovery.ModDiscoverer/SCAN]: Found library file "ConfiguredDefaults-v21.1.3-1.21.1-NeoForge.jar" [locator: {mods folder locator at /home/ubuntu/bettermc/mods}, reader: mod manifest]
[24Jun2026 11:51:22.821] [main/INFO] [net.neoforged.fml.loading.moddiscovery.ModDiscoverer/SCAN]: Found mod file "connectivity-1.21.1-7.6.jar" [locator: {mods folder locator at /home/ubuntu/bettermc/mods}, reader: mod manifest]
[24Jun2026 11:51:22.824] [main/INFO] [net.neoforged.fml.loading.moddiscovery.ModDiscoverer/SCAN]: Found mod file "ConnectorExtras-1.12.1+1.21.1.jar" [locator: {mods folder locator at /home/ubuntu/bettermc/mods}, reader: mod manifest]
[24Jun2026 11:51:22.828] [main/INFO] [net.neoforged.fml.loading.moddiscovery.ModDiscoverer/SCAN]: Found mod file "continuity-3.0.0+1.21.neoforge.jar" [locator: {mods folder locator at /home/ubuntu/bettermc/mods}, reader: mod manifest]
[24Jun2026 11:51:22.832] [main/INFO] [net.neoforged.fml.loading.moddiscovery.ModDiscoverer/SCAN]: Found mod file "ConvenientEffects-v21.1.4-1.21.1-NeoForge.jar" [locator: {mods folder locator at /home/ubuntu/bettermc/mods}, reader: mod manifest]
[24Jun2026 11:51:22.835] [main/INFO] [net.neoforged.fml.loading.moddiscovery.ModDiscoverer/SCAN]: Found mod file "Corgilib-NeoForge-1.21.1-5.0.0.9.jar" [locator: {mods folder locator at /home/ubuntu/bettermc/mods}, reader: mod manifest]
[24Jun2026 11:51:22.839] [main/INFO] [net.neoforged.fml.loading.moddiscovery.ModDiscoverer/SCAN]: Found mod file "coroutil-neoforge-1.21.0-1.3.9.jar" [locator: {mods folder locator at /home/ubuntu/bettermc/mods}, reader: mod manifest]
[24Jun2026 11:51:22.844] [main/INFO] [net.neoforged.fml.loading.moddiscovery.ModDiscoverer/SCAN]: Found mod file "cristellib-neoforge-1.21.1-3.0.3.jar" [locator: {mods folder locator at /home/ubuntu/bettermc/mods}, reader: mod manifest]
[24Jun2026 11:51:22.848] [main/INFO] [net.neoforged.fml.loading.moddiscovery.ModDiscoverer/SCAN]: Found mod file "cupboard-1.21-3.5.jar" [locator: {mods folder locator at /home/ubuntu/bettermc/mods}, reader: mod manifest]
[24Jun2026 11:51:22.851] [main/INFO] [net.neoforged.fml.loading.moddiscovery.ModDiscoverer/SCAN]: Found mod file "curios-neoforge-9.5.1+1.21.1.jar" [locator: {mods folder locator at /home/ubuntu/bettermc/mods}, reader: mod manifest]
[24Jun2026 11:51:22.854] [main/INFO] [net.neoforged.fml.loading.moddiscovery.ModDiscoverer/SCAN]: Found mod file "CutThrough-v21.1.0-1.21.1-NeoForge.jar" [locator: {mods folder locator at /home/ubuntu/bettermc/mods}, reader: mod manifest]
[24Jun2026 11:51:22.860] [main/INFO] [net.neoforged.fml.loading.moddiscovery.ModDiscoverer/SCAN]: Found mod file "deep_aether-1.21.1-1.1.5.1.jar" [locator: {mods folder locator at /home/ubuntu/bettermc/mods}, reader: mod manifest]
[24Jun2026 11:51:22.864] [main/INFO] [net.neoforged.fml.loading.moddiscovery.ModDiscoverer/SCAN]: Found mod file "deeperdarker-neoforge-1.21.1-1.4.jar" [locator: {mods folder locator at /home/ubuntu/bettermc/mods}, reader: mod manifest]
[24Jun2026 11:51:22.866] [main/INFO] [net.neoforged.fml.loading.moddiscovery.ModDiscoverer/SCAN]: Found mod file "despawntweaks-neoforge-1.0.0-1.21.1.jar" [locator: {mods folder locator at /home/ubuntu/bettermc/mods}, reader: mod manifest]
[24Jun2026 11:51:22.869] [main/INFO] [net.neoforged.fml.loading.moddiscovery.ModDiscoverer/SCAN]: Found mod file "DiagonalFences-v21.1.1-1.21.1-NeoForge.jar" [locator: {mods folder locator at /home/ubuntu/bettermc/mods}, reader: mod manifest]
[24Jun2026 11:51:22.873] [main/INFO] [net.neoforged.fml.loading.moddiscovery.ModDiscoverer/SCAN]: Found mod file "DiagonalWalls-v21.1.2-1.21.1-NeoForge.jar" [locator: {mods folder locator at /home/ubuntu/bettermc/mods}, reader: mod manifest]
[24Jun2026 11:51:22.874] [main/INFO] [net.neoforged.fml.loading.moddiscovery.ModDiscoverer/SCAN]: Found mod file "disconnect-packet-fix-neoforge-2.0.1.jar" [locator: {mods folder locator at /home/ubuntu/bettermc/mods}, reader: mod manifest]
[24Jun2026 11:51:22.878] [main/INFO] [net.neoforged.fml.loading.moddiscovery.ModDiscoverer/SCAN]: Found mod file "DnT-ancient-city-overhaul-v2 [NeoForge].jar" [locator: {mods folder locator at /home/ubuntu/bettermc/mods}, reader: mod manifest]
[24Jun2026 11:51:22.879] [main/INFO] [net.neoforged.fml.loading.moddiscovery.ModDiscoverer/SCAN]: Found mod file "DnT-swamp-hut-overhaul-v2 [NeoForge].jar" [locator: {mods folder locator at /home/ubuntu/bettermc/mods}, reader: mod manifest]
[24Jun2026 11:51:22.881] [main/INFO] [net.neoforged.fml.loading.moddiscovery.ModDiscoverer/SCAN]: Found mod file "DnT-woodland-mansion-replacement-v1.2 [NeoForge].jar" [locator: {mods folder locator at /home/ubuntu/bettermc/mods}, reader: mod manifest]
[24Jun2026 11:51:22.886] [main/INFO] [net.neoforged.fml.loading.moddiscovery.ModDiscoverer/SCAN]: Found mod file "does_it_tick-neoforge-1.1.4-1.21.1.jar" [locator: {mods folder locator at /home/ubuntu/bettermc/mods}, reader: mod manifest]
[24Jun2026 11:51:22.892] [main/INFO] [net.neoforged.fml.loading.moddiscovery.ModDiscoverer/SCAN]: Found mod file "dolphin_fix-1.1.1-1.21.jar" [locator: {mods folder locator at /home/ubuntu/bettermc/mods}, reader: mod manifest]
[24Jun2026 11:51:22.896] [main/INFO] [net.neoforged.fml.loading.moddiscovery.ModDiscoverer/SCAN]: Found mod file "doubledoors-1.21.1-7.2.jar" [locator: {mods folder locator at /home/ubuntu/bettermc/mods}, reader: mod manifest]
[24Jun2026 11:51:22.900] [main/INFO] [net.neoforged.fml.loading.moddiscovery.ModDiscoverer/SCAN]: Found mod file "Dragon Mounts Remastered-1.21.1-1.9.2.jar" [locator: {mods folder locator at /home/ubuntu/bettermc/mods}, reader: mod manifest]
[24Jun2026 11:51:22.902] [main/INFO] [net.neoforged.fml.loading.moddiscovery.ModDiscoverer/SCAN]: Found mod file "dragonloot-1.1.15-1.21.1-neoforge.jar" [locator: {mods folder locator at /home/ubuntu/bettermc/mods}, reader: mod manifest]
[24Jun2026 11:51:22.906] [main/INFO] [net.neoforged.fml.loading.moddiscovery.ModDiscoverer/SCAN]: Found mod file "dummmmmmy-1.21-2.0.12-neoforge.jar" [locator: {mods folder locator at /home/ubuntu/bettermc/mods}, reader: mod manifest]
[24Jun2026 11:51:22.908] [main/INFO] [net.neoforged.fml.loading.moddiscovery.ModDiscoverer/SCAN]: Found mod file "DungeonsArise-1.21.1-2.1.68-release.jar" [locator: {mods folder locator at /home/ubuntu/bettermc/mods}, reader: mod manifest]
[24Jun2026 11:51:22.910] [main/INFO] [net.neoforged.fml.loading.moddiscovery.ModDiscoverer/SCAN]: Found mod file "DyedFlames-v21.1.1-1.21.1-NeoForge.jar" [locator: {mods folder locator at /home/ubuntu/bettermc/mods}, reader: mod manifest]
[24Jun2026 11:51:22.912] [main/INFO] [net.neoforged.fml.loading.moddiscovery.ModDiscoverer/SCAN]: Found mod file "earlybedtime-neoforge-1.0.0-1.21.1.jar" [locator: {mods folder locator at /home/ubuntu/bettermc/mods}, reader: mod manifest]
[24Jun2026 11:51:22.914] [main/INFO] [net.neoforged.fml.loading.moddiscovery.ModDiscoverer/SCAN]: Found mod file "EasyAnvils-v21.1.0-1.21.1-NeoForge.jar" [locator: {mods folder locator at /home/ubuntu/bettermc/mods}, reader: mod manifest]
[24Jun2026 11:51:22.917] [main/INFO] [net.neoforged.fml.loading.moddiscovery.ModDiscoverer/SCAN]: Found mod file "easydisenchanting-neoforge-1.0.1-1.21.1.jar" [locator: {mods folder locator at /home/ubuntu/bettermc/mods}, reader: mod manifest]
[24Jun2026 11:51:22.920] [main/INFO] [net.neoforged.fml.loading.moddiscovery.ModDiscoverer/SCAN]: Found mod file "EasyMagic-v21.1.4-1.21.1-NeoForge.jar" [locator: {mods folder locator at /home/ubuntu/bettermc/mods}, reader: mod manifest]
[24Jun2026 11:51:22.923] [main/INFO] [net.neoforged.fml.loading.moddiscovery.ModDiscoverer/SCAN]: Found mod file "enchdesc-neoforge-1.21.1-21.1.9.jar" [locator: {mods folder locator at /home/ubuntu/bettermc/mods}, reader: mod manifest]
[24Jun2026 11:51:22.925] [main/INFO] [net.neoforged.fml.loading.moddiscovery.ModDiscoverer/SCAN]: Found mod file "endersdelight-1.2.0-1.21.1.jar" [locator: {mods folder locator at /home/ubuntu/bettermc/mods}, reader: mod manifest]
[24Jun2026 11:51:22.927] [main/INFO] [net.neoforged.fml.loading.moddiscovery.ModDiscoverer/SCAN]: Found mod file "EpheroLib-1.21.1-NEO-FORGE-1.2.0.jar" [locator: {mods folder locator at /home/ubuntu/bettermc/mods}, reader: mod manifest]
[24Jun2026 11:51:22.929] [main/INFO] [net.neoforged.fml.loading.moddiscovery.ModDiscoverer/SCAN]: Found mod file "EternalNether-v21.1.3-1.21.1-NeoForge.jar" [locator: {mods folder locator at /home/ubuntu/bettermc/mods}, reader: mod manifest]
[24Jun2026 11:51:22.931] [main/INFO] [net.neoforged.fml.loading.moddiscovery.ModDiscoverer/SCAN]: Found mod file "explorations-neoforge-1.21.1-1.6.2.jar" [locator: {mods folder locator at /home/ubuntu/bettermc/mods}, reader: mod manifest]
[24Jun2026 11:51:22.934] [main/INFO] [net.neoforged.fml.loading.moddiscovery.ModDiscoverer/SCAN]: Found mod file "Explorify v1.6.4 f15-88.mod.jar" [locator: {mods folder locator at /home/ubuntu/bettermc/mods}, reader: mod manifest]
[24Jun2026 11:51:22.937] [main/INFO] [net.neoforged.fml.loading.moddiscovery.ModDiscoverer/SCAN]: Found mod file "FallingTree-1.21.1-1.21.1.11.jar" [locator: {mods folder locator at /home/ubuntu/bettermc/mods}, reader: mod manifest]
[24Jun2026 11:51:22.939] [main/INFO] [net.neoforged.fml.loading.moddiscovery.ModDiscoverer/SCAN]: Found mod file "farmers-cutting-oh-the-biomes-weve-gone-1.21.1-2.1-neoforge.jar" [locator: {mods folder locator at /home/ubuntu/bettermc/mods}, reader: mod manifest]
[24Jun2026 11:51:22.944] [main/INFO] [net.neoforged.fml.loading.moddiscovery.ModDiscoverer/SCAN]: Found mod file "FarmersDelight-1.21.1-1.3.1.jar" [locator: {mods folder locator at /home/ubuntu/bettermc/mods}, reader: mod manifest]
[24Jun2026 11:51:22.946] [main/INFO] [net.neoforged.fml.loading.moddiscovery.ModDiscoverer/SCAN]: Found mod file "FarmersStructures-1.0.2-1.21.1_neoforge.jar" [locator: {mods folder locator at /home/ubuntu/bettermc/mods}, reader: mod manifest]
[24Jun2026 11:51:22.950] [main/INFO] [net.neoforged.fml.loading.moddiscovery.ModDiscoverer/SCAN]: Found mod file "fastasyncworldsave-1.21-2.6.jar" [locator: {mods folder locator at /home/ubuntu/bettermc/mods}, reader: mod manifest]
[24Jun2026 11:51:22.955] [main/INFO] [net.neoforged.fml.loading.moddiscovery.ModDiscoverer/SCAN]: Found mod file "FastItemFrames-v21.1.6-1.21.1-NeoForge.jar" [locator: {mods folder locator at /home/ubuntu/bettermc/mods}, reader: mod manifest]
[24Jun2026 11:51:22.959] [main/INFO] [net.neoforged.fml.loading.moddiscovery.ModDiscoverer/SCAN]: Found mod file "fastpaintings-1.21-1.3.0-neoforge.jar" [locator: {mods folder locator at /home/ubuntu/bettermc/mods}, reader: mod manifest]
[24Jun2026 11:51:22.970] [main/INFO] [net.neoforged.fml.loading.moddiscovery.ModDiscoverer/SCAN]: Found mod file "ferritecore-7.0.3-neoforge.jar" [locator: {mods folder locator at /home/ubuntu/bettermc/mods}, reader: mod manifest]
[24Jun2026 11:51:22.972] [main/INFO] [net.neoforged.fml.loading.moddiscovery.ModDiscoverer/SCAN]: Found mod file "ForgeConfigAPIPort-v21.1.6-1.21.1-NeoForge.jar" [locator: {mods folder locator at /home/ubuntu/bettermc/mods}, reader: mod manifest]
[24Jun2026 11:51:22.975] [main/INFO] [net.neoforged.fml.loading.moddiscovery.ModDiscoverer/SCAN]: Found mod file "forgified-fabric-api-0.116.7+2.2.4+1.21.1.jar" [locator: {mods folder locator at /home/ubuntu/bettermc/mods}, reader: mod manifest]
[24Jun2026 11:51:22.978] [main/INFO] [net.neoforged.fml.loading.moddiscovery.ModDiscoverer/SCAN]: Found mod file "formations-1.0.4-neoforge-mc1.21.jar" [locator: {mods folder locator at /home/ubuntu/bettermc/mods}, reader: mod manifest]
[24Jun2026 11:51:22.980] [main/INFO] [net.neoforged.fml.loading.moddiscovery.ModDiscoverer/SCAN]: Found mod file "formationsnether-1.0.5-mc1.21+.jar" [locator: {mods folder locator at /home/ubuntu/bettermc/mods}, reader: mod manifest]
[24Jun2026 11:51:22.982] [main/INFO] [net.neoforged.fml.loading.moddiscovery.ModDiscoverer/SCAN]: Found mod file "formationsoverworld-1.0.5-mc1.21+.jar" [locator: {mods folder locator at /home/ubuntu/bettermc/mods}, reader: mod manifest]
[24Jun2026 11:51:22.984] [main/INFO] [net.neoforged.fml.loading.moddiscovery.ModDiscoverer/SCAN]: Found mod file "framework-neoforge-1.21.1-0.13.11.jar" [locator: {mods folder locator at /home/ubuntu/bettermc/mods}, reader: mod manifest]
[24Jun2026 11:51:22.987] [main/INFO] [net.neoforged.fml.loading.moddiscovery.ModDiscoverer/SCAN]: Found mod file "friendsandfoes-neoforge-4.0.25+mc1.21.1.jar" [locator: {mods folder locator at /home/ubuntu/bettermc/mods}, reader: mod manifest]
[24Jun2026 11:51:22.989] [main/INFO] [net.neoforged.fml.loading.moddiscovery.ModDiscoverer/SCAN]: Found mod file "ftb-filter-system-neoforge-21.1.4.jar" [locator: {mods folder locator at /home/ubuntu/bettermc/mods}, reader: mod manifest]
[24Jun2026 11:51:22.992] [main/INFO] [net.neoforged.fml.loading.moddiscovery.ModDiscoverer/SCAN]: Found mod file "ftb-library-neoforge-2101.1.31.jar" [locator: {mods folder locator at /home/ubuntu/bettermc/mods}, reader: mod manifest]
[24Jun2026 11:51:22.995] [main/INFO] [net.neoforged.fml.loading.moddiscovery.ModDiscoverer/SCAN]: Found mod file "ftb-quests-neoforge-2101.1.24.jar" [locator: {mods folder locator at /home/ubuntu/bettermc/mods}, reader: mod manifest]
[24Jun2026 11:51:22.997] [main/INFO] [net.neoforged.fml.loading.moddiscovery.ModDiscoverer/SCAN]: Found mod file "ftb-teams-neoforge-2101.1.10.jar" [locator: {mods folder locator at /home/ubuntu/bettermc/mods}, reader: mod manifest]
[24Jun2026 11:51:23.000] [main/INFO] [net.neoforged.fml.loading.moddiscovery.ModDiscoverer/SCAN]: Found mod file "ftb-xmod-compat-neoforge-21.1.8.jar" [locator: {mods folder locator at /home/ubuntu/bettermc/mods}, reader: mod manifest]
[24Jun2026 11:51:23.003] [main/INFO] [net.neoforged.fml.loading.moddiscovery.ModDiscoverer/SCAN]: Found mod file "fzzy_config-0.7.6+1.21+neoforge.jar" [locator: {mods folder locator at /home/ubuntu/bettermc/mods}, reader: mod manifest]
[24Jun2026 11:51:23.005] [main/INFO] [net.neoforged.fml.loading.moddiscovery.ModDiscoverer/SCAN]: Found mod file "gardens-of-the-dead-neoforge-5.0.2.jar" [locator: {mods folder locator at /home/ubuntu/bettermc/mods}, reader: mod manifest]
[24Jun2026 11:51:23.007] [main/INFO] [net.neoforged.fml.loading.moddiscovery.ModDiscoverer/SCAN]: Found mod file "geckolib-neoforge-1.21.1-4.8.4.jar" [locator: {mods folder locator at /home/ubuntu/bettermc/mods}, reader: mod manifest]
[24Jun2026 11:51:23.009] [main/INFO] [net.neoforged.fml.loading.moddiscovery.ModDiscoverer/SCAN]: Found mod file "Geophilic v3.4.6.mod.jar" [locator: {mods folder locator at /home/ubuntu/bettermc/mods}, reader: mod manifest]
[24Jun2026 11:51:23.011] [main/INFO] [net.neoforged.fml.loading.moddiscovery.ModDiscoverer/SCAN]: Found mod file "GeophilicBackported-v1.3.2 1.21.1.jar" [locator: {mods folder locator at /home/ubuntu/bettermc/mods}, reader: mod manifest]
[24Jun2026 11:51:23.013] [main/INFO] [net.neoforged.fml.loading.moddiscovery.ModDiscoverer/SCAN]: Found mod file "GlitchCore-neoforge-1.21.1-2.1.0.0.jar" [locator: {mods folder locator at /home/ubuntu/bettermc/mods}, reader: mod manifest]
[24Jun2026 11:51:23.015] [main/INFO] [net.neoforged.fml.loading.moddiscovery.ModDiscoverer/SCAN]: Found mod file "glow_up-neoforge-1.2.1-1.21-1.21.1-neoforge.jar" [locator: {mods folder locator at /home/ubuntu/bettermc/mods}, reader: mod manifest]
[24Jun2026 11:51:23.018] [main/INFO] [net.neoforged.fml.loading.moddiscovery.ModDiscoverer/SCAN]: Found mod file "goblintraders-neoforge-1.21.1-1.11.2.jar" [locator: {mods folder locator at /home/ubuntu/bettermc/mods}, reader: mod manifest]
[24Jun2026 11:51:23.020] [main/INFO] [net.neoforged.fml.loading.moddiscovery.ModDiscoverer/SCAN]: Found mod file "golem_spawn_fix-1.0.2-neoforge-1.21.1.jar" [locator: {mods folder locator at /home/ubuntu/bettermc/mods}, reader: mod manifest]
[24Jun2026 11:51:23.029] [main/INFO] [net.neoforged.fml.loading.moddiscovery.ModDiscoverer/SCAN]: Found mod file "handcrafted-neoforge-1.21.1-4.0.3.jar" [locator: {mods folder locator at /home/ubuntu/bettermc/mods}, reader: mod manifest]
[24Jun2026 11:51:23.033] [main/INFO] [net.neoforged.fml.loading.moddiscovery.ModDiscoverer/SCAN]: Found mod file "Hearths v1.0.5.mod.jar" [locator: {mods folder locator at /home/ubuntu/bettermc/mods}, reader: mod manifest]
[24Jun2026 11:51:23.036] [main/INFO] [net.neoforged.fml.loading.moddiscovery.ModDiscoverer/SCAN]: Found mod file "HellishTrials-neoforge-1.0.5.jar" [locator: {mods folder locator at /home/ubuntu/bettermc/mods}, reader: mod manifest]
[24Jun2026 11:51:23.039] [main/INFO] [net.neoforged.fml.loading.moddiscovery.ModDiscoverer/SCAN]: Found mod file "Highlighter-1.21-neoforge-1.1.11.jar" [locator: {mods folder locator at /home/ubuntu/bettermc/mods}, reader: mod manifest]
[24Jun2026 11:51:23.041] [main/INFO] [net.neoforged.fml.loading.moddiscovery.ModDiscoverer/SCAN]: Found mod file "horse-breeding-fix-neoforge-1.21.x-1.1.1.jar" [locator: {mods folder locator at /home/ubuntu/bettermc/mods}, reader: mod manifest]
[24Jun2026 11:51:23.042] [main/INFO] [net.neoforged.fml.loading.moddiscovery.ModDiscoverer/SCAN]: Found mod file "Iceberg-1.21.1-neoforge-1.3.2.jar" [locator: {mods folder locator at /home/ubuntu/bettermc/mods}, reader: mod manifest]
[24Jun2026 11:51:23.045] [main/INFO] [net.neoforged.fml.loading.moddiscovery.ModDiscoverer/SCAN]: Found mod file "IllagerInvasion-v21.1.6-1.21.1-NeoForge.jar" [locator: {mods folder locator at /home/ubuntu/bettermc/mods}, reader: mod manifest]
[24Jun2026 11:51:23.047] [main/INFO] [net.neoforged.fml.loading.moddiscovery.ModDiscoverer/SCAN]: Found mod file "immersivearmorhud-neoforge-1.0.1-1.21.1.jar" [locator: {mods folder locator at /home/ubuntu/bettermc/mods}, reader: mod manifest]
[24Jun2026 11:51:23.049] [main/INFO] [net.neoforged.fml.loading.moddiscovery.ModDiscoverer/SCAN]: Found mod file "immersivelanterns-neoforge-1.0.6-1.21.1.jar" [locator: {mods folder locator at /home/ubuntu/bettermc/mods}, reader: mod manifest]
[24Jun2026 11:51:23.050] [main/INFO] [net.neoforged.fml.loading.moddiscovery.ModDiscoverer/SCAN]: Found mod file "immersivemessages-neoforge-1.0.18-1.21.1.jar" [locator: {mods folder locator at /home/ubuntu/bettermc/mods}, reader: mod manifest]
[24Jun2026 11:51:23.052] [main/INFO] [net.neoforged.fml.loading.moddiscovery.ModDiscoverer/SCAN]: Found mod file "immersivetips-neoforge-1.0.2-1.21.1.jar" [locator: {mods folder locator at /home/ubuntu/bettermc/mods}, reader: mod manifest]
[24Jun2026 11:51:23.053] [main/INFO] [net.neoforged.fml.loading.moddiscovery.ModDiscoverer/SCAN]: Found mod file "improved-village-placement-1.1.2.jar" [locator: {mods folder locator at /home/ubuntu/bettermc/mods}, reader: mod manifest]
[24Jun2026 11:51:23.055] [main/INFO] [net.neoforged.fml.loading.moddiscovery.ModDiscoverer/SCAN]: Found mod file "inmis-2.8.1-2.9.3-1.21.1.jar" [locator: {mods folder locator at /home/ubuntu/bettermc/mods}, reader: mod manifest]
[24Jun2026 11:51:23.060] [main/INFO] [net.neoforged.fml.loading.moddiscovery.ModDiscoverer/SCAN]: Found mod file "iris-neoforge-1.8.12+mc1.21.1.jar" [locator: {mods folder locator at /home/ubuntu/bettermc/mods}, reader: mod manifest]
[24Jun2026 11:51:23.062] [main/INFO] [net.neoforged.fml.loading.moddiscovery.ModDiscoverer/SCAN]: Found mod file "Jade-1.21.1-NeoForge-15.10.5.jar" [locator: {mods folder locator at /home/ubuntu/bettermc/mods}, reader: mod manifest]
[24Jun2026 11:51:23.064] [main/INFO] [net.neoforged.fml.loading.moddiscovery.ModDiscoverer/SCAN]: Found mod file "JadeAddons-1.21.1-NeoForge-6.1.0.jar" [locator: {mods folder locator at /home/ubuntu/bettermc/mods}, reader: mod manifest]
[24Jun2026 11:51:23.066] [main/INFO] [net.neoforged.fml.loading.moddiscovery.ModDiscoverer/SCAN]: Found mod file "jamlib-neoforge-1.3.6+1.21.1.jar" [locator: {mods folder locator at /home/ubuntu/bettermc/mods}, reader: mod manifest]
[24Jun2026 11:51:23.070] [main/INFO] [net.neoforged.fml.loading.moddiscovery.ModDiscoverer/SCAN]: Found mod file "jei-1.21.1-neoforge-19.27.0.340.jar" [locator: {mods folder locator at /home/ubuntu/bettermc/mods}, reader: mod manifest]
[24Jun2026 11:51:23.071] [main/INFO] [net.neoforged.fml.loading.moddiscovery.ModDiscoverer/SCAN]: Found mod file "justenoughbreeding-neoforge-1.21-1.21.1-1.6.2.jar" [locator: {mods folder locator at /home/ubuntu/bettermc/mods}, reader: mod manifest]
[24Jun2026 11:51:23.073] [main/INFO] [net.neoforged.fml.loading.moddiscovery.ModDiscoverer/SCAN]: Found mod file "Kiwi-1.21.1-NeoForge-15.8.3.jar" [locator: {mods folder locator at /home/ubuntu/bettermc/mods}, reader: mod manifest]
[24Jun2026 11:51:23.074] [main/INFO] [net.neoforged.fml.loading.moddiscovery.ModDiscoverer/SCAN]: Found mod file "kleeslabs-neoforge-1.21.1-21.1.10.jar" [locator: {mods folder locator at /home/ubuntu/bettermc/mods}, reader: mod manifest]
[24Jun2026 11:51:23.076] [main/INFO] [net.neoforged.fml.loading.moddiscovery.ModDiscoverer/SCAN]: Found mod file "konkrete_neoforge_1.9.9_MC_1.21.jar" [locator: {mods folder locator at /home/ubuntu/bettermc/mods}, reader: mod manifest]
[24Jun2026 11:51:23.077] [main/INFO] [net.neoforged.fml.loading.moddiscovery.ModDiscoverer/SCAN]: Found library file "kotlinforforge-5.11.0-all.jar" [locator: {mods folder locator at /home/ubuntu/bettermc/mods}, reader: mod manifest]
[24Jun2026 11:51:23.078] [main/INFO] [net.neoforged.fml.loading.moddiscovery.ModDiscoverer/SCAN]: Found mod file "krypton_fnp-neoforge-1.21.1-0.2.28.1-1.21.1.jar" [locator: {mods folder locator at /home/ubuntu/bettermc/mods}, reader: mod manifest]
[24Jun2026 11:51:23.082] [main/INFO] [net.neoforged.fml.loading.moddiscovery.ModDiscoverer/SCAN]: Found mod file "L_Ender's Cataclysm 1.21.1-3.27.jar" [locator: {mods folder locator at /home/ubuntu/bettermc/mods}, reader: mod manifest]
[24Jun2026 11:51:23.084] [main/INFO] [net.neoforged.fml.loading.moddiscovery.ModDiscoverer/SCAN]: Found mod file "leaderboards-1.21.1-NeoForge-2.0.0.jar" [locator: {mods folder locator at /home/ubuntu/bettermc/mods}, reader: mod manifest]
[24Jun2026 11:51:23.085] [main/INFO] [net.neoforged.fml.loading.moddiscovery.ModDiscoverer/SCAN]: Found mod file "LeavesBeGone-v21.1.0-1.21.1-NeoForge.jar" [locator: {mods folder locator at /home/ubuntu/bettermc/mods}, reader: mod manifest]
[24Jun2026 11:51:23.087] [main/INFO] [net.neoforged.fml.loading.moddiscovery.ModDiscoverer/SCAN]: Found mod file "lionfishapi-2.7-fix-fix.jar" [locator: {mods folder locator at /home/ubuntu/bettermc/mods}, reader: mod manifest]
[24Jun2026 11:51:23.089] [main/INFO] [net.neoforged.fml.loading.moddiscovery.ModDiscoverer/SCAN]: Found mod file "lithium-neoforge-0.15.3+mc1.21.1.jar" [locator: {mods folder locator at /home/ubuntu/bettermc/mods}, reader: mod manifest]
[24Jun2026 11:51:23.090] [main/INFO] [net.neoforged.fml.loading.moddiscovery.ModDiscoverer/SCAN]: Found mod file "lithostitched-1.7.2-neoforge-21.1.jar" [locator: {mods folder locator at /home/ubuntu/bettermc/mods}, reader: mod manifest]
[24Jun2026 11:51:23.091] [main/INFO] [net.neoforged.fml.loading.moddiscovery.ModDiscoverer/SCAN]: Found mod file "lmft-1.1.1+1.21.9-neoforge.jar" [locator: {mods folder locator at /home/ubuntu/bettermc/mods}, reader: mod manifest]
[24Jun2026 11:51:23.092] [main/INFO] [net.neoforged.fml.loading.moddiscovery.ModDiscoverer/SCAN]: Found mod file "loadingprotection-1.0.2-1.21.1.jar" [locator: {mods folder locator at /home/ubuntu/bettermc/mods}, reader: mod manifest]
[24Jun2026 11:51:23.094] [main/INFO] [net.neoforged.fml.loading.moddiscovery.ModDiscoverer/SCAN]: Found mod file "logbegone-neoforge-1.21.1-1.0.3.jar" [locator: {mods folder locator at /home/ubuntu/bettermc/mods}, reader: mod manifest]
[24Jun2026 11:51:23.095] [main/INFO] [net.neoforged.fml.loading.moddiscovery.ModDiscoverer/SCAN]: Found mod file "LongNBTKiller-NeoForge-1.21.3-1.0.0.jar" [locator: {mods folder locator at /home/ubuntu/bettermc/mods}, reader: mod manifest]
[24Jun2026 11:51:23.097] [main/INFO] [net.neoforged.fml.loading.moddiscovery.ModDiscoverer/SCAN]: Found mod file "lootintegration_wda-1.8.jar" [locator: {mods folder locator at /home/ubuntu/bettermc/mods}, reader: mod manifest]
[24Jun2026 11:51:23.099] [main/INFO] [net.neoforged.fml.loading.moddiscovery.ModDiscoverer/SCAN]: Found mod file "lootintegrations-1.21.1-4.7.jar" [locator: {mods folder locator at /home/ubuntu/bettermc/mods}, reader: mod manifest]
[24Jun2026 11:51:23.101] [main/INFO] [net.neoforged.fml.loading.moddiscovery.ModDiscoverer/SCAN]: Found mod file "lootintegrations_formations-1.3.jar" [locator: {mods folder locator at /home/ubuntu/bettermc/mods}, reader: mod manifest]
[24Jun2026 11:51:23.102] [main/INFO] [net.neoforged.fml.loading.moddiscovery.ModDiscoverer/SCAN]: Found mod file "lootintegrations_lootintegrations_bygonepillage-1.2.jar" [locator: {mods folder locator at /home/ubuntu/bettermc/mods}, reader: mod manifest]
[24Jun2026 11:51:23.104] [main/INFO] [net.neoforged.fml.loading.moddiscovery.ModDiscoverer/SCAN]: Found mod file "lootintegrations_moog-1.9.jar" [locator: {mods folder locator at /home/ubuntu/bettermc/mods}, reader: mod manifest]
[24Jun2026 11:51:23.105] [main/INFO] [net.neoforged.fml.loading.moddiscovery.ModDiscoverer/SCAN]: Found mod file "lootintegrations_yungs-1.5.jar" [locator: {mods folder locator at /home/ubuntu/bettermc/mods}, reader: mod manifest]
[24Jun2026 11:51:23.106] [main/INFO] [net.neoforged.fml.loading.moddiscovery.ModDiscoverer/SCAN]: Found mod file "lukis-crazy-chambers-1.0.3.jar" [locator: {mods folder locator at /home/ubuntu/bettermc/mods}, reader: mod manifest]
[24Jun2026 11:51:23.108] [main/INFO] [net.neoforged.fml.loading.moddiscovery.ModDiscoverer/SCAN]: Found mod file "luna_minecraft-neoforge-5.3.1.jar" [locator: {mods folder locator at /home/ubuntu/bettermc/mods}, reader: mod manifest]
[24Jun2026 11:51:23.110] [main/INFO] [net.neoforged.fml.loading.moddiscovery.ModDiscoverer/SCAN]: Found mod file "MagnumTorch-v21.1.1-1.21.1-NeoForge.jar" [locator: {mods folder locator at /home/ubuntu/bettermc/mods}, reader: mod manifest]
[24Jun2026 11:51:23.119] [main/INFO] [net.neoforged.fml.loading.moddiscovery.ModDiscoverer/SCAN]: Found mod file "melody_neoforge_1.0.10_MC_1.21.jar" [locator: {mods folder locator at /home/ubuntu/bettermc/mods}, reader: mod manifest]
[24Jun2026 11:51:23.121] [main/INFO] [net.neoforged.fml.loading.moddiscovery.ModDiscoverer/SCAN]: Found mod file "memorysettings-1.21-6.0.jar" [locator: {mods folder locator at /home/ubuntu/bettermc/mods}, reader: mod manifest]
[24Jun2026 11:51:23.122] [main/INFO] [net.neoforged.fml.loading.moddiscovery.ModDiscoverer/SCAN]: Found mod file "midnightlib-neoforge-1.9.2+1.21.1.jar" [locator: {mods folder locator at /home/ubuntu/bettermc/mods}, reader: mod manifest]
[24Jun2026 11:51:23.123] [main/INFO] [net.neoforged.fml.loading.moddiscovery.ModDiscoverer/SCAN]: Found mod file "misctweaks-1.3.0+1.21.1-neoforge.jar" [locator: {mods folder locator at /home/ubuntu/bettermc/mods}, reader: mod manifest]
[24Jun2026 11:51:23.124] [main/INFO] [net.neoforged.fml.loading.moddiscovery.ModDiscoverer/SCAN]: Found mod file "mixintracereforged-neoforge-1.0.0-1.21.1.jar" [locator: {mods folder locator at /home/ubuntu/bettermc/mods}, reader: mod manifest]
[24Jun2026 11:51:23.126] [main/INFO] [net.neoforged.fml.loading.moddiscovery.ModDiscoverer/SCAN]: Found mod file "modernfix-neoforge-5.24.3+mc1.21.1.jar" [locator: {mods folder locator at /home/ubuntu/bettermc/mods}, reader: mod manifest]
[24Jun2026 11:51:23.132] [main/INFO] [net.neoforged.fml.loading.moddiscovery.ModDiscoverer/SCAN]: Found mod file "modpack-update-checker-1.21.1-neoforge-0.15.6.jar" [locator: {mods folder locator at /home/ubuntu/bettermc/mods}, reader: mod manifest]
[24Jun2026 11:51:23.133] [main/INFO] [net.neoforged.fml.loading.moddiscovery.ModDiscoverer/SCAN]: Found mod file "moogs_structures-neoforge-1.21.1-2.0.2.jar" [locator: {mods folder locator at /home/ubuntu/bettermc/mods}, reader: mod manifest]
[24Jun2026 11:51:23.134] [main/INFO] [net.neoforged.fml.loading.moddiscovery.ModDiscoverer/SCAN]: Found mod file "MoogsEndStructures-1.21-2.0.1.jar" [locator: {mods folder locator at /home/ubuntu/bettermc/mods}, reader: mod manifest]
[24Jun2026 11:51:23.136] [main/INFO] [net.neoforged.fml.loading.moddiscovery.ModDiscoverer/SCAN]: Found mod file "MoogsMissingVillages-1.21-2.1.0.jar" [locator: {mods folder locator at /home/ubuntu/bettermc/mods}, reader: mod manifest]
[24Jun2026 11:51:23.137] [main/INFO] [net.neoforged.fml.loading.moddiscovery.ModDiscoverer/SCAN]: Found mod file "MoogsNetherStructures-1.21-2.0.31.jar" [locator: {mods folder locator at /home/ubuntu/bettermc/mods}, reader: mod manifest]
[24Jun2026 11:51:23.139] [main/INFO] [net.neoforged.fml.loading.moddiscovery.ModDiscoverer/SCAN]: Found mod file "MoogsVoyagerStructures-1.21-5.0.8.jar" [locator: {mods folder locator at /home/ubuntu/bettermc/mods}, reader: mod manifest]
[24Jun2026 11:51:23.141] [main/INFO] [net.neoforged.fml.loading.moddiscovery.ModDiscoverer/SCAN]: Found mod file "moonlight-1.21-2.29.33-neoforge.jar" [locator: {mods folder locator at /home/ubuntu/bettermc/mods}, reader: mod manifest]
[24Jun2026 11:51:23.143] [main/INFO] [net.neoforged.fml.loading.moddiscovery.ModDiscoverer/SCAN]: Found mod file "MoreVillagers-Re-1.21.1-neoforge-1.25.12.4.jar" [locator: {mods folder locator at /home/ubuntu/bettermc/mods}, reader: mod manifest]
[24Jun2026 11:51:23.147] [main/INFO] [net.neoforged.fml.loading.moddiscovery.ModDiscoverer/SCAN]: Found mod file "mowziesmobs-1.21.1-1.8.2.jar" [locator: {mods folder locator at /home/ubuntu/bettermc/mods}, reader: mod manifest]
[24Jun2026 11:51:23.149] [main/INFO] [net.neoforged.fml.loading.moddiscovery.ModDiscoverer/SCAN]: Found mod file "MyNethersDelight-1.21.1-1.10.1.jar" [locator: {mods folder locator at /home/ubuntu/bettermc/mods}, reader: mod manifest]
[24Jun2026 11:51:23.151] [main/INFO] [net.neoforged.fml.loading.moddiscovery.ModDiscoverer/SCAN]: Found mod file "NaNny-1.21.1-1.0.1.jar" [locator: {mods folder locator at /home/ubuntu/bettermc/mods}, reader: mod manifest]
[24Jun2026 11:51:23.152] [main/INFO] [net.neoforged.fml.loading.moddiscovery.ModDiscoverer/SCAN]: Found mod file "NaturesCompass-1.21.1-3.4.0-neoforge.jar" [locator: {mods folder locator at /home/ubuntu/bettermc/mods}, reader: mod manifest]
[24Jun2026 11:51:23.154] [main/INFO] [net.neoforged.fml.loading.moddiscovery.ModDiscoverer/SCAN]: Found mod file "neobeefix-1.21.1-2.0.0.jar" [locator: {mods folder locator at /home/ubuntu/bettermc/mods}, reader: mod manifest]
[24Jun2026 11:51:23.156] [main/INFO] [net.neoforged.fml.loading.moddiscovery.ModDiscoverer/SCAN]: Found mod file "neruina-3.3.0+1.21.1-neoforge.jar" [locator: {mods folder locator at /home/ubuntu/bettermc/mods}, reader: mod manifest]
[24Jun2026 11:51:23.158] [main/INFO] [net.neoforged.fml.loading.moddiscovery.ModDiscoverer/SCAN]: Found mod file "NetherChested-v21.1.1-1.21.1-NeoForge.jar" [locator: {mods folder locator at /home/ubuntu/bettermc/mods}, reader: mod manifest]
[24Jun2026 11:51:23.160] [main/INFO] [net.neoforged.fml.loading.moddiscovery.ModDiscoverer/SCAN]: Found mod file "netherite_tweaks_luna-1.2.2-neoforge-1.21.1.jar" [locator: {mods folder locator at /home/ubuntu/bettermc/mods}, reader: mod manifest]
[24Jun2026 11:51:23.162] [main/INFO] [net.neoforged.fml.loading.moddiscovery.ModDiscoverer/SCAN]: Found mod file "netherportalfix-neoforge-1.21.1-21.1.1.jar" [locator: {mods folder locator at /home/ubuntu/bettermc/mods}, reader: mod manifest]
[24Jun2026 11:51:23.164] [main/INFO] [net.neoforged.fml.loading.moddiscovery.ModDiscoverer/SCAN]: Found mod file "NoChatReports-NEOFORGE-1.21.1-v2.9.1.jar" [locator: {mods folder locator at /home/ubuntu/bettermc/mods}, reader: mod manifest]
[24Jun2026 11:51:23.168] [main/INFO] [net.neoforged.fml.loading.moddiscovery.ModDiscoverer/SCAN]: Found mod file "nondirectionaldamagetiltfix2.0.1+b1.21.1.jar" [locator: {mods folder locator at /home/ubuntu/bettermc/mods}, reader: mod manifest]
[24Jun2026 11:51:23.170] [main/INFO] [net.neoforged.fml.loading.moddiscovery.ModDiscoverer/SCAN]: Found mod file "oceansdelight-neoforge-1.0.4-1.21.1.jar" [locator: {mods folder locator at /home/ubuntu/bettermc/mods}, reader: mod manifest]
[24Jun2026 11:51:23.176] [main/INFO] [net.neoforged.fml.loading.moddiscovery.ModDiscoverer/SCAN]: Found mod file "Oh-The-Biomes-Weve-Gone-NeoForge-2.5.5.jar" [locator: {mods folder locator at /home/ubuntu/bettermc/mods}, reader: mod manifest]
[24Jun2026 11:51:23.177] [main/INFO] [net.neoforged.fml.loading.moddiscovery.ModDiscoverer/SCAN]: Found mod file "Oh-The-Trees-Youll-Grow-neoforge-1.21.1-5.3.1.jar" [locator: {mods folder locator at /home/ubuntu/bettermc/mods}, reader: mod manifest]
[24Jun2026 11:51:23.180] [main/INFO] [net.neoforged.fml.loading.moddiscovery.ModDiscoverer/SCAN]: Found mod file "open-parties-and-claims-neoforge-1.21.1-0.26.2.jar" [locator: {mods folder locator at /home/ubuntu/bettermc/mods}, reader: mod manifest]
[24Jun2026 11:51:23.183] [main/INFO] [net.neoforged.fml.loading.moddiscovery.ModDiscoverer/SCAN]: Found mod file "owo-lib-neoforge-0.12.15.5-beta.1+1.21.jar" [locator: {mods folder locator at /home/ubuntu/bettermc/mods}, reader: mod manifest]
[24Jun2026 11:51:23.184] [main/INFO] [net.neoforged.fml.loading.moddiscovery.ModDiscoverer/SCAN]: Found mod file "packetfixer-3.3.1-1.20.5-1.21.X-merged.jar" [locator: {mods folder locator at /home/ubuntu/bettermc/mods}, reader: mod manifest]
[24Jun2026 11:51:23.186] [main/INFO] [net.neoforged.fml.loading.moddiscovery.ModDiscoverer/SCAN]: Found mod file "Patchouli-1.21.1-93-NEOFORGE.jar" [locator: {mods folder locator at /home/ubuntu/bettermc/mods}, reader: mod manifest]
[24Jun2026 11:51:23.188] [main/INFO] [net.neoforged.fml.loading.moddiscovery.ModDiscoverer/SCAN]: Found mod file "Paxi-1.21.1-NeoForge-5.1.3.jar" [locator: {mods folder locator at /home/ubuntu/bettermc/mods}, reader: mod manifest]
[24Jun2026 11:51:23.191] [main/INFO] [net.neoforged.fml.loading.moddiscovery.ModDiscoverer/SCAN]: Found mod file "piglinproliferation-1.21.1-2.0.13.jar" [locator: {mods folder locator at /home/ubuntu/bettermc/mods}, reader: mod manifest]
[24Jun2026 11:51:23.192] [main/INFO] [net.neoforged.fml.loading.moddiscovery.ModDiscoverer/SCAN]: Found mod file "Ping-Wheel-1.12.2-neoforge-1.21.1.jar" [locator: {mods folder locator at /home/ubuntu/bettermc/mods}, reader: mod manifest]
[24Jun2026 11:51:23.194] [main/INFO] [net.neoforged.fml.loading.moddiscovery.ModDiscoverer/SCAN]: Found mod file "Platform-neoforge-1.21.1-1.3.jar" [locator: {mods folder locator at /home/ubuntu/bettermc/mods}, reader: mod manifest]
[24Jun2026 11:51:23.195] [main/INFO] [net.neoforged.fml.loading.moddiscovery.ModDiscoverer/SCAN]: Found mod file "polymorph-neoforge-1.1.0+1.21.1.jar" [locator: {mods folder locator at /home/ubuntu/bettermc/mods}, reader: mod manifest]
[24Jun2026 11:51:23.197] [main/INFO] [net.neoforged.fml.loading.moddiscovery.ModDiscoverer/SCAN]: Found mod file "prickle-neoforge-1.21.1-21.1.11.jar" [locator: {mods folder locator at /home/ubuntu/bettermc/mods}, reader: mod manifest]
[24Jun2026 11:51:23.198] [main/INFO] [net.neoforged.fml.loading.moddiscovery.ModDiscoverer/SCAN]: Found mod file "puffish_biome_dither-1.0.0-1.21-neoforge.jar" [locator: {mods folder locator at /home/ubuntu/bettermc/mods}, reader: mod manifest]
[24Jun2026 11:51:23.200] [main/INFO] [net.neoforged.fml.loading.moddiscovery.ModDiscoverer/SCAN]: Found mod file "PuzzlesLib-v21.1.39-1.21.1-NeoForge.jar" [locator: {mods folder locator at /home/ubuntu/bettermc/mods}, reader: mod manifest]
[24Jun2026 11:51:23.201] [main/INFO] [net.neoforged.fml.loading.moddiscovery.ModDiscoverer/SCAN]: Found mod file "Quest-Kill-Task-neoforge-0.3.1+1.21.1.jar" [locator: {mods folder locator at /home/ubuntu/bettermc/mods}, reader: mod manifest]
[24Jun2026 11:51:23.202] [main/INFO] [net.neoforged.fml.loading.moddiscovery.ModDiscoverer/SCAN]: Found mod file "Raided-1.21.1-0.1.6.jar" [locator: {mods folder locator at /home/ubuntu/bettermc/mods}, reader: mod manifest]
[24Jun2026 11:51:23.205] [main/INFO] [net.neoforged.fml.loading.moddiscovery.ModDiscoverer/SCAN]: Found mod file "randomenchantfix-neoforge-1.0.1-1.21.1.jar" [locator: {mods folder locator at /home/ubuntu/bettermc/mods}, reader: mod manifest]
[24Jun2026 11:51:23.207] [main/INFO] [net.neoforged.fml.loading.moddiscovery.ModDiscoverer/SCAN]: Found mod file "recipeessentials-1.21-4.0.jar" [locator: {mods folder locator at /home/ubuntu/bettermc/mods}, reader: mod manifest]
[24Jun2026 11:51:23.208] [main/INFO] [net.neoforged.fml.loading.moddiscovery.ModDiscoverer/SCAN]: Found mod file "redirected-neoforge-1.0.0-1.21.1.jar" [locator: {mods folder locator at /home/ubuntu/bettermc/mods}, reader: mod manifest]
[24Jun2026 11:51:23.210] [main/INFO] [net.neoforged.fml.loading.moddiscovery.ModDiscoverer/SCAN]: Found mod file "reeses-sodium-options-neoforge-1.8.3+mc1.21.4.jar" [locator: {mods folder locator at /home/ubuntu/bettermc/mods}, reader: mod manifest]
[24Jun2026 11:51:23.214] [main/INFO] [net.neoforged.fml.loading.moddiscovery.ModDiscoverer/SCAN]: Found mod file "repurposed_structures-7.5.20+1.21.1-neoforge.jar" [locator: {mods folder locator at /home/ubuntu/bettermc/mods}, reader: mod manifest]
[24Jun2026 11:51:23.215] [main/INFO] [net.neoforged.fml.loading.moddiscovery.ModDiscoverer/SCAN]: Found mod file "repurposed_structures_farmers_delight_compat_v7.jar" [locator: {mods folder locator at /home/ubuntu/bettermc/mods}, reader: mod manifest]
[24Jun2026 11:51:23.216] [main/INFO] [net.neoforged.fml.loading.moddiscovery.ModDiscoverer/SCAN]: Found mod file "reset_controls_confirmation-neoforge-1.0.0-1.21.1.jar" [locator: {mods folder locator at /home/ubuntu/bettermc/mods}, reader: mod manifest]
[24Jun2026 11:51:23.218] [main/INFO] [net.neoforged.fml.loading.moddiscovery.ModDiscoverer/SCAN]: Found mod file "resourcefulconfig-neoforge-1.21-3.0.11.jar" [locator: {mods folder locator at /home/ubuntu/bettermc/mods}, reader: mod manifest]
[24Jun2026 11:51:23.220] [main/INFO] [net.neoforged.fml.loading.moddiscovery.ModDiscoverer/SCAN]: Found mod file "resourcefullib-neoforge-1.21-3.0.12.jar" [locator: {mods folder locator at /home/ubuntu/bettermc/mods}, reader: mod manifest]
[24Jun2026 11:51:23.221] [main/INFO] [net.neoforged.fml.loading.moddiscovery.ModDiscoverer/SCAN]: Found mod file "ResourcePackOverrides-v21.1.0-1.21.1-NeoForge.jar" [locator: {mods folder locator at /home/ubuntu/bettermc/mods}, reader: mod manifest]
[24Jun2026 11:51:23.223] [main/INFO] [net.neoforged.fml.loading.moddiscovery.ModDiscoverer/SCAN]: Found mod file "revampedwolf-1.21.1-13.0.0.jar" [locator: {mods folder locator at /home/ubuntu/bettermc/mods}, reader: mod manifest]
[24Jun2026 11:51:23.225] [main/INFO] [net.neoforged.fml.loading.moddiscovery.ModDiscoverer/SCAN]: Found mod file "rewithered-1.0.8+1.21.1-neoforge.jar" [locator: {mods folder locator at /home/ubuntu/bettermc/mods}, reader: mod manifest]
[24Jun2026 11:51:23.226] [main/INFO] [net.neoforged.fml.loading.moddiscovery.ModDiscoverer/SCAN]: Found mod file "rightclickharvest-neoforge-4.6.1+1.21.1.jar" [locator: {mods folder locator at /home/ubuntu/bettermc/mods}, reader: mod manifest]
[24Jun2026 11:51:23.227] [main/INFO] [net.neoforged.fml.loading.moddiscovery.ModDiscoverer/SCAN]: Found mod file "sawmill-1.21-1.7.2-neoforge.jar" [locator: {mods folder locator at /home/ubuntu/bettermc/mods}, reader: mod manifest]
[24Jun2026 11:51:23.230] [main/INFO] [net.neoforged.fml.loading.moddiscovery.ModDiscoverer/SCAN]: Found mod file "ScalableLux-0.1.0.1+neoforge.1cb1e91-all.jar" [locator: {mods folder locator at /home/ubuntu/bettermc/mods}, reader: mod manifest]
[24Jun2026 11:51:23.231] [main/INFO] [net.neoforged.fml.loading.moddiscovery.ModDiscoverer/SCAN]: Found mod file "Searchables-neoforge-1.21.1-1.0.2.jar" [locator: {mods folder locator at /home/ubuntu/bettermc/mods}, reader: mod manifest]
[24Jun2026 11:51:23.233] [main/INFO] [net.neoforged.fml.loading.moddiscovery.ModDiscoverer/SCAN]: Found mod file "Seasonal Integration-v1.5.0-Mc1.21.1+.jar" [locator: {mods folder locator at /home/ubuntu/bettermc/mods}, reader: mod manifest]
[24Jun2026 11:51:23.235] [main/INFO] [net.neoforged.fml.loading.moddiscovery.ModDiscoverer/SCAN]: Found mod file "SereneSeasons-neoforge-1.21.1-10.1.0.3.jar" [locator: {mods folder locator at /home/ubuntu/bettermc/mods}, reader: mod manifest]
[24Jun2026 11:51:23.237] [main/INFO] [net.neoforged.fml.loading.moddiscovery.ModDiscoverer/SCAN]: Found mod file "serverbrowser-neoforge-1.4.2-1.21.1.jar" [locator: {mods folder locator at /home/ubuntu/bettermc/mods}, reader: mod manifest]
[24Jun2026 11:51:23.240] [main/INFO] [net.neoforged.fml.loading.moddiscovery.ModDiscoverer/SCAN]: Found mod file "simple_snowy_fix-1.21.1-1.21.11-2.1.9-neoforge.jar" [locator: {mods folder locator at /home/ubuntu/bettermc/mods}, reader: mod manifest]
[24Jun2026 11:51:23.245] [main/INFO] [net.neoforged.fml.loading.moddiscovery.ModDiscoverer/SCAN]: Found mod file "SkeletonAIFix-v21.1.1-1.21.1-NeoForge.jar" [locator: {mods folder locator at /home/ubuntu/bettermc/mods}, reader: mod manifest]
[24Jun2026 11:51:23.246] [main/INFO] [net.neoforged.fml.loading.moddiscovery.ModDiscoverer/SCAN]: Found mod file "skinlayers3d-neoforge-1.11.1-mc1.21.1.jar" [locator: {mods folder locator at /home/ubuntu/bettermc/mods}, reader: mod manifest]
[24Jun2026 11:51:23.249] [main/INFO] [net.neoforged.fml.loading.moddiscovery.ModDiscoverer/SCAN]: Found mod file "smarterfarmers-1.21-2.2.4-neoforge.jar" [locator: {mods folder locator at /home/ubuntu/bettermc/mods}, reader: mod manifest]
[24Jun2026 11:51:23.252] [main/INFO] [net.neoforged.fml.loading.moddiscovery.ModDiscoverer/SCAN]: Found mod file "smoothchunk-1.21-4.1.jar" [locator: {mods folder locator at /home/ubuntu/bettermc/mods}, reader: mod manifest]
[24Jun2026 11:51:23.255] [main/INFO] [net.neoforged.fml.loading.moddiscovery.ModDiscoverer/SCAN]: Found mod file "smoothmovement-1.21.1-2.7.jar" [locator: {mods folder locator at /home/ubuntu/bettermc/mods}, reader: mod manifest]
[24Jun2026 11:51:23.257] [main/INFO] [net.neoforged.fml.loading.moddiscovery.ModDiscoverer/SCAN]: Found mod file "SnowRealMagic-1.21.1-NeoForge-12.2.1.jar" [locator: {mods folder locator at /home/ubuntu/bettermc/mods}, reader: mod manifest]
[24Jun2026 11:51:23.259] [main/INFO] [net.neoforged.fml.loading.moddiscovery.ModDiscoverer/SCAN]: Found mod file "snowundertrees-1.21.1-1.5.jar" [locator: {mods folder locator at /home/ubuntu/bettermc/mods}, reader: mod manifest]
[24Jun2026 11:51:23.260] [main/INFO] [net.neoforged.fml.loading.moddiscovery.ModDiscoverer/SCAN]: Found mod file "sound-physics-remastered-neoforge-1.21.1-1.5.1.jar" [locator: {mods folder locator at /home/ubuntu/bettermc/mods}, reader: mod manifest]
[24Jun2026 11:51:23.263] [main/INFO] [net.neoforged.fml.loading.moddiscovery.ModDiscoverer/SCAN]: Found mod file "spark-1.10.124-neoforge.jar" [locator: {mods folder locator at /home/ubuntu/bettermc/mods}, reader: mod manifest]
[24Jun2026 11:51:23.266] [main/INFO] [net.neoforged.fml.loading.moddiscovery.ModDiscoverer/SCAN]: Found mod file "sparsestructures-neoforge-1.21.1-3.0.jar" [locator: {mods folder locator at /home/ubuntu/bettermc/mods}, reader: mod manifest]
[24Jun2026 11:51:23.272] [main/INFO] [net.neoforged.fml.loading.moddiscovery.ModDiscoverer/SCAN]: Found mod file "Stoneworks-v21.1.0-1.21.1-NeoForge.jar" [locator: {mods folder locator at /home/ubuntu/bettermc/mods}, reader: mod manifest]
[24Jun2026 11:51:23.274] [main/INFO] [net.neoforged.fml.loading.moddiscovery.ModDiscoverer/SCAN]: Found mod file "Stony Cliffs FML v1.1.2.jar" [locator: {mods folder locator at /home/ubuntu/bettermc/mods}, reader: mod manifest]
[24Jun2026 11:51:23.276] [main/INFO] [net.neoforged.fml.loading.moddiscovery.ModDiscoverer/SCAN]: Found mod file "Structory_26.1_v1.3.16.jar" [locator: {mods folder locator at /home/ubuntu/bettermc/mods}, reader: mod manifest]
[24Jun2026 11:51:23.278] [main/INFO] [net.neoforged.fml.loading.moddiscovery.ModDiscoverer/SCAN]: Found mod file "Structory_Towers_26.1_v1.0.16.jar" [locator: {mods folder locator at /home/ubuntu/bettermc/mods}, reader: mod manifest]
[24Jun2026 11:51:23.279] [main/INFO] [net.neoforged.fml.loading.moddiscovery.ModDiscoverer/SCAN]: Found mod file "structure_layout_optimizer-neoforge-1.0.12.jar" [locator: {mods folder locator at /home/ubuntu/bettermc/mods}, reader: mod manifest]
[24Jun2026 11:51:23.281] [main/INFO] [net.neoforged.fml.loading.moddiscovery.ModDiscoverer/SCAN]: Found mod file "structureessentials-1.21.1-5.0.jar" [locator: {mods folder locator at /home/ubuntu/bettermc/mods}, reader: mod manifest]
[24Jun2026 11:51:23.283] [main/INFO] [net.neoforged.fml.loading.moddiscovery.ModDiscoverer/SCAN]: Found mod file "SubtleEffects-neoforge-1.21.1-1.14.3.jar" [locator: {mods folder locator at /home/ubuntu/bettermc/mods}, reader: mod manifest]
[24Jun2026 11:51:23.288] [main/INFO] [net.neoforged.fml.loading.moddiscovery.ModDiscoverer/SCAN]: Found mod file "supplementaries-1.21-3.5.34-neoforge.jar" [locator: {mods folder locator at /home/ubuntu/bettermc/mods}, reader: mod manifest]
[24Jun2026 11:51:23.291] [main/INFO] [net.neoforged.fml.loading.moddiscovery.ModDiscoverer/SCAN]: Found mod file "takesapillage-neoforge-1.0.10+mc1.21.1.jar" [locator: {mods folder locator at /home/ubuntu/bettermc/mods}, reader: mod manifest]
[24Jun2026 11:51:23.293] [main/INFO] [net.neoforged.fml.loading.moddiscovery.ModDiscoverer/SCAN]: Found mod file "TerraBlender-neoforge-1.21.1-4.1.0.8.jar" [locator: {mods folder locator at /home/ubuntu/bettermc/mods}, reader: mod manifest]
[24Jun2026 11:51:23.294] [main/INFO] [net.neoforged.fml.loading.moddiscovery.ModDiscoverer/SCAN]: Found mod file "tfthreadsafetyaddon-0.1.3.jar" [locator: {mods folder locator at /home/ubuntu/bettermc/mods}, reader: mod manifest]
[24Jun2026 11:51:23.297] [main/INFO] [net.neoforged.fml.loading.moddiscovery.ModDiscoverer/SCAN]: Found mod file "toms_storage-1.21-2.3.2.jar" [locator: {mods folder locator at /home/ubuntu/bettermc/mods}, reader: mod manifest]
[24Jun2026 11:51:23.300] [main/INFO] [net.neoforged.fml.loading.moddiscovery.ModDiscoverer/SCAN]: Found mod file "toofast-1.21.0-0.4.3.6.jar" [locator: {mods folder locator at /home/ubuntu/bettermc/mods}, reader: mod manifest]
[24Jun2026 11:51:23.305] [main/INFO] [net.neoforged.fml.loading.moddiscovery.ModDiscoverer/SCAN]: Found mod file "TradingPost-v21.1.1-1.21.1-NeoForge.jar" [locator: {mods folder locator at /home/ubuntu/bettermc/mods}, reader: mod manifest]
[24Jun2026 11:51:23.308] [main/INFO] [net.neoforged.fml.loading.moddiscovery.ModDiscoverer/SCAN]: Found mod file "twilightdelight-3.2.0.jar" [locator: {mods folder locator at /home/ubuntu/bettermc/mods}, reader: mod manifest]
[24Jun2026 11:51:23.315] [main/INFO] [net.neoforged.fml.loading.moddiscovery.ModDiscoverer/SCAN]: Found mod file "twilightforest-1.21.1-4.8.3345-universal.jar" [locator: {mods folder locator at /home/ubuntu/bettermc/mods}, reader: mod manifest]
[24Jun2026 11:51:23.317] [main/INFO] [net.neoforged.fml.loading.moddiscovery.ModDiscoverer/SCAN]: Found mod file "txnilib-neoforge-1.0.24-1.21.1.jar" [locator: {mods folder locator at /home/ubuntu/bettermc/mods}, reader: mod manifest]
[24Jun2026 11:51:23.319] [main/INFO] [net.neoforged.fml.loading.moddiscovery.ModDiscoverer/SCAN]: Found mod file "underlay-1.0.1-neoforge-mc1.21.1.jar" [locator: {mods folder locator at /home/ubuntu/bettermc/mods}, reader: mod manifest]
[24Jun2026 11:51:23.321] [main/INFO] [net.neoforged.fml.loading.moddiscovery.ModDiscoverer/SCAN]: Found mod file "VanillaBackport-neoforge-1.21.1-1.1.6.3.jar" [locator: {mods folder locator at /home/ubuntu/bettermc/mods}, reader: mod manifest]
[24Jun2026 11:51:23.322] [main/INFO] [net.neoforged.fml.loading.moddiscovery.ModDiscoverer/SCAN]: Found mod file "variantsandventures-neoforge-1.0.24+mc1.21.1.jar" [locator: {mods folder locator at /home/ubuntu/bettermc/mods}, reader: mod manifest]
[24Jun2026 11:51:23.324] [main/INFO] [net.neoforged.fml.loading.moddiscovery.ModDiscoverer/SCAN]: Found mod file "vb-compat-1.7-1.21.1.jar" [locator: {mods folder locator at /home/ubuntu/bettermc/mods}, reader: mod manifest]
[24Jun2026 11:51:23.325] [main/INFO] [net.neoforged.fml.loading.moddiscovery.ModDiscoverer/SCAN]: Found mod file "veinmining-neoforge-5.0.0-beta.2+1.21.jar" [locator: {mods folder locator at /home/ubuntu/bettermc/mods}, reader: mod manifest]
[24Jun2026 11:51:23.326] [main/INFO] [net.neoforged.fml.loading.moddiscovery.ModDiscoverer/SCAN]: Found mod file "Villager-API-1.21.1-neoforge-1.26.1.3.jar" [locator: {mods folder locator at /home/ubuntu/bettermc/mods}, reader: mod manifest]
[24Jun2026 11:51:23.328] [main/INFO] [net.neoforged.fml.loading.moddiscovery.ModDiscoverer/SCAN]: Found mod file "villagernames-1.21.1-8.2.jar" [locator: {mods folder locator at /home/ubuntu/bettermc/mods}, reader: mod manifest]
[24Jun2026 11:51:23.329] [main/INFO] [net.neoforged.fml.loading.moddiscovery.ModDiscoverer/SCAN]: Found mod file "villagesandpillages-neoforge-mc1.21.1-1.0.3.jar" [locator: {mods folder locator at /home/ubuntu/bettermc/mods}, reader: mod manifest]
[24Jun2026 11:51:23.330] [main/INFO] [net.neoforged.fml.loading.moddiscovery.ModDiscoverer/SCAN]: Found mod file "VisualWorkbench-v21.1.1-1.21.1-NeoForge.jar" [locator: {mods folder locator at /home/ubuntu/bettermc/mods}, reader: mod manifest]
[24Jun2026 11:51:23.332] [main/INFO] [net.neoforged.fml.loading.moddiscovery.ModDiscoverer/SCAN]: Found mod file "watut-neoforge-1.21.0-1.2.7.jar" [locator: {mods folder locator at /home/ubuntu/bettermc/mods}, reader: mod manifest]
[24Jun2026 11:51:23.333] [main/INFO] [net.neoforged.fml.loading.moddiscovery.ModDiscoverer/SCAN]: Found mod file "waystones-neoforge-1.21.1-21.1.30.jar" [locator: {mods folder locator at /home/ubuntu/bettermc/mods}, reader: mod manifest]
[24Jun2026 11:51:23.337] [main/INFO] [net.neoforged.fml.loading.moddiscovery.ModDiscoverer/SCAN]: Found mod file "wetland_whimsy-2.0.3-1.21.1.jar" [locator: {mods folder locator at /home/ubuntu/bettermc/mods}, reader: mod manifest]
[24Jun2026 11:51:23.338] [main/INFO] [net.neoforged.fml.loading.moddiscovery.ModDiscoverer/SCAN]: Found mod file "worldplaytime-1.2.2-1.21-NEOFORGE.jar" [locator: {mods folder locator at /home/ubuntu/bettermc/mods}, reader: mod manifest]
[24Jun2026 11:51:23.340] [main/INFO] [net.neoforged.fml.loading.moddiscovery.ModDiscoverer/SCAN]: Found mod file "xaerominimap-neoforge-1.21.1-25.3.10.jar" [locator: {mods folder locator at /home/ubuntu/bettermc/mods}, reader: mod manifest]
[24Jun2026 11:51:23.342] [main/INFO] [net.neoforged.fml.loading.moddiscovery.ModDiscoverer/SCAN]: Found mod file "xaeroworldmap-neoforge-1.21.1-1.40.11.jar" [locator: {mods folder locator at /home/ubuntu/bettermc/mods}, reader: mod manifest]
[24Jun2026 11:51:23.344] [main/INFO] [net.neoforged.fml.loading.moddiscovery.ModDiscoverer/SCAN]: Found mod file "xptome-1.21.1-2.4.jar" [locator: {mods folder locator at /home/ubuntu/bettermc/mods}, reader: mod manifest]
[24Jun2026 11:51:23.345] [main/INFO] [net.neoforged.fml.loading.moddiscovery.ModDiscoverer/SCAN]: Found mod file "yet_another_config_lib_v3-3.8.2+1.21.1-neoforge.jar" [locator: {mods folder locator at /home/ubuntu/bettermc/mods}, reader: mod manifest]
[24Jun2026 11:51:23.347] [main/INFO] [net.neoforged.fml.loading.moddiscovery.ModDiscoverer/SCAN]: Found mod file "youre-in-grave-danger-neoforge-2.0.13.jar" [locator: {mods folder locator at /home/ubuntu/bettermc/mods}, reader: mod manifest]
[24Jun2026 11:51:23.349] [main/INFO] [net.neoforged.fml.loading.moddiscovery.ModDiscoverer/SCAN]: Found mod file "YungsApi-1.21.1-NeoForge-5.1.6.jar" [locator: {mods folder locator at /home/ubuntu/bettermc/mods}, reader: mod manifest]
[24Jun2026 11:51:23.351] [main/INFO] [net.neoforged.fml.loading.moddiscovery.ModDiscoverer/SCAN]: Found mod file "YungsBetterDungeons-1.21.1-NeoForge-5.1.4.jar" [locator: {mods folder locator at /home/ubuntu/bettermc/mods}, reader: mod manifest]
[24Jun2026 11:51:23.353] [main/INFO] [net.neoforged.fml.loading.moddiscovery.ModDiscoverer/SCAN]: Found mod file "YungsBetterEndIsland-1.21.1-NeoForge-3.1.2.jar" [locator: {mods folder locator at /home/ubuntu/bettermc/mods}, reader: mod manifest]
[24Jun2026 11:51:23.355] [main/INFO] [net.neoforged.fml.loading.moddiscovery.ModDiscoverer/SCAN]: Found mod file "YungsBetterJungleTemples-1.21.1-NeoForge-3.1.2.jar" [locator: {mods folder locator at /home/ubuntu/bettermc/mods}, reader: mod manifest]
[24Jun2026 11:51:23.356] [main/INFO] [net.neoforged.fml.loading.moddiscovery.ModDiscoverer/SCAN]: Found mod file "YungsBetterMineshafts-1.21.1-NeoForge-5.1.1.jar" [locator: {mods folder locator at /home/ubuntu/bettermc/mods}, reader: mod manifest]
[24Jun2026 11:51:23.358] [main/INFO] [net.neoforged.fml.loading.moddiscovery.ModDiscoverer/SCAN]: Found mod file "YungsBetterNetherFortresses-1.21.1-NeoForge-3.1.5.jar" [locator: {mods folder locator at /home/ubuntu/bettermc/mods}, reader: mod manifest]
[24Jun2026 11:51:23.359] [main/INFO] [net.neoforged.fml.loading.moddiscovery.ModDiscoverer/SCAN]: Found mod file "YungsBetterOceanMonuments-1.21.1-NeoForge-4.1.2.jar" [locator: {mods folder locator at /home/ubuntu/bettermc/mods}, reader: mod manifest]
[24Jun2026 11:51:23.361] [main/INFO] [net.neoforged.fml.loading.moddiscovery.ModDiscoverer/SCAN]: Found mod file "YungsBetterStrongholds-1.21.1-NeoForge-5.1.3.jar" [locator: {mods folder locator at /home/ubuntu/bettermc/mods}, reader: mod manifest]
[24Jun2026 11:51:23.362] [main/INFO] [net.neoforged.fml.loading.moddiscovery.ModDiscoverer/SCAN]: Found mod file "YungsBetterWitchHuts-1.21.1-NeoForge-4.1.1.jar" [locator: {mods folder locator at /home/ubuntu/bettermc/mods}, reader: mod manifest]
[24Jun2026 11:51:23.363] [main/INFO] [net.neoforged.fml.loading.moddiscovery.ModDiscoverer/SCAN]: Found mod file "zombieimprovements-1.2.0+1.21.1-neoforge.jar" [locator: {mods folder locator at /home/ubuntu/bettermc/mods}, reader: mod manifest]
[24Jun2026 11:51:23.389] [main/INFO] [net.neoforged.fml.loading.moddiscovery.ModDiscoverer/SCAN]: Found mod file "crash_assistant-neoforge.jar" [parent: , locator: jarinjar, reader: mod manifest]
[24Jun2026 11:51:24.977] [main/WARN] [net.neoforged.jarjar.selection.JarSelector/]: Attempted to select a dependency jar for JarJar which was passed in as source: library:net.fabricmc.loader. Using Mod File: /~nonexistent
[24Jun2026 11:51:24.979] [main/WARN] [net.neoforged.jarjar.selection.JarSelector/]: Attempted to select a dependency jar for JarJar which was passed in as source: accessories. Using Mod File: /home/ubuntu/bettermc/mods/accessories-neoforge-1.1.0-beta.53+1.21.1.jar
[24Jun2026 11:51:24.979] [main/WARN] [net.neoforged.jarjar.selection.JarSelector/]: Attempted to select a dependency jar for JarJar which was passed in as source: terrablender. Using Mod File: /home/ubuntu/bettermc/mods/TerraBlender-neoforge-1.21.1-4.1.0.8.jar
[24Jun2026 11:51:24.979] [main/WARN] [net.neoforged.jarjar.selection.JarSelector/]: Attempted to select a dependency jar for JarJar which was passed in as source: aeroblender. Using Mod File: /home/ubuntu/bettermc/mods/aeroblender-1.21.1-1.0.0-neoforge.jar
[24Jun2026 11:51:24.979] [main/INFO] [net.neoforged.fml.loading.moddiscovery.locators.JarInJarDependencyLocator/]: Found 137 dependencies adding them to mods collection
[24Jun2026 11:51:24.979] [main/INFO] [net.neoforged.fml.loading.moddiscovery.ModDiscoverer/SCAN]: Found mod file "c2me-fixes-worldgen-threading-issues-mc1.21.1-0.3.0+alpha.0.91.jar" [parent: c2me-neoforge-mc1.21.1-0.3.0+alpha.0.91.jar, locator: jarinjar, reader: mod manifest]
[24Jun2026 11:51:24.979] [main/INFO] [net.neoforged.fml.loading.moddiscovery.ModDiscoverer/SCAN]: Found mod file "kuma-api-neoforge-21.0.7+1.21.jar" [parent: balm-neoforge-1.21.1-21.0.56.jar, locator: jarinjar, reader: mod manifest]
[24Jun2026 11:51:24.980] [main/INFO] [net.neoforged.fml.loading.moddiscovery.ModDiscoverer/SCAN]: Found mod file "fabric-renderer-api-v1-3.4.1+9125b6dc19.jar" [parent: forgified-fabric-api-0.116.7+2.2.4+1.21.1.jar, locator: jarinjar, reader: mod manifest]
[24Jun2026 11:51:24.980] [main/INFO] [net.neoforged.fml.loading.moddiscovery.ModDiscoverer/SCAN]: Found library file "sewlia-config-1.0.0-20250810.044244-13.jar" [parent: krypton_fnp-neoforge-1.21.1-0.2.28.1-1.21.1.jar, locator: jarinjar]
[24Jun2026 11:51:24.980] [main/INFO] [net.neoforged.fml.loading.moddiscovery.ModDiscoverer/SCAN]: Found mod file "c2me-rewrites-chunk-serializer-mc1.21.1-0.3.0+alpha.0.91.jar" [parent: c2me-neoforge-mc1.21.1-0.3.0+alpha.0.91.jar, locator: jarinjar, reader: mod manifest]
[24Jun2026 11:51:24.980] [main/INFO] [net.neoforged.fml.loading.moddiscovery.ModDiscoverer/SCAN]: Found mod file "kubejs-bridge-1.12.1+1.21.1.jar" [parent: ConnectorExtras-1.12.1+1.21.1.jar, locator: jarinjar, reader: mod manifest]
[24Jun2026 11:51:24.980] [main/INFO] [net.neoforged.fml.loading.moddiscovery.ModDiscoverer/SCAN]: Found mod file "fabric-item-api-v1-11.2.0+0c57911319.jar" [parent: forgified-fabric-api-0.116.7+2.2.4+1.21.1.jar, locator: jarinjar, reader: mod manifest]
[24Jun2026 11:51:24.980] [main/INFO] [net.neoforged.fml.loading.moddiscovery.ModDiscoverer/SCAN]: Found mod file "modmenu-bridge-1.12.1+1.21.1.jar" [parent: ConnectorExtras-1.12.1+1.21.1.jar, locator: jarinjar, reader: mod manifest]
[24Jun2026 11:51:24.980] [main/INFO] [net.neoforged.fml.loading.moddiscovery.ModDiscoverer/SCAN]: Found mod file "fabric-rendering-fluids-v1-3.1.6+a51883b219.jar" [parent: forgified-fabric-api-0.116.7+2.2.4+1.21.1.jar, locator: jarinjar, reader: mod manifest]
[24Jun2026 11:51:24.981] [main/INFO] [net.neoforged.fml.loading.moddiscovery.ModDiscoverer/SCAN]: Found library file "github-api-2.0-rc.6.jar" [parent: neruina-3.3.0+1.21.1-neoforge.jar, locator: jarinjar]
[24Jun2026 11:51:24.981] [main/INFO] [net.neoforged.fml.loading.moddiscovery.ModDiscoverer/SCAN]: Found library file "MixinSquared-0.3.4.jar" [parent: mixinsquared-neoforge-0.3.4.jar, locator: jarinjar]
[24Jun2026 11:51:24.981] [main/INFO] [net.neoforged.fml.loading.moddiscovery.ModDiscoverer/SCAN]: Found mod file "c2me-opts-natives-math-mc1.21.1-0.3.0+alpha.0.91.jar" [parent: c2me-neoforge-mc1.21.1-0.3.0+alpha.0.91.jar, locator: jarinjar, reader: mod manifest]
[24Jun2026 11:51:24.981] [main/INFO] [net.neoforged.fml.loading.moddiscovery.ModDiscoverer/SCAN]: Found mod file "c2me-fixes-general-threading-issues-mc1.21.1-0.3.0+alpha.0.91.jar" [parent: c2me-neoforge-mc1.21.1-0.3.0+alpha.0.91.jar, locator: jarinjar, reader: mod manifest]
[24Jun2026 11:51:24.981] [main/INFO] [net.neoforged.fml.loading.moddiscovery.ModDiscoverer/SCAN]: Found library file "netty-0.1.4.1.jar" [parent: owo-lib-neoforge-0.12.15.5-beta.1+1.21.jar, locator: jarinjar]
[24Jun2026 11:51:24.981] [main/INFO] [net.neoforged.fml.loading.moddiscovery.ModDiscoverer/SCAN]: Found mod file "fabric-convention-tags-v1-2.1.5+7f945d5b19.jar" [parent: forgified-fabric-api-0.116.7+2.2.4+1.21.1.jar, locator: jarinjar, reader: mod manifest]
[24Jun2026 11:51:24.981] [main/INFO] [net.neoforged.fml.loading.moddiscovery.ModDiscoverer/SCAN]: Found library file "endec-0.1.8.1.jar" [parent: owo-lib-neoforge-0.12.15.5-beta.1+1.21.jar, locator: jarinjar]
[24Jun2026 11:51:24.981] [main/INFO] [net.neoforged.fml.loading.moddiscovery.ModDiscoverer/SCAN]: Found library file "kotlinx-coroutines-core-jvm-1.10.2.jar" [parent: kotlinforforge-5.11.0-all.jar, locator: jarinjar]
[24Jun2026 11:51:24.981] [main/INFO] [net.neoforged.fml.loading.moddiscovery.ModDiscoverer/SCAN]: Found mod file "fabric-block-view-api-v2-1.0.11+e9036fd419.jar" [parent: forgified-fabric-api-0.116.7+2.2.4+1.21.1.jar, locator: jarinjar, reader: mod manifest]
[24Jun2026 11:51:24.981] [main/INFO] [net.neoforged.fml.loading.moddiscovery.ModDiscoverer/SCAN]: Found mod file "fabric-command-api-v2-2.2.28+36d727be19.jar" [parent: forgified-fabric-api-0.116.7+2.2.4+1.21.1.jar, locator: jarinjar, reader: mod manifest]
[24Jun2026 11:51:24.982] [main/INFO] [net.neoforged.fml.loading.moddiscovery.ModDiscoverer/SCAN]: Found mod file "fabric-convention-tags-v2-2.11.1+87e5848019.jar" [parent: forgified-fabric-api-0.116.7+2.2.4+1.21.1.jar, locator: jarinjar, reader: mod manifest]
[24Jun2026 11:51:24.982] [main/INFO] [net.neoforged.fml.loading.moddiscovery.ModDiscoverer/SCAN]: Found mod file "fabric-data-attachment-api-v1-1.4.5+26d408aa19.jar" [parent: forgified-fabric-api-0.116.7+2.2.4+1.21.1.jar, locator: jarinjar, reader: mod manifest]
[24Jun2026 11:51:24.982] [main/INFO] [net.neoforged.fml.loading.moddiscovery.ModDiscoverer/SCAN]: Found library file "jctools-core-4.0.5.jar" [parent: c2me-neoforge-mc1.21.1-0.3.0+alpha.0.91.jar, locator: jarinjar]
[24Jun2026 11:51:24.982] [main/INFO] [net.neoforged.fml.loading.moddiscovery.ModDiscoverer/SCAN]: Found mod file "neoforgedatapackextensions-neoforge-21.1.2.jar" [parent: DyedFlames-v21.1.1-1.21.1-NeoForge.jar, locator: jarinjar, reader: mod manifest]
[24Jun2026 11:51:24.982] [main/INFO] [net.neoforged.fml.loading.moddiscovery.ModDiscoverer/SCAN]: Found mod file "rei-bridge-1.12.1+1.21.1.jar" [parent: ConnectorExtras-1.12.1+1.21.1.jar, locator: jarinjar, reader: mod manifest]
[24Jun2026 11:51:24.982] [main/INFO] [net.neoforged.fml.loading.moddiscovery.ModDiscoverer/SCAN]: Found mod file "biolith-neoforge-3.0.10.jar" [parent: wetland_whimsy-2.0.3-1.21.1.jar, locator: jarinjar, reader: mod manifest]
[24Jun2026 11:51:24.982] [main/INFO] [net.neoforged.fml.loading.moddiscovery.ModDiscoverer/SCAN]: Found mod file "c2me-opts-math-mc1.21.1-0.3.0+alpha.0.91.jar" [parent: c2me-neoforge-mc1.21.1-0.3.0+alpha.0.91.jar, locator: jarinjar, reader: mod manifest]
[24Jun2026 11:51:24.982] [main/INFO] [net.neoforged.fml.loading.moddiscovery.ModDiscoverer/SCAN]: Found library file "kotlin-stdlib-jdk7-2.3.0.jar" [parent: kotlinforforge-5.11.0-all.jar, locator: jarinjar]
[24Jun2026 11:51:24.982] [main/INFO] [net.neoforged.fml.loading.moddiscovery.ModDiscoverer/SCAN]: Found mod file "fabric-screen-api-v1-2.0.25+4228281319.jar" [parent: forgified-fabric-api-0.115.6+2.1.0+1.21.1.jar, locator: jarinjar, reader: mod manifest]
[24Jun2026 11:51:24.982] [main/INFO] [net.neoforged.fml.loading.moddiscovery.ModDiscoverer/SCAN]: Found library file "reactive-streams-1.0.4.jar" [parent: c2me-neoforge-mc1.21.1-0.3.0+alpha.0.91.jar, locator: jarinjar]
[24Jun2026 11:51:24.982] [main/INFO] [net.neoforged.fml.loading.moddiscovery.ModDiscoverer/SCAN]: Found library file "kotlin-stdlib-jdk8-2.3.0.jar" [parent: kotlinforforge-5.11.0-all.jar, locator: jarinjar]
[24Jun2026 11:51:24.982] [main/INFO] [net.neoforged.fml.loading.moddiscovery.ModDiscoverer/SCAN]: Found mod file "c2me-base-mc1.21.1-0.3.0+alpha.0.91-all.jar" [parent: c2me-neoforge-mc1.21.1-0.3.0+alpha.0.91.jar, locator: jarinjar, reader: mod manifest]
[24Jun2026 11:51:24.982] [main/INFO] [net.neoforged.fml.loading.moddiscovery.ModDiscoverer/SCAN]: Found mod file "forgified-fabric-api-0.115.6+2.1.0+1.21.1.jar" [parent: txnilib-neoforge-1.0.24-1.21.1.jar, locator: jarinjar, reader: mod manifest]
[24Jun2026 11:51:24.982] [main/INFO] [net.neoforged.fml.loading.moddiscovery.ModDiscoverer/SCAN]: Found mod file "c2me-fixes-worldgen-vanilla-bugs-mc1.21.1-0.3.0+alpha.0.91.jar" [parent: c2me-neoforge-mc1.21.1-0.3.0+alpha.0.91.jar, locator: jarinjar, reader: mod manifest]
[24Jun2026 11:51:24.982] [main/INFO] [net.neoforged.fml.loading.moddiscovery.ModDiscoverer/SCAN]: Found mod file "fabric-content-registries-v0-8.0.19+5e0d320019.jar" [parent: forgified-fabric-api-0.116.7+2.2.4+1.21.1.jar, locator: jarinjar, reader: mod manifest]
[24Jun2026 11:51:24.983] [main/INFO] [net.neoforged.fml.loading.moddiscovery.ModDiscoverer/SCAN]: Found library file "kotlinx-serialization-json-jvm-1.9.0.jar" [parent: kotlinforforge-5.11.0-all.jar, locator: jarinjar]
[24Jun2026 11:51:24.983] [main/INFO] [net.neoforged.fml.loading.moddiscovery.ModDiscoverer/SCAN]: Found library file "bytecodecs-1.1.2.jar" [parent: resourcefullib-neoforge-1.21-3.0.12.jar, locator: jarinjar]
[24Jun2026 11:51:24.983] [main/INFO] [net.neoforged.fml.loading.moddiscovery.ModDiscoverer/SCAN]: Found gamelibrary file "l2modularblocks-3.0.0.jar" [parent: twilightdelight-3.2.0.jar, locator: jarinjar, reader: mod manifest]
[24Jun2026 11:51:24.983] [main/INFO] [net.neoforged.fml.loading.moddiscovery.ModDiscoverer/SCAN]: Found mod file "terrablender-bridge-1.12.1+1.21.1.jar" [parent: ConnectorExtras-1.12.1+1.21.1.jar, locator: jarinjar, reader: mod manifest]
[24Jun2026 11:51:24.983] [main/INFO] [net.neoforged.fml.loading.moddiscovery.ModDiscoverer/SCAN]: Found mod file "diagonalblocks-neoforge-21.1.2.jar" [parent: DiagonalWalls-v21.1.2-1.21.1-NeoForge.jar, locator: jarinjar, reader: mod manifest]
[24Jun2026 11:51:24.983] [main/INFO] [net.neoforged.fml.loading.moddiscovery.ModDiscoverer/SCAN]: Found library file "exp4j-0.4.8.jar" [parent: c2me-neoforge-mc1.21.1-0.3.0+alpha.0.91.jar, locator: jarinjar]
[24Jun2026 11:51:24.984] [main/INFO] [net.neoforged.fml.loading.moddiscovery.ModDiscoverer/SCAN]: Found library file "snakeyaml-2.4.jar" [parent: krypton_fnp-neoforge-1.21.1-0.2.28.1-1.21.1.jar, locator: jarinjar]
[24Jun2026 11:51:24.984] [main/INFO] [net.neoforged.fml.loading.moddiscovery.ModDiscoverer/SCAN]: Found gamelibrary file "mixinextras-neoforge-0.5.3.jar" [parent: neoforge-21.1.228-universal.jar, locator: jarinjar, reader: mod manifest]
[24Jun2026 11:51:24.984] [main/INFO] [net.neoforged.fml.loading.moddiscovery.ModDiscoverer/SCAN]: Found mod file "fabric-game-rule-api-v1-1.0.53+36d727be19.jar" [parent: forgified-fabric-api-0.116.7+2.2.4+1.21.1.jar, locator: jarinjar, reader: mod manifest]
[24Jun2026 11:51:24.984] [main/INFO] [net.neoforged.fml.loading.moddiscovery.ModDiscoverer/SCAN]: Found mod file "fabric-api-lookup-api-v1-1.6.71+c290471319.jar" [parent: forgified-fabric-api-0.116.7+2.2.4+1.21.1.jar, locator: jarinjar, reader: mod manifest]
[24Jun2026 11:51:24.984] [main/INFO] [net.neoforged.fml.loading.moddiscovery.ModDiscoverer/SCAN]: Found mod file "c2me-fixes-chunkio-threading-issues-mc1.21.1-0.3.0+alpha.0.91.jar" [parent: c2me-neoforge-mc1.21.1-0.3.0+alpha.0.91.jar, locator: jarinjar, reader: mod manifest]
[24Jun2026 11:51:24.984] [main/INFO] [net.neoforged.fml.loading.moddiscovery.ModDiscoverer/SCAN]: Found mod file "c2me-client-uncapvd-mc1.21.1-0.3.0+alpha.0.91.jar" [parent: c2me-neoforge-mc1.21.1-0.3.0+alpha.0.91.jar, locator: jarinjar, reader: mod manifest]
[24Jun2026 11:51:24.985] [main/INFO] [net.neoforged.fml.loading.moddiscovery.ModDiscoverer/SCAN]: Found gamelibrary file "mixinsquared-neoforge-0.3.4.jar" [parent: accessories_compat_layer-neoforge-0.1.12+1.21.1.jar, locator: jarinjar, reader: mod manifest]
[24Jun2026 11:51:24.985] [main/INFO] [net.neoforged.fml.loading.moddiscovery.ModDiscoverer/SCAN]: Found library file "imageio-metadata-3.12.0.jar" [parent: yet_another_config_lib_v3-3.8.2+1.21.1-neoforge.jar, locator: jarinjar]
[24Jun2026 11:51:24.985] [main/INFO] [net.neoforged.fml.loading.moddiscovery.ModDiscoverer/SCAN]: Found library file "jcpp-1.4.14.jar" [parent: iris-neoforge-1.8.12+mc1.21.1.jar, locator: jarinjar]
[24Jun2026 11:51:24.985] [main/INFO] [net.neoforged.fml.loading.moddiscovery.ModDiscoverer/SCAN]: Found mod file "c2me-opts-dfc-mc1.21.1-0.3.0+alpha.0.91.jar" [parent: c2me-neoforge-mc1.21.1-0.3.0+alpha.0.91.jar, locator: jarinjar, reader: mod manifest]
[24Jun2026 11:51:24.985] [main/INFO] [net.neoforged.fml.loading.moddiscovery.ModDiscoverer/SCAN]: Found library file "kotlin-stdlib-2.3.0.jar" [parent: kotlinforforge-5.11.0-all.jar, locator: jarinjar]
[24Jun2026 11:51:24.985] [main/INFO] [net.neoforged.fml.loading.moddiscovery.ModDiscoverer/SCAN]: Found mod file "limitlesscontainers-neoforge-21.1.0.jar" [parent: NetherChested-v21.1.1-1.21.1-NeoForge.jar, locator: jarinjar, reader: mod manifest]
[24Jun2026 11:51:24.985] [main/INFO] [net.neoforged.fml.loading.moddiscovery.ModDiscoverer/SCAN]: Found library file "tomlkt-jvm-0.3.7.jar" [parent: fzzy_config-0.7.6+1.21+neoforge.jar, locator: jarinjar]
[24Jun2026 11:51:24.986] [main/INFO] [net.neoforged.fml.loading.moddiscovery.ModDiscoverer/SCAN]: Found mod file "fabric-entity-events-v1-1.8.0+5ede667619.jar" [parent: forgified-fabric-api-0.116.7+2.2.4+1.21.1.jar, locator: jarinjar, reader: mod manifest]
[24Jun2026 11:51:24.986] [main/INFO] [net.neoforged.fml.loading.moddiscovery.ModDiscoverer/SCAN]: Found mod file "cumulus_menus-1.21.1-2.0.7-neoforge.jar" [parent: aether-1.21.1-1.5.10-neoforge.jar, locator: jarinjar, reader: mod manifest]
[24Jun2026 11:51:24.986] [main/INFO] [net.neoforged.fml.loading.moddiscovery.ModDiscoverer/SCAN]: Found library file "common-io-3.12.0.jar" [parent: yet_another_config_lib_v3-3.8.2+1.21.1-neoforge.jar, locator: jarinjar]
[24Jun2026 11:51:24.986] [main/INFO] [net.neoforged.fml.loading.moddiscovery.ModDiscoverer/SCAN]: Found mod file "fabric-loot-api-v2-3.0.15+a3ee712d19.jar" [parent: forgified-fabric-api-0.115.6+2.1.0+1.21.1.jar, locator: jarinjar, reader: mod manifest]
[24Jun2026 11:51:24.986] [main/INFO] [net.neoforged.fml.loading.moddiscovery.ModDiscoverer/SCAN]: Found gamelibrary file "mixinsquared-forge-0.1.1.jar" [parent: supplementaries-1.21-3.5.34-neoforge.jar, locator: jarinjar, reader: mod manifest]
[24Jun2026 11:51:24.986] [main/INFO] [net.neoforged.fml.loading.moddiscovery.ModDiscoverer/SCAN]: Found mod file "fabric-loot-api-v3-1.0.3+333dfad919.jar" [parent: forgified-fabric-api-0.116.7+2.2.4+1.21.1.jar, locator: jarinjar, reader: mod manifest]
[24Jun2026 11:51:24.986] [main/INFO] [net.neoforged.fml.loading.moddiscovery.ModDiscoverer/SCAN]: Found mod file "TRansition-1.0.17-1.21.1-neoforge-SNAPSHOT.jar" [parent: skinlayers3d-neoforge-1.11.1-mc1.21.1.jar, locator: jarinjar, reader: mod manifest]
[24Jun2026 11:51:24.986] [main/INFO] [net.neoforged.fml.loading.moddiscovery.ModDiscoverer/SCAN]: Found mod file "fabric-rendering-data-attachment-v1-0.3.49+73761d2e19.jar" [parent: forgified-fabric-api-0.116.7+2.2.4+1.21.1.jar, locator: jarinjar, reader: mod manifest]
[24Jun2026 11:51:24.987] [main/INFO] [net.neoforged.fml.loading.moddiscovery.ModDiscoverer/SCAN]: Found library file "imageio-webp-3.12.0.jar" [parent: yet_another_config_lib_v3-3.8.2+1.21.1-neoforge.jar, locator: jarinjar]
[24Jun2026 11:51:24.987] [main/INFO] [net.neoforged.fml.loading.moddiscovery.ModDiscoverer/SCAN]: Found mod file "nitrogen_internals-1.21.1-1.1.25-neoforge.jar" [parent: aether-1.21.1-1.5.10-neoforge.jar, locator: jarinjar, reader: mod manifest]
[24Jun2026 11:51:24.987] [main/INFO] [net.neoforged.fml.loading.moddiscovery.ModDiscoverer/SCAN]: Found library file "kotlinx-serialization-core-jvm-1.9.0.jar" [parent: kotlinforforge-5.11.0-all.jar, locator: jarinjar]
[24Jun2026 11:51:24.987] [main/INFO] [net.neoforged.fml.loading.moddiscovery.ModDiscoverer/SCAN]: Found mod file "fabric-networking-api-v1-4.3.0+30a980d919.jar" [parent: forgified-fabric-api-0.116.7+2.2.4+1.21.1.jar, locator: jarinjar, reader: mod manifest]
[24Jun2026 11:51:24.987] [main/INFO] [net.neoforged.fml.loading.moddiscovery.ModDiscoverer/SCAN]: Found library file "auto-service-1.0.jar" [parent: configurable-3.5.1+1.21.1-neoforge.jar, locator: jarinjar]
[24Jun2026 11:51:24.987] [main/INFO] [net.neoforged.fml.loading.moddiscovery.ModDiscoverer/SCAN]: Found mod file "c2me-rewrites-chunkio-mc1.21.1-0.3.0+alpha.0.91.jar" [parent: c2me-neoforge-mc1.21.1-0.3.0+alpha.0.91.jar, locator: jarinjar, reader: mod manifest]
[24Jun2026 11:51:24.987] [main/INFO] [net.neoforged.fml.loading.moddiscovery.ModDiscoverer/SCAN]: Found gamelibrary file "Registrate-MC1.21-1.3.0+67.jar" [parent: twilightdelight-3.2.0.jar, locator: jarinjar, reader: mod manifest]
[24Jun2026 11:51:24.987] [main/INFO] [net.neoforged.fml.loading.moddiscovery.ModDiscoverer/SCAN]: Found mod file "c2me-opts-allocs-mc1.21.1-0.3.0+alpha.0.91.jar" [parent: c2me-neoforge-mc1.21.1-0.3.0+alpha.0.91.jar, locator: jarinjar, reader: mod manifest]
[24Jun2026 11:51:24.987] [main/INFO] [net.neoforged.fml.loading.moddiscovery.ModDiscoverer/SCAN]: Found mod file "fabric-lifecycle-events-v1-2.6.0+e40d8add19.jar" [parent: forgified-fabric-api-0.116.7+2.2.4+1.21.1.jar, locator: jarinjar, reader: mod manifest]
[24Jun2026 11:51:24.987] [main/INFO] [net.neoforged.fml.loading.moddiscovery.ModDiscoverer/SCAN]: Found library file "imageio-core-3.12.0.jar" [parent: yet_another_config_lib_v3-3.8.2+1.21.1-neoforge.jar, locator: jarinjar]
[24Jun2026 11:51:24.987] [main/INFO] [net.neoforged.fml.loading.moddiscovery.ModDiscoverer/SCAN]: Found library file "asyncutil-0.1.0.jar" [parent: c2me-neoforge-mc1.21.1-0.3.0+alpha.0.91.jar, locator: jarinjar]
[24Jun2026 11:51:24.987] [main/INFO] [net.neoforged.fml.loading.moddiscovery.ModDiscoverer/SCAN]: Found mod file "fabric-key-binding-api-v1-1.0.47+62cc7ce119.jar" [parent: forgified-fabric-api-0.115.6+2.1.0+1.21.1.jar, locator: jarinjar, reader: mod manifest]
[24Jun2026 11:51:24.987] [main/INFO] [net.neoforged.fml.loading.moddiscovery.ModDiscoverer/SCAN]: Found mod file "fabric-client-tags-api-v1-1.1.15+e053909619.jar" [parent: forgified-fabric-api-0.115.6+2.1.0+1.21.1.jar, locator: jarinjar, reader: mod manifest]
[24Jun2026 11:51:24.987] [main/INFO] [net.neoforged.fml.loading.moddiscovery.ModDiscoverer/SCAN]: Found mod file "fabric-transfer-api-v1-5.4.3+a25cb45619.jar" [parent: forgified-fabric-api-0.116.7+2.2.4+1.21.1.jar, locator: jarinjar, reader: mod manifest]
[24Jun2026 11:51:24.988] [main/INFO] [net.neoforged.fml.loading.moddiscovery.ModDiscoverer/SCAN]: Found mod file "c2me-threading-lighting-mc1.21.1-0.3.0+alpha.0.91.jar" [parent: c2me-neoforge-mc1.21.1-0.3.0+alpha.0.91.jar, locator: jarinjar, reader: mod manifest]
[24Jun2026 11:51:24.988] [main/INFO] [net.neoforged.fml.loading.moddiscovery.ModDiscoverer/SCAN]: Found gamelibrary file "l2serial-3.0.9.jar" [parent: twilightdelight-3.2.0.jar, locator: jarinjar, reader: mod manifest]
[24Jun2026 11:51:24.988] [main/INFO] [net.neoforged.fml.loading.moddiscovery.ModDiscoverer/SCAN]: Found gamelibrary file "mixinconstraints-1.1.0.jar" [parent: SubtleEffects-neoforge-1.21.1-1.14.3.jar, locator: jarinjar, reader: mod manifest]
[24Jun2026 11:51:24.988] [main/INFO] [net.neoforged.fml.loading.moddiscovery.ModDiscoverer/SCAN]: Found library file "jankson-0.1.5.1.jar" [parent: owo-lib-neoforge-0.12.15.5-beta.1+1.21.jar, locator: jarinjar]
[24Jun2026 11:51:24.989] [main/INFO] [net.neoforged.fml.loading.moddiscovery.ModDiscoverer/SCAN]: Found mod file "fabric-model-loading-api-v1-2.1.0+6e8f52c719.jar" [parent: forgified-fabric-api-0.116.7+2.2.4+1.21.1.jar, locator: jarinjar, reader: mod manifest]
[24Jun2026 11:51:24.990] [main/INFO] [net.neoforged.fml.loading.moddiscovery.ModDiscoverer/SCAN]: Found library file "net.neoforged.neoforge-coremods-21.1.228.jar" [parent: neoforge-21.1.228-universal.jar, locator: jarinjar, reader: mod manifest]
[24Jun2026 11:51:24.990] [main/INFO] [net.neoforged.fml.loading.moddiscovery.ModDiscoverer/SCAN]: Found mod file "xaerolib-neoforge-1.21.1-1.1.0.jar" [parent: xaerominimap-neoforge-1.21.1-25.3.10.jar, locator: jarinjar, reader: mod manifest]
[24Jun2026 11:51:24.990] [main/INFO] [net.neoforged.fml.loading.moddiscovery.ModDiscoverer/SCAN]: Found mod file "pehkui-bridge-1.12.1+1.21.1.jar" [parent: ConnectorExtras-1.12.1+1.21.1.jar, locator: jarinjar, reader: mod manifest]
[24Jun2026 11:51:24.991] [main/INFO] [net.neoforged.fml.loading.moddiscovery.ModDiscoverer/SCAN]: Found mod file "fabric-screen-handler-api-v1-1.3.90+8dbc56dd19.jar" [parent: forgified-fabric-api-0.116.7+2.2.4+1.21.1.jar, locator: jarinjar, reader: mod manifest]
[24Jun2026 11:51:24.991] [main/INFO] [net.neoforged.fml.loading.moddiscovery.ModDiscoverer/SCAN]: Found mod file "fabric-resource-loader-v0-1.3.1+4ea8954419.jar" [parent: forgified-fabric-api-0.116.7+2.2.4+1.21.1.jar, locator: jarinjar, reader: mod manifest]
[24Jun2026 11:51:24.991] [main/INFO] [net.neoforged.fml.loading.moddiscovery.ModDiscoverer/SCAN]: Found mod file "TRender-1.0.12-1.21.1-neoforge-SNAPSHOT.jar" [parent: skinlayers3d-neoforge-1.11.1-mc1.21.1.jar, locator: jarinjar, reader: mod manifest]
[24Jun2026 11:51:24.991] [main/INFO] [net.neoforged.fml.loading.moddiscovery.ModDiscoverer/SCAN]: Found mod file "fabric-rendering-v1-5.1.0+1a09bd5a19.jar" [parent: forgified-fabric-api-0.116.7+2.2.4+1.21.1.jar, locator: jarinjar, reader: mod manifest]
[24Jun2026 11:51:24.991] [main/INFO] [net.neoforged.fml.loading.moddiscovery.ModDiscoverer/SCAN]: Found mod file "fabric-renderer-indigo-1.7.1+9125b6dc19.jar" [parent: forgified-fabric-api-0.116.7+2.2.4+1.21.1.jar, locator: jarinjar, reader: mod manifest]
[24Jun2026 11:51:24.991] [main/INFO] [net.neoforged.fml.loading.moddiscovery.ModDiscoverer/SCAN]: Found library file "yabn-1.0.3.jar" [parent: resourcefullib-neoforge-1.21-3.0.12.jar, locator: jarinjar]
[24Jun2026 11:51:24.991] [main/INFO] [net.neoforged.fml.loading.moddiscovery.ModDiscoverer/SCAN]: Found library file "kotlinx-coroutines-jdk8-1.10.2.jar" [parent: kotlinforforge-5.11.0-all.jar, locator: jarinjar]
[24Jun2026 11:51:24.991] [main/INFO] [net.neoforged.fml.loading.moddiscovery.ModDiscoverer/SCAN]: Found mod file "c2me-rewrites-chunk-system-mc1.21.1-0.3.0+alpha.0.91.jar" [parent: c2me-neoforge-mc1.21.1-0.3.0+alpha.0.91.jar, locator: jarinjar, reader: mod manifest]
[24Jun2026 11:51:24.991] [main/INFO] [net.neoforged.fml.loading.moddiscovery.ModDiscoverer/SCAN]: Found library file "rxjava-3.1.12.jar" [parent: c2me-neoforge-mc1.21.1-0.3.0+alpha.0.91.jar, locator: jarinjar]
[24Jun2026 11:51:24.992] [main/INFO] [net.neoforged.fml.loading.moddiscovery.ModDiscoverer/SCAN]: Found library file "extras-utils-1.12.1+1.21.1.jar" [parent: ConnectorExtras-1.12.1+1.21.1.jar, locator: jarinjar, reader: mod manifest]
[24Jun2026 11:51:24.992] [main/INFO] [net.neoforged.fml.loading.moddiscovery.ModDiscoverer/SCAN]: Found mod file "energy-bridge-1.12.1+1.21.1.jar" [parent: ConnectorExtras-1.12.1+1.21.1.jar, locator: jarinjar, reader: mod manifest]
[24Jun2026 11:51:24.992] [main/INFO] [net.neoforged.fml.loading.moddiscovery.ModDiscoverer/SCAN]: Found mod file "fabric-particles-v1-4.0.2+824f924c19.jar" [parent: forgified-fabric-api-0.115.6+2.1.0+1.21.1.jar, locator: jarinjar, reader: mod manifest]
[24Jun2026 11:51:24.993] [main/INFO] [net.neoforged.fml.loading.moddiscovery.ModDiscoverer/SCAN]: Found mod file "mixson-neoforge-v1.4.0.jar" [parent: rewithered-1.0.8+1.21.1-neoforge.jar, locator: jarinjar, reader: mod manifest]
[24Jun2026 11:51:24.993] [main/INFO] [net.neoforged.fml.loading.moddiscovery.ModDiscoverer/SCAN]: Found mod file "extensibleenums-neoforge-21.1.1.jar" [parent: IllagerInvasion-v21.1.6-1.21.1-NeoForge.jar, locator: jarinjar, reader: mod manifest]
[24Jun2026 11:51:24.993] [main/INFO] [net.neoforged.fml.loading.moddiscovery.ModDiscoverer/SCAN]: Found mod file "c2me-opts-worldgen-vanilla-mc1.21.1-0.3.0+alpha.0.91.jar" [parent: c2me-neoforge-mc1.21.1-0.3.0+alpha.0.91.jar, locator: jarinjar, reader: mod manifest]
[24Jun2026 11:51:24.993] [main/INFO] [net.neoforged.fml.loading.moddiscovery.ModDiscoverer/SCAN]: Found library file "common-image-3.12.0.jar" [parent: yet_another_config_lib_v3-3.8.2+1.21.1-neoforge.jar, locator: jarinjar]
[24Jun2026 11:51:24.993] [main/INFO] [net.neoforged.fml.loading.moddiscovery.ModDiscoverer/SCAN]: Found mod file "c2me-opts-scheduling-mc1.21.1-0.3.0+alpha.0.91.jar" [parent: c2me-neoforge-mc1.21.1-0.3.0+alpha.0.91.jar, locator: jarinjar, reader: mod manifest]
[24Jun2026 11:51:24.994] [main/INFO] [net.neoforged.fml.loading.moddiscovery.ModDiscoverer/SCAN]: Found mod file "fabric-transitive-access-wideners-v1-6.2.0+6c854b6f19.jar" [parent: forgified-fabric-api-0.116.7+2.2.4+1.21.1.jar, locator: jarinjar, reader: mod manifest]
[24Jun2026 11:51:24.994] [main/INFO] [net.neoforged.fml.loading.moddiscovery.ModDiscoverer/SCAN]: Found mod file "trimmed-1.21-3.0.0+neoforge.jar" [parent: wetland_whimsy-2.0.3-1.21.1.jar, locator: jarinjar, reader: mod manifest]
[24Jun2026 11:51:24.994] [main/INFO] [net.neoforged.fml.loading.moddiscovery.ModDiscoverer/SCAN]: Found library file "jankson-1.2.3.jar" [parent: cristellib-neoforge-1.21.1-3.0.3.jar, locator: jarinjar]
[24Jun2026 11:51:24.994] [main/INFO] [net.neoforged.fml.loading.moddiscovery.ModDiscoverer/SCAN]: Found library file "gson-0.1.5.1.jar" [parent: owo-lib-neoforge-0.12.15.5-beta.1+1.21.jar, locator: jarinjar]
[24Jun2026 11:51:24.994] [main/INFO] [net.neoforged.fml.loading.moddiscovery.ModDiscoverer/SCAN]: Found mod file "fabric-api-base-0.4.42+d1308dedd1.jar" [parent: owo-lib-neoforge-0.12.15.5-beta.1+1.21.jar, locator: jarinjar, reader: mod manifest]
[24Jun2026 11:51:24.994] [main/INFO] [net.neoforged.fml.loading.moddiscovery.ModDiscoverer/SCAN]: Found mod file "fabric-blockrenderlayer-v1-1.1.52+c290471319.jar" [parent: forgified-fabric-api-0.116.7+2.2.4+1.21.1.jar, locator: jarinjar, reader: mod manifest]
[24Jun2026 11:51:24.994] [main/INFO] [net.neoforged.fml.loading.moddiscovery.ModDiscoverer/SCAN]: Found mod file "fabric-block-api-v1-1.1.0+b0c22bb819.jar" [parent: forgified-fabric-api-0.116.7+2.2.4+1.21.1.jar, locator: jarinjar, reader: mod manifest]
[24Jun2026 11:51:24.994] [main/INFO] [net.neoforged.fml.loading.moddiscovery.ModDiscoverer/SCAN]: Found mod file "c2me-server-utils-mc1.21.1-0.3.0+alpha.0.91.jar" [parent: c2me-neoforge-mc1.21.1-0.3.0+alpha.0.91.jar, locator: jarinjar, reader: mod manifest]
[24Jun2026 11:51:24.994] [main/INFO] [net.neoforged.fml.loading.moddiscovery.ModDiscoverer/SCAN]: Found library file "thedarkcolour.kfflang-5.11.0.jar" [parent: kotlinforforge-5.11.0-all.jar, locator: jarinjar, reader: mod manifest]
[24Jun2026 11:51:24.994] [main/INFO] [net.neoforged.fml.loading.moddiscovery.ModDiscoverer/SCAN]: Found mod file "spectrelib-neoforge-0.17.2+1.21.jar" [parent: veinmining-neoforge-5.0.0-beta.2+1.21.jar, locator: jarinjar, reader: mod manifest]
[24Jun2026 11:51:24.994] [main/INFO] [net.neoforged.fml.loading.moddiscovery.ModDiscoverer/SCAN]: Found mod file "jei-bridge-1.12.1+1.21.1.jar" [parent: ConnectorExtras-1.12.1+1.21.1.jar, locator: jarinjar, reader: mod manifest]
[24Jun2026 11:51:24.995] [main/INFO] [net.neoforged.fml.loading.moddiscovery.ModDiscoverer/SCAN]: Found gamelibrary file "thedarkcolour.kfflib-5.11.0.jar" [parent: kotlinforforge-5.11.0-all.jar, locator: jarinjar, reader: mod manifest]
[24Jun2026 11:51:24.995] [main/INFO] [net.neoforged.fml.loading.moddiscovery.ModDiscoverer/SCAN]: Found mod file "fabric-resource-conditions-api-v1-4.3.0+5bdd099819.jar" [parent: forgified-fabric-api-0.116.7+2.2.4+1.21.1.jar, locator: jarinjar, reader: mod manifest]
[24Jun2026 11:51:24.995] [main/INFO] [net.neoforged.fml.loading.moddiscovery.ModDiscoverer/SCAN]: Found mod file "thedarkcolour.kffmod-5.11.0.jar" [parent: kotlinforforge-5.11.0-all.jar, locator: jarinjar, reader: mod manifest]
[24Jun2026 11:51:24.995] [main/INFO] [net.neoforged.fml.loading.moddiscovery.ModDiscoverer/SCAN]: Found library file "gson-0.3.1.jar" [parent: configurable-3.5.1+1.21.1-neoforge.jar, locator: jarinjar]
[24Jun2026 11:51:24.995] [main/INFO] [net.neoforged.fml.loading.moddiscovery.ModDiscoverer/SCAN]: Found library file "kotlin-reflect-2.3.0.jar" [parent: kotlinforforge-5.11.0-all.jar, locator: jarinjar]
[24Jun2026 11:51:24.995] [main/INFO] [net.neoforged.fml.loading.moddiscovery.ModDiscoverer/SCAN]: Found library file "velocity-native-3.4.0-SNAPSHOT.jar" [parent: krypton_fnp-neoforge-1.21.1-0.2.28.1-1.21.1.jar, locator: jarinjar]
[24Jun2026 11:51:24.995] [main/INFO] [net.neoforged.fml.loading.moddiscovery.ModDiscoverer/SCAN]: Found mod file "fabric-item-group-api-v1-4.1.7+e324903319.jar" [parent: forgified-fabric-api-0.116.7+2.2.4+1.21.1.jar, locator: jarinjar, reader: mod manifest]
[24Jun2026 11:51:24.995] [main/INFO] [net.neoforged.fml.loading.moddiscovery.ModDiscoverer/SCAN]: Found mod file "fabric-gametest-api-v1-2.0.5+29f188ce19.jar" [parent: forgified-fabric-api-0.116.7+2.2.4+1.21.1.jar, locator: jarinjar, reader: mod manifest]
[24Jun2026 11:51:24.995] [main/INFO] [net.neoforged.fml.loading.moddiscovery.ModDiscoverer/SCAN]: Found mod file "c2me-notickvd-mc1.21.1-0.3.0+alpha.0.91.jar" [parent: c2me-neoforge-mc1.21.1-0.3.0+alpha.0.91.jar, locator: jarinjar, reader: mod manifest]
[24Jun2026 11:51:24.995] [main/INFO] [net.neoforged.fml.loading.moddiscovery.ModDiscoverer/SCAN]: Found library file "glsl-transformer-2.0.1.jar" [parent: iris-neoforge-1.8.12+mc1.21.1.jar, locator: jarinjar]
[24Jun2026 11:51:24.995] [main/INFO] [net.neoforged.fml.loading.moddiscovery.ModDiscoverer/SCAN]: Found mod file "l2core-3.0.8+16.jar" [parent: twilightdelight-3.2.0.jar, locator: jarinjar, reader: mod manifest]
[24Jun2026 11:51:24.995] [main/INFO] [net.neoforged.fml.loading.moddiscovery.ModDiscoverer/SCAN]: Found mod file "fabric-biome-api-v1-13.0.31+1e62d33c19.jar" [parent: forgified-fabric-api-0.116.7+2.2.4+1.21.1.jar, locator: jarinjar, reader: mod manifest]
[24Jun2026 11:51:24.995] [main/INFO] [net.neoforged.fml.loading.moddiscovery.ModDiscoverer/SCAN]: Found mod file "c2me-opts-worldgen-general-mc1.21.1-0.3.0+alpha.0.91.jar" [parent: c2me-neoforge-mc1.21.1-0.3.0+alpha.0.91.jar, locator: jarinjar, reader: mod manifest]
[24Jun2026 11:51:24.995] [main/INFO] [net.neoforged.fml.loading.moddiscovery.ModDiscoverer/SCAN]: Found mod file "c2me-opts-chunkio-mc1.21.1-0.3.0+alpha.0.91.jar" [parent: c2me-neoforge-mc1.21.1-0.3.0+alpha.0.91.jar, locator: jarinjar, reader: mod manifest]
[24Jun2026 11:51:24.996] [main/INFO] [net.neoforged.fml.loading.moddiscovery.ModDiscoverer/SCAN]: Found library file "json-0.3.1.jar" [parent: configurable-3.5.1+1.21.1-neoforge.jar, locator: jarinjar]
[24Jun2026 11:51:24.996] [main/INFO] [net.neoforged.fml.loading.moddiscovery.ModDiscoverer/SCAN]: Found mod file "fabric-registry-sync-v0-5.3.1+f9aace1619.jar" [parent: forgified-fabric-api-0.116.7+2.2.4+1.21.1.jar, locator: jarinjar, reader: mod manifest]
[24Jun2026 11:51:24.996] [main/INFO] [net.neoforged.fml.loading.moddiscovery.ModDiscoverer/SCAN]: Found library file "s.tf-asm-4.8.3345.jar" [parent: twilightforest-1.21.1-4.8.3345-universal.jar, locator: jarinjar, reader: mod manifest]
[24Jun2026 11:51:24.996] [main/INFO] [net.neoforged.fml.loading.moddiscovery.ModDiscoverer/SCAN]: Found mod file "fabric-recipe-api-v1-5.0.15+59440bcc19.jar" [parent: forgified-fabric-api-0.116.7+2.2.4+1.21.1.jar, locator: jarinjar, reader: mod manifest]
[24Jun2026 11:51:24.996] [main/INFO] [net.neoforged.fml.loading.moddiscovery.ModDiscoverer/SCAN]: Found mod file "fabric-object-builder-api-v1-15.2.1+cc242efd19.jar" [parent: forgified-fabric-api-0.116.7+2.2.4+1.21.1.jar, locator: jarinjar, reader: mod manifest]
[24Jun2026 11:51:24.997] [main/INFO] [net.neoforged.fml.loading.moddiscovery.ModDiscoverer/SCAN]: Found mod file "fabric-sound-api-v1-1.0.23+10b84f8419.jar" [parent: forgified-fabric-api-0.116.7+2.2.4+1.21.1.jar, locator: jarinjar, reader: mod manifest]
[24Jun2026 11:51:24.997] [main/INFO] [net.neoforged.fml.loading.moddiscovery.ModDiscoverer/SCAN]: Found mod file "fabric-message-api-v1-6.0.14+6a754fce19.jar" [parent: forgified-fabric-api-0.116.7+2.2.4+1.21.1.jar, locator: jarinjar, reader: mod manifest]
[24Jun2026 11:51:24.997] [main/INFO] [net.neoforged.fml.loading.moddiscovery.ModDiscoverer/SCAN]: Found mod file "emi-bridge-1.12.1+1.21.1.jar" [parent: ConnectorExtras-1.12.1+1.21.1.jar, locator: jarinjar, reader: mod manifest]
[24Jun2026 11:51:24.997] [main/INFO] [net.neoforged.fml.loading.moddiscovery.ModDiscoverer/SCAN]: Found library file "common-lang-3.12.0.jar" [parent: yet_another_config_lib_v3-3.8.2+1.21.1-neoforge.jar, locator: jarinjar]
[24Jun2026 11:51:24.997] [main/INFO] [net.neoforged.fml.loading.moddiscovery.ModDiscoverer/SCAN]: Found mod file "fabric-data-generation-api-v1-20.2.34+a4c3605619.jar" [parent: forgified-fabric-api-0.116.7+2.2.4+1.21.1.jar, locator: jarinjar, reader: mod manifest]
[24Jun2026 11:51:24.997] [main/INFO] [net.neoforged.fml.loading.moddiscovery.ModDiscoverer/SCAN]: Found mod file "1.21-neo-0.1.2.jar" [parent: modpack-update-checker-1.21.1-neoforge-0.15.6.jar, locator: jarinjar, reader: mod manifest]
[24Jun2026 11:51:24.997] [main/INFO] [net.neoforged.fml.loading.moddiscovery.ModDiscoverer/SCAN]: Found mod file "fabric-events-interaction-v0-0.7.13+86e0887119.jar" [parent: forgified-fabric-api-0.116.7+2.2.4+1.21.1.jar, locator: jarinjar, reader: mod manifest]
[24Jun2026 11:51:25.434] [main/INFO] [org.sinytra.connector.locator.FabricModsDiscoverer/SCAN]: Fabric mod metadata not found in jar kotlinforforge.all, ignoring
[24Jun2026 11:51:25.724] [main/INFO] [org.sinytra.connector.locator.DependencyResolver/]: Dependency resolution found 0 candidates to load
[24Jun2026 11:51:26.194] [main/INFO] [net.neoforged.fml.loading.moddiscovery.locators.JarInJarDependencyLocator/]: Found 2 dependencies adding them to mods collection
[24Jun2026 11:51:26.194] [main/INFO] [net.neoforged.fml.loading.moddiscovery.ModDiscoverer/SCAN]: Found mod file "org.sinytra.connector-2.0.0-beta.14+1.21.1-mod.jar" [parent: , locator: org.sinytra.connector.locator.ConnectorLocator@1bb9aa43, reader: mod manifest]
[24Jun2026 11:51:26.194] [main/INFO] [net.neoforged.fml.loading.moddiscovery.ModDiscoverer/SCAN]: Found gamelibrary file "runtime-1.0.0+1.21.1.jar" [parent: , locator: org.sinytra.connector.locator.ConnectorLocator@1bb9aa43, reader: mod manifest]
[24Jun2026 11:51:26.210] [main/INFO] [net.neoforged.fml.loading.moddiscovery.ModDiscoverer/]: 
     Mod List:
		Name Version (Mod Id)

		3d-Skin-Layers 1.11.1 (skinlayers3d)
		Abridged 2.0.1 (abridged)
		Accessories 1.1.0-beta.53+1.21.1 (accessories)
		Accessories Compatibility Layer 0.1.12 (accessories_compat_layer)
		Accessorify 2.4.0-beta.5 (accessorify)
		AdoraBuild: Structures 2.11.0 (adorabuild_structures)
		Advanced Netherite 2.3.1 (advancednetherite)
		AdvancedLootInfo 1.9.1 (ali)
		AdventureDungeons 1.3.1 (adventuredungeons)
		AeroBlender 1.0.0 (aeroblender)
		Aether Villages 1.0.8 (aether_villages)
		Alex's Mobs 1.22.17 (alexsmobs)
		All The Leaks 1.1.8+1.21.1-neoforge (alltheleaks)
		Almanac 1.5.2 (almanac)
		Alternate Current 1.9.0 (alternate_current)
		Amendments 1.21-2.0.15 (amendments)
		Another Furniture 4.0.2 (another_furniture)
		Architectury 13.0.8 (architectury)
		Athena 4.0.2 (athena)
		Aurelj's Paintings 1.0.5 (aurelj_paintings)
		Autochef's Delight 2.0.2+neoforge (autochefsdelight)
		AzureLib 3.1.8 (azurelib)
		Backpacked 3.0.0-beta.10 (backpacked)
		Balm 21.0.56 (balm)
		Bartering Station 21.1.0 (barteringstation)
		Bedrockoid 0.1.5 (bedrockoid)
		Better Compatibility Checker 21.1.8 (bcc)
		Better World Loading 1.0 (betterworldloadingnf21)
		BHMenu 2.4.4 (bhmenu)
		Biolith 3.0.10 (biolith)
		biomemusic mod 3.5 (biomemusic)
		Blended Compat 1.1.2 (blended_compat)
		BMC - Worldgen Patcher 0.3.0 (bmcpalegardenpatcher)
		Boat Item View 0.0.6 (boatiview)
		Bookshelf 21.1.81 (bookshelf)
		Caelus API 7.0.1+1.21.1 (caelus)
		Carry On 2.2.4 (carryon)
		Cataclysm x YUNG's Better Nether Fortresses Compat 1.21.1 (cataclysmfortresses)
		Cerulean 1.0.0 (cerulean)
		Chipped 4.0.2 (chipped)
		Chunk Activity Tracker 1.0.1 (chunkactivitytracker)
		chunksending mod 2.9 (chunksending)
		Chunky 1.4.23 (chunky)
		Citadel 2.7.6 (citadel)
		CITResewn 0 (citresewn)
		clientcrafting mod 2.1 (clientcrafting)
		ClientSort 2.2.1+1.21.1 (clientsort)
		Climate Rivers 21.1.3 (climaterivers)
		Cloth Config v15 API 15.0.140 (cloth_config)
		Clumps 19.0.0.1 (clumps)
		Collective 8.20 (collective)
		Colorwheel 1.2.4+mc1.21.1 (colorwheel)
		Comforts 9.0.5+1.21.1 (comforts)
		Concurrent Chunk Management Engine 0.3.0+alpha.0.91+1.21.1 (c2me)
		Concurrent Chunk Management Engine (Base) 0.3.0+alpha.0.91+1.21.1 (c2me_base)
		Concurrent Chunk Management Engine (Client/Uncap View Distance) 0.3.0+alpha.0.91+1.21.1 (c2me_client_uncapvd)
		Concurrent Chunk Management Engine (Fixes/Chunk IO/Threading Issues) 0.3.0+alpha.0.91+1.21.1 (c2me_fixes_chunkio_threading_issues)
		Concurrent Chunk Management Engine (Fixes/General/Threading Issues) 0.3.0+alpha.0.91+1.21.1 (c2me_fixes_general_threading_issues)
		Concurrent Chunk Management Engine (Fixes/WorldGen/Threading Issues) 0.3.0+alpha.0.91+1.21.1 (c2me_fixes_worldgen_threading_issues)
		Concurrent Chunk Management Engine (Fixes/WorldGen/Vanilla Bugs) 0.3.0+alpha.0.91+1.21.1 (c2me_fixes_worldgen_vanilla_bugs)
		Concurrent Chunk Management Engine (No Tick View Distance) 0.3.0+alpha.0.91+1.21.1 (c2me_notickvd)
		Concurrent Chunk Management Engine (Optimizations/Chunk IO) 0.3.0+alpha.0.91+1.21.1 (c2me_opts_chunkio)
		Concurrent Chunk Management Engine (Optimizations/Density Function Compiler) 0.3.0+alpha.0.91+1.21.1 (c2me_opts_dfc)
		Concurrent Chunk Management Engine (Optimizations/General WorldGen) 0.3.0+alpha.0.91+1.21.1 (c2me_opts_worldgen_general)
		Concurrent Chunk Management Engine (Optimizations/Math) 0.3.0+alpha.0.91+1.21.1 (c2me_opts_math)
		Concurrent Chunk Management Engine (Optimizations/Memory Allocations) 0.3.0+alpha.0.91+1.21.1 (c2me_opts_allocs)
		Concurrent Chunk Management Engine (Optimizations/Natives Math) 0.3.0+alpha.0.91+1.21.1 (c2me_opts_natives_math)
		Concurrent Chunk Management Engine (Optimizations/Scheduling) 0.3.0+alpha.0.91+1.21.1 (c2me_opts_scheduling)
		Concurrent Chunk Management Engine (Optimizations/Vanilla WorldGen) 0.3.0+alpha.0.91+1.21.1 (c2me_opts_worldgen_vanilla)
		Concurrent Chunk Management Engine (Rewrites/Chunk IO) 0.3.0+alpha.0.91+1.21.1 (c2me_rewrites_chunkio)
		Concurrent Chunk Management Engine (Rewrites/Chunk Serializer) 0.3.0+alpha.0.91+1.21.1 (c2me_rewrites_chunk_serializer)
		Concurrent Chunk Management Engine (Rewrites/Chunk System) 0.3.0+alpha.0.91+1.21.1 (c2me_rewrites_chunk_system)
		Concurrent Chunk Management Engine (Server Utils) 0.3.0+alpha.0.91+1.21.1 (c2me_server_utils)
		Concurrent Chunk Management Engine (Threading/Lighting) 0.3.0+alpha.0.91+1.21.1 (c2me_threading_lighting)
		Configurable 3.5.1 (configurable)
		Configured Defaults 21.1.3 (configureddefaults)
		Connectivity Mod 7.6 (connectivity)
		Connector Extras 1.12.1+1.21.1 (connectorextras)
		Connector Extras EMI Bridge 1.12.1+1.21.1 (connectorextras_emi_bridge)
		Connector Extras Energy Bridge 1.12.1+1.21.1 (connectorextras_energy_bridge)
		Connector Extras JEI Bridge 1.12.1+1.21.1 (connectorextras_jei_bridge)
		Connector Extras KubeJS Bridge 1.12.1+1.21.1 (connectorextras_kubejs_bridge)
		Connector Extras ModMenu Bridge 1.12.1+1.21.1 (connectorextras_modmenu_bridge)
		Connector Extras Pehkui Bridge 1.12.1+1.21.1 (connectorextras_pehkui_bridge)
		Connector Extras REI Bridge 1.12.1+1.21.1 (connectorextras_rei_bridge)
		Connector Extras Terrablender Bridge 1.12.1+1.21.1 (connectorextras_terrablender_bridge)
		Continuity 0.0 (continuity)
		Convenient Effects 21.1.4 (convenienteffects)
		CorgiLib 5.0.0.9 (corgilib)
		CoroUtil 1.21.0-1.3.9 (coroutil)
		Crash Assistant 1.11.8 (crash_assistant)
		Cristel Lib 3.0.3 (cristellib)
		Cumulus 2.0.7 (cumulus_menus)
		Cupboard mod 3.5 (cupboard)
		Curios API 9.5.1+1.21.1 (curios)
		Cut Through 21.1.0 (cutthrough)
		Deep Aether 1.21.1-1.1.5.1 (deep_aether)
		Deeper and Darker 1.4 (deeperdarker)
		Despawn Tweaks 1.0.0 (despawntweaks)
		Diagonal Blocks 21.1.2 (diagonalblocks)
		Diagonal Fences 21.1.1 (diagonalfences)
		Diagonal Walls 21.1.2 (diagonalwalls)
		Disconnect Packet Fix 2.0.1 (disconnect_packet_fix)
		Does It Tick? 1.1.4 (does_it_tick)
		Dolphin Fix 1.1.0 (dolphin_fix)
		Double Doors 7.2 (doubledoors)
		Dragon Mounts Remastered 1.9.2 (dmr)
		DragonLoot 1.1.15 (dragonloot)
		Dungeons and Taverns Ancient City Overhaul 1-v2 (mr_dungeons_andtavernsancientcityoverhaul)
		Dungeons and Taverns Swamp Hut Overhaul 1-v2 (mr_dungeons_andtavernsswamphutoverhaul)
		Dungeons and Taverns Woodland Mansion Replacement 1-v1.2 (mr_dungeons_andtavernswoodlandmansionreplacement)
		Dyed Flames 21.1.1 (dyedflames)
		Early Bedtime 1.0.0 (earlybedtime)
		Easy Anvils 21.1.0 (easyanvils)
		Easy Disenchanting 1.0.1 (easydisenchanting)
		Easy Magic 21.1.4 (easymagic)
		EnchantmentDescriptions 21.1.9 (enchdesc)
		Ender's Delight 1.2.0 (endersdelight)
		Enhanced Extinguishing 1.0.0 (aether_enhanced_extinguishing)
		EpheroLib 1.2.0 (epherolib)
		Eternal Nether 21.1.3 (eternalnether)
		Explorations+ 1.21.1-1.6.2 (explorations)
		Explorify 1.6.4 (explorify)
		Extensible Enums 21.1.1 (extensibleenums)
		FallingTree 1.21.1.11 (fallingtree)
		Farmer's Cutting: Oh The Biomes We've Gone 1.21.1-2.1-neoforge (mr_farmers_cuttingohthebiomeswevegone)
		Farmer's Delight 1.3.1 (farmersdelight)
		FarmersStructures 1.0.2 (farmers_structures)
		Fast Item Frames 21.1.6 (fastitemframes)
		Fast Paintings 1.21-1.3.0 (fastpaintings)
		fastasyncworldsave mod 2.6 (fastasyncworldsave)
		Ferrite Core 7.0.3 (ferritecore)
		Forge Config API Port 21.1.6 (forgeconfigapiport)
		Forgified Fabric API 0.116.7+2.2.4+1.21.1 (fabric_api)
		Forgified Fabric API Base 0.4.42+d1308dedd1 (fabric_api_base)
		Forgified Fabric API Lookup API (v1) 1.6.71+c290471319 (fabric_api_lookup_api_v1)
		Forgified Fabric Biome API (v1) 13.0.31+1e62d33c19 (fabric_biome_api_v1)
		Forgified Fabric Block API (v1) 1.1.0+b0c22bb819 (fabric_block_api_v1)
		Forgified Fabric BlockRenderLayer Registration (v1) 1.1.52+c290471319 (fabric_blockrenderlayer_v1)
		Forgified Fabric BlockView API (v2) 1.0.11+e9036fd419 (fabric_block_view_api_v2)
		Forgified Fabric Client Tags 1.1.15+e053909619 (fabric_client_tags_api_v1)
		Forgified Fabric Command API (v2) 2.2.28+36d727be19 (fabric_command_api_v2)
		Forgified Fabric Content Registries (v0) 8.0.19+5e0d320019 (fabric_content_registries_v0)
		Forgified Fabric Convention Tags 2.1.5+7f945d5b19 (fabric_convention_tags_v1)
		Forgified Fabric Convention Tags (v2) 2.11.1+87e5848019 (fabric_convention_tags_v2)
		Forgified Fabric Data Attachment API (v1) 1.4.5+26d408aa19 (fabric_data_attachment_api_v1)
		Forgified Fabric Data Generation API (v1) 20.2.34+a4c3605619 (fabric_data_generation_api_v1)
		Forgified Fabric Entity Events (v1) 1.8.0+5ede667619 (fabric_entity_events_v1)
		Forgified Fabric Events Interaction (v0) 0.7.13+86e0887119 (fabric_events_interaction_v0)
		Forgified Fabric Game Rule API (v1) 1.0.53+36d727be19 (fabric_game_rule_api_v1)
		Forgified Fabric Game Test API (v1) 2.0.5+29f188ce19 (fabric_gametest_api_v1)
		Forgified Fabric Item API (v1) 11.2.0+0c57911319 (fabric_item_api_v1)
		Forgified Fabric Item Group API (v1) 4.1.7+e324903319 (fabric_item_group_api_v1)
		Forgified Fabric Key Binding API (v1) 1.0.47+62cc7ce119 (fabric_key_binding_api_v1)
		Forgified Fabric Lifecycle Events (v1) 2.6.0+e40d8add19 (fabric_lifecycle_events_v1)
		Forgified Fabric Loot API (v2) 3.0.15+a3ee712d19 (fabric_loot_api_v2)
		Forgified Fabric Loot API (v3) 1.0.3+333dfad919 (fabric_loot_api_v3)
		Forgified Fabric Message API (v1) 6.0.14+6a754fce19 (fabric_message_api_v1)
		Forgified Fabric Model Loading API (v1) 2.1.0+6e8f52c719 (fabric_model_loading_api_v1)
		Forgified Fabric Networking API (v1) 4.3.0+30a980d919 (fabric_networking_api_v1)
		Forgified Fabric Object Builder API (v1) 15.2.1+cc242efd19 (fabric_object_builder_api_v1)
		Forgified Fabric Particles (v1) 4.0.2+824f924c19 (fabric_particles_v1)
		Forgified Fabric Recipe API (v1) 5.0.15+59440bcc19 (fabric_recipe_api_v1)
		Forgified Fabric Registry Sync (v0) 5.3.1+f9aace1619 (fabric_registry_sync_v0)
		Forgified Fabric Renderer - Indigo 1.7.1+9125b6dc19 (fabric_renderer_indigo)
		Forgified Fabric Renderer API (v1) 3.4.1+9125b6dc19 (fabric_renderer_api_v1)
		Forgified Fabric Rendering (v1) 5.1.0+1a09bd5a19 (fabric_rendering_v1)
		Forgified Fabric Rendering Data Attachment (v1) 0.3.49+73761d2e19 (fabric_rendering_data_attachment_v1)
		Forgified Fabric Rendering Fluids (v1) 3.1.6+a51883b219 (fabric_rendering_fluids_v1)
		Forgified Fabric Resource Conditions API (v1) 4.3.0+5bdd099819 (fabric_resource_conditions_api_v1)
		Forgified Fabric Resource Loader (v0) 1.3.1+4ea8954419 (fabric_resource_loader_v0)
		Forgified Fabric Screen API (v1) 2.0.25+4228281319 (fabric_screen_api_v1)
		Forgified Fabric Screen Handler API (v1) 1.3.90+8dbc56dd19 (fabric_screen_handler_api_v1)
		Forgified Fabric Sound API (v1) 1.0.23+10b84f8419 (fabric_sound_api_v1)
		Forgified Fabric Transfer API (v1) 5.4.3+a25cb45619 (fabric_transfer_api_v1)
		Forgified Fabric Transitive Access Wideners (v1) 6.2.0+6c854b6f19 (fabric_transitive_access_wideners_v1)
		Formations 1.0.4 (formations)
		Formations Nether 1.0.5 (formationsnether)
		Formations Overworld 1.0.5 (formationsoverworld)
		Framework 0.13.11 (framework)
		Friends&Foes 4.0.25 (friendsandfoes)
		FTB Filter System 21.1.4 (ftbfiltersystem)
		FTB Library 2101.1.31 (ftblibrary)
		FTB Quests 2101.1.24 (ftbquests)
		FTB Teams 2101.1.10 (ftbteams)
		FTB XMod Compat 21.1.8 (ftbxmodcompat)
		Fzzy Config 0.7.6+1.21+neoforge (fzzy_config)
		Gardens of the Dead 5.0.2 (gardens_of_the_dead)
		GeckoLib 4 4.8.4 (geckolib)
		Geophilic 3.4.6 (geophilic)
		Geophilic Backport 1.3.2 (geophilic_backport)
		GlitchCore 2.1.0.0 (glitchcore)
		Goblin Traders 1.11.2 (goblintraders)
		Golem Spawn Fix 1.0.2 (golem_spawn_fix)
		Handcrafted 4.0.3 (handcrafted)
		Hearths 1.0.5 (hearths)
		Hellish Trials 1.0.5 (hellish_trials)
		Highlighter 1.1.11 (highlighter)
		Horse Breeding Fix 1.1.1 (horsebreedingfix)
		Hybrid Aquatic 1.5.5 (hybrid_aquatic)
		Iceberg 1.3.2 (iceberg)
		Illager Invasion 21.1.6 (illagerinvasion)
		Immersive Armor HUD 1.0.1 (immersivearmorhud)
		Immersive Lanterns 1.0.6 (immersivelanterns)
		Immersive Messages API 1.0.18 (immersivemessages)
		Immersive Tips 1.0.1 (immersivetips)
		Improved Village Placement 1.1.2 (improved_village_placement)
		Inmis 2.8.1-2.9.3-1.21.1 (inmis)
		Iris 1.8.12-snapshot+mc1.21.1-local (iris)
		It Takes a Pillage Continuation 1.0.10 (takesapillage)
		Jade 15.10.5+neoforge (jade)
		Jade Addons 6.1.0+neoforge (jadeaddons)
		JamLib 1.3.6+1.21.1 (jamlib)
		Just Enough Breeding 1.6.2 (justenoughbreeding)
		Just Enough Items 19.27.0.340 (jei)
		Kiwi Library 15.8.3+neoforge (kiwi)
		KleeSlabs 21.1.10 (kleeslabs)
		Konkrete 1.9.9 (konkrete)
		Kotlin For Forge 5.11.0 (kotlinforforge)
		Krypton FNP 0.2.28.1-1.21.1 (krypton_fnp)
		KumaAPI 21.0.7 (kuma_api)
		L2Core 3.0.8+16 (l2core)
		L_Ender's Cataclysm 1.21.1 3.27 (cataclysm)
		Leaderboards 2.0.0 (leaderboards)
		Leaves Be Gone 21.1.0 (leavesbegone)
		Limitless Containers 21.1.0 (limitlesscontainers)
		lionfishapi 2.7 (lionfishapi)
		Lithium 0.15.3+mc1.21.1 (lithium)
		Lithostitched 1.7.2 (lithostitched)
		Load My F***ing Tags 1.1.1+1.21.9 (lmft)
		Loading Protection 1.0.2 (loadingprotection)
		Log Begone 1.0.3 (logbegone)
		Long NBT Killer 1.0.0 (longnbtkiller)
		lootintegration_wda mod 1 (lootintegration_wda)
		Lootintegrations mod 4.7 (lootintegrations)
		lootintegrations_bygonepillage mod 1 (lootintegrations_bygonepillage)
		lootintegrations_formations mod 1 (lootintegrations_formations)
		lootintegrations_moog mod 1 (lootintegrations_moog)
		lootintegrations_yungs mod 1 (lootintegrations_yungs)
		Luki's Crazy Chambers 1.0.3 (mr_lukis_crazychambers)
		luna 5.3.1 (luna_minecraft)
		Magnum Torch 21.1.1 (magnumtorch)
		Melody 1.0.10 (melody)
		memorysettings mod 6.0 (memorysettings)
		MidnightLib 1.9.2 (midnightlib)
		Minecraft 1.21.1 (minecraft)
		MiscTweaks 1.3.0 (misctweaks)
		Mixin Trace Reforged 1.0.0 (mixintracereforged)
		Mixson 1.4.0 (mixson)
		MmmMmmMmmMmm 1.21-2.0.12 (dummmmmmy)
		ModernFix 5.24.3+mc1.21.1 (modernfix)
		Modpack Update Checker 0.15.6 (modpackupdatechecker)
		Moog's Glow Up 1.2.1-1.21-1.21.1 (glow_up)
		Moog's Structure Lib 2.0.2 (moogs_structures)
		MoogsEndStructures 2.0.0 (mes)
		MoogsMissingVillages 2.1.0 (mmv)
		MoogsNetherStructures 2.0.31 (mns)
		MoogsVoyagerStructures 5.0.8 (mvs)
		Moonlight Lib 1.21-2.29.33 (moonlight)
		MoreVillagers 1.25.12.4 (morevillagers)
		Mowzie's Mobs 1.8.2 (mowziesmobs)
		MPUC lavender-md 0.1.2 (mpuc_lavendermd)
		My Nether's Delight 1.10.1 (mynethersdelight)
		NaNny 1.0.1 (nanny)
		Nature's Compass 1.21.1-3.4.0-neoforge (naturescompass)
		Neo Bee Fix 2.0.0 (neobeefix)
		NeoForge 21.1.228 (neoforge)
		NeoForge Data Pack Extensions 21.1.2 (neoforgedatapackextensions)
		Neruina 3.3.0 (neruina)
		Nether Chested 21.1.1 (netherchested)
		Netherite Tweaks 1.2.2 (netherite_tweaks_luna)
		NetherPortalFix 21.1.1 (netherportalfix)
		Nitrogen 1.1.25 (nitrogen_internals)
		No Chat Reports 1.21.1-v2.9.1 (nochatreports)
		Non-Directional Damage Tilt Fix 2.0.1+b1.21.1 (nondirectionaldamagetiltfix)
		Ocean's Delight 1.0.4 (oceansdelight)
		Oh The Biomes We've Gone 2.5.5 (biomeswevegone)
		Oh The Trees You'll Grow 5.3.1 (ohthetreesyoullgrow)
		Open Parties and Claims 0.26.2 (openpartiesandclaims)
		oωo 0.12.15.5-beta.1+1.21 (owo)
		PacketFixer 3.3.1 (packetfixer)
		Patchouli 1.21.1-93-NEOFORGE (patchouli)
		Paxi 1.21.1-NeoForge-5.1.3 (paxi)
		Piglin Proliferation 2.0.13 (piglinproliferation)
		Ping Wheel 1.12.2 (pingwheel)
		Platform 1.3 (platform)
		Polymorph 1.1.0+1.21.1 (polymorph)
		PrickleMC 21.1.11 (prickle)
		Protect Your Moa 1.0.0 (aether_protect_your_moa)
		Pufferfish's Biome Dither 1.0.0 (puffish_biome_dither)
		Puzzles Lib 21.1.39 (puzzleslib)
		Quest Kill Task 0.3.1+1.21.1 (questkilltask)
		Raided 0.1.6 (raided)
		Random Enchant Fix 1.0.1 (randomenchantfix)
		recipeessentials mod 4.0 (recipeessentials)
		Redirected 1.0.0 (redirected)
		Reese's Sodium Options 1.8.3+mc1.21.4 (reeses_sodium_options)
		Repurposed Structures 7.5.20+1.21.1-neoforge (repurposed_structures)
		Repurposed Structures - Farmer's Delight Compat 7 (repurposed_structures_farmers_delight_compat)
		Reset Controls Confirmation 1.0.0 (reset_controls_confirmation)
		Resource Pack Overrides 21.1.0 (resourcepackoverrides)
		Resourceful Lib 3.0.12 (resourcefullib)
		Resourcefulconfig 3.0.11 (resourcefulconfig)
		RevampedWolf 1.21.1-13.0.0 (revampedwolf)
		Rewithered 1.0.8 (rewithered)
		Right Click Harvest 4.6.1+1.21.1 (rightclickharvest)
		ScalableLux 0.1.0.1+neoforge.1cb1e91 (scalablelux)
		Searchables 1.0.2 (searchables)
		Seasonal Integration 1.5.0 (seasonal_integration)
		Serene Seasons 10.1.0.3 (sereneseasons)
		ServerBrowser 1.4.2 (serverbrowser)
		Simple Snowy Fix 2.1.9 (simple_snowy_fix)
		Sinytra Connector 2.0.0-beta.14+1.21.1 (connector)
		Skeleton AI Fix 21.1.1 (skeletonaifix)
		Smarter Farmers 1.21-2.2.4 (smarterfarmers)
		Smoothchunk mod 4.1 (smoothchunk)
		smoothmovement mod 2.7 (smoothmovement)
		Snow Under Trees 1.5 (snowundertrees)
		Snow! Real Magic! 12.2.1+neoforge (snowrealmagic)
		Sound Physics Remastered 1.21.1-1.5.1 (sound_physics_remastered)
		spark 1.10.124 (spark)
		SparseStructures 3.0 (sparsestructures)
		SpectreLib 0.17.2+1.21 (spectrelib)
		Stoneworks 21.1.0 (stoneworks)
		Stony Cliffs Are Cool 1.1.2 (stonycliffs)
		Structory 1.3.16 (structory)
		Structory: Towers 1.0.16 (structory_towers)
		Structure Essentials mod 5.0 (structureessentials)
		Structure Layout Optimizer 1.0.12 (structure_layout_optimizer)
		Subtle Effects 1.14.3 (subtle_effects)
		Supplementaries 1.21-3.5.34 (supplementaries)
		TerraBlender 4.1.0.8 (terrablender)
		The Aether 1.5.10 (aether)
		The Twilight Forest 4.8.3345 (twilightforest)
		Tom's Simple Storage Mod 2.3.2 (toms_storage)
		Too Fast 0.4.3.6 (toofast)
		Trading Post 21.1.1 (tradingpost)
		TRansition 1.0.17 (transition)
		Treasure Reforging 1.0.1 (aether_treasure_reforging)
		TRender 1.0.12 (trender)
		Trimmed 3.0.0 (trimmed)
		Twilight Flavors & Delight 3.2.0 (twilightdelight)
		TwilightForest Thread Safety Addon 0.1.3 (tfthreadsafetyaddon)
		TxniLib 1.0.24 (txnilib)
		Underlay 1.0.1 (underlay)
		Universal Sawmill 1.21-1.7.1 (sawmill)
		Vanilla Backport Compat (on-hold) 1.7 (mr_vb_compat)
		VanillaBackport 1.1.6.3 (vanillabackport)
		Variants&Ventures 1.0.24 (variantsandventures)
		Vein Mining 5.0.0-beta.2+1.21 (veinmining)
		Villager Names 8.2 (villagernames)
		VillagerAPI 1.26.1.3 (villagerapi)
		Villages & Pillages 1.0.3 (villagesandpillages)
		Visual Workbench 21.1.1 (visualworkbench)
		Waystones 21.1.30 (waystones)
		Wetland Whimsy 2.0.3-1.21.1 (wetland_whimsy)
		What Are They Up To 1.21.0-1.2.7 (watut)
		When Dungeons Arise 2.1.68 (dungeons_arise)
		World Play Time 1.2.2 (worldplaytime)
		Xaero's Minimap 25.3.10 (xaerominimap)
		Xaero's World Map 1.40.11 (xaeroworldmap)
		XaeroLib 1.1.0 (xaerolib)
		XP Tome 2.4 (xpbook)
		YetAnotherConfigLib 3.8.2+1.21.1-neoforge (yet_another_config_lib_v3)
		You're in Grave Danger 2.0.13 (yigd)
		YUNG's API 1.21.1-NeoForge-5.1.6 (yungsapi)
		YUNG's Better Dungeons 1.21.1-NeoForge-5.1.4 (betterdungeons)
		YUNG's Better End Island 1.21.1-NeoForge-3.1.2 (betterendisland)
		YUNG's Better Jungle Temples 1.21.1-NeoForge-3.1.2 (betterjungletemples)
		YUNG's Better Mineshafts 1.21.1-NeoForge-5.1.1 (bettermineshafts)
		YUNG's Better Nether Fortresses 1.21.1-NeoForge-3.1.5 (betterfortresses)
		YUNG's Better Ocean Monuments 1.21.1-NeoForge-4.1.2 (betteroceanmonuments)
		YUNG's Better Strongholds 1.21.1-NeoForge-5.1.3 (betterstrongholds)
		YUNG's Better Witch Huts 1.21.1-NeoForge-4.1.1 (betterwitchhuts)
		Zombie Improvements 1.2.0 (zombieimprovements)
[24Jun2026 11:51:26.588] [main/INFO] [Configured Defaults/]: Applying default files...
[24Jun2026 11:51:27.308] [main/INFO] [org.sinytra.connector.service.hacks.ModuleLayerMigrator/]: Successfully made module authlib transformable
[24Jun2026 11:51:27.310] [main/INFO] [org.sinytra.connector.service.hacks.ModuleLayerMigrator/]: Successfully made module brigadier transformable
[24Jun2026 11:51:27.316] [main/INFO] [net.neoforged.fml.loading.FMLServiceProvider/CORE]: Loading coremod script-engine for [openpartiesandclaims, xaerominimap, xaeroworldmap]
[24Jun2026 11:51:35.891] [main/INFO] [mixin/]: Compatibility level set to JAVA_21
[24Jun2026 11:51:36.586] [main/INFO] [cpw.mods.modlauncher.LaunchServiceHandler/MODLAUNCHER]: Launching target 'forgeserver' with arguments [nogui]
[24Jun2026 11:51:36.720] [main/INFO] [C2ME Modules Manager/]: Initializing com.ishland.c2me.fixes.worldgen.threading_issues.mixin
[24Jun2026 11:51:36.764] [main/WARN] [mixin/]: Reference map 'betterdungeons.refmap.json' for betterdungeons.mixins.json could not be read. If this is a development environment you can ignore this message
[24Jun2026 11:51:36.770] [main/WARN] [mixin/]: Reference map 'openpartiesandclaims.refmap.json' for openpartiesandclaims.mixins.json could not be read. If this is a development environment you can ignore this message
[24Jun2026 11:51:36.774] [main/WARN] [mixin/]: Reference map 'openpartiesandclaims.refmap.json' for openpartiesandclaims.create.mixins.json could not be read. If this is a development environment you can ignore this message
[24Jun2026 11:51:36.778] [main/WARN] [mixin/]: Reference map 'variantsandventures.refmap.json' for variantsandventures-neoforge.mixins.json could not be read. If this is a development environment you can ignore this message
[24Jun2026 11:51:36.782] [main/WARN] [mixin/]: Reference map 'variantsandventures.refmap.json' for variantsandventures-common.mixins.json could not be read. If this is a development environment you can ignore this message
[24Jun2026 11:51:36.787] [main/WARN] [mixin/]: Reference map 'bedrockoid.refmap.json' for bedrockoid.mixins.json could not be read. If this is a development environment you can ignore this message
[24Jun2026 11:51:36.791] [main/WARN] [mixin/]: Reference map 'bmcpalegardenpatcher.refmap.json' for bmcpalegardenpatcher.mixins.json could not be read. If this is a development environment you can ignore this message
[24Jun2026 11:51:36.791] [main/INFO] [C2ME Modules Manager/]: Initializing com.ishland.c2me.rewrites.chunk_serializer.mixin
[24Jun2026 11:51:36.794] [main/INFO] [C2ME Modules Manager/]: Disabling com.ishland.c2me.rewrites.chunk_serializer.mixin
[24Jun2026 11:51:36.805] [main/WARN] [mixin/]: Reference map 'subtle_effects.refmap.json' for subtle_effects.mixins.json could not be read. If this is a development environment you can ignore this message
[24Jun2026 11:51:36.806] [main/WARN] [mixin/]: Reference map 'subtle_effects.refmap.json' for subtle_effects.neoforge.mixins.json could not be read. If this is a development environment you can ignore this message
[24Jun2026 11:51:36.806] [main/INFO] [C2ME Modules Manager/]: Initializing com.ishland.c2me.fixes.general.threading_issues.mixin
[24Jun2026 11:51:36.868] [main/INFO] [ModernFix/]: Loaded configuration file for ModernFix 5.24.3+mc1.21.1: 78 options available, 5 override(s) found
[24Jun2026 11:51:36.869] [main/WARN] [ModernFix/]: Option 'mixin.bugfix.paper_chunk_patches' overriden (by mods [c2me]) to 'false'
[24Jun2026 11:51:36.869] [main/WARN] [ModernFix/]: Option 'mixin.perf.faster_item_rendering' overriden (by user configuration) to 'true'
[24Jun2026 11:51:36.871] [main/WARN] [ModernFix/]: Option 'mixin.perf.cache_strongholds' overriden (by mods [c2me]) to 'false'
[24Jun2026 11:51:36.871] [main/WARN] [ModernFix/]: Option 'mixin.feature.branding' overriden (by user configuration) to 'false'
[24Jun2026 11:51:36.871] [main/WARN] [ModernFix/]: Option 'mixin.bugfix.chunk_deadlock' overriden (by mods [c2me]) to 'false'
[24Jun2026 11:51:36.872] [main/INFO] [ModernFix/]: Applying Nashorn fix
[24Jun2026 11:51:36.877] [main/WARN] [mixin/]: Reference map 'autochefsdelight.refmap.json' for autochefsdelight.mixins.json could not be read. If this is a development environment you can ignore this message
[24Jun2026 11:51:36.957] [main/INFO] [one.pkg.config.SewliaConfig/]: All configurations saved
[24Jun2026 11:51:36.961] [main/INFO] [one.pkg.config.SewliaConfig/]: Reloaded configuration: ModConfig
[24Jun2026 11:51:36.961] [main/INFO] [one.pkg.config.SewliaConfig/]: Successfully initialized configuration manager, loaded 1 configuration classes
[24Jun2026 11:51:36.967] [main/WARN] [mixin/]: Reference map '' for krypton_fnp.mixins.json could not be read. If this is a development environment you can ignore this message
[24Jun2026 11:51:36.969] [main/WARN] [mixin/]: Reference map 'yungsapi.refmap.json' for yungsapi.mixins.json could not be read. If this is a development environment you can ignore this message
[24Jun2026 11:51:36.972] [main/WARN] [mixin/]: Reference map 'iris.refmap.json' for mixins.iris.json could not be read. If this is a development environment you can ignore this message
[24Jun2026 11:51:36.973] [main/WARN] [mixin/]: Reference map 'iris.refmap.json' for mixins.iris.fantastic.json could not be read. If this is a development environment you can ignore this message
[24Jun2026 11:51:36.974] [main/WARN] [mixin/]: Reference map 'iris.refmap.json' for mixins.iris.vertexformat.json could not be read. If this is a development environment you can ignore this message
[24Jun2026 11:51:36.975] [main/WARN] [mixin/]: Reference map 'iris.refmap.json' for iris-batched-entity-rendering.mixins.json could not be read. If this is a development environment you can ignore this message
[24Jun2026 11:51:36.976] [main/WARN] [mixin/]: Reference map 'iris.refmap.json' for mixins.iris.compat.sodium.json could not be read. If this is a development environment you can ignore this message
[24Jun2026 11:51:36.981] [main/WARN] [mixin/]: Reference map 'clientcrafting.refmap.json' for clientcrafting.mixins.json could not be read. If this is a development environment you can ignore this message
[24Jun2026 11:51:36.987] [main/WARN] [mixin/]: Reference map 'clientsort.refmap.json' for clientsort.mixins.json could not be read. If this is a development environment you can ignore this message
[24Jun2026 11:51:36.988] [main/WARN] [mixin/]: Reference map 'clientsort.refmap.json' for clientsort.neoforge.mixins.json could not be read. If this is a development environment you can ignore this message
[24Jun2026 11:51:36.989] [main/WARN] [mixin/]: Reference map 'balm.refmap.json' for balm.mixins.json could not be read. If this is a development environment you can ignore this message
[24Jun2026 11:51:36.992] [main/WARN] [mixin/]: Reference map 'snowrealmagic.refmap.json' for snowrealmagic.mixins.json could not be read. If this is a development environment you can ignore this message
[24Jun2026 11:51:36.993] [main/WARN] [mixin/]: Reference map 'prickle.refmap.json' for prickle.mixins.json could not be read. If this is a development environment you can ignore this message
[24Jun2026 11:51:36.995] [main/INFO] [C2ME Modules Manager/]: Initializing com.ishland.c2me.base.mixin
[24Jun2026 11:51:37.050] [main/INFO] [C2ME Config System/]: Global Executor Parallelism: 1 configured, 1 evaluated, 1 default evaluated
[24Jun2026 11:51:37.059] [main/WARN] [mixin/]: Reference map 'crash_assistant.refmap.json' for crash_assistant.mixins.json could not be read. If this is a development environment you can ignore this message
[24Jun2026 11:51:37.061] [main/WARN] [mixin/]: Reference map 'betterfortresses.refmap.json' for betterfortresses.mixins.json could not be read. If this is a development environment you can ignore this message
[24Jun2026 11:51:37.066] [main/WARN] [mixin/]: Reference map 'revampedwolf.refmap.json' for revampedwolf.mixins.json could not be read. If this is a development environment you can ignore this message
[24Jun2026 11:51:37.073] [main/WARN] [mixin/]: Reference map 'explorations.refmap.json' for explorations.mixins.json could not be read. If this is a development environment you can ignore this message
[24Jun2026 11:51:37.081] [main/WARN] [mixin/]: Reference map 'reeses-sodium-options.refmap.json' for reeses-sodium-options.mixins.json could not be read. If this is a development environment you can ignore this message
[24Jun2026 11:51:37.081] [main/INFO] [C2ME Modules Manager/]: Initializing com.ishland.c2me.opts.dfc.mixin
[24Jun2026 11:51:37.083] [main/INFO] [C2ME Modules Manager/]: Disabling com.ishland.c2me.opts.dfc.mixin
[24Jun2026 11:51:37.085] [main/WARN] [mixin/]: Reference map 'curios.refmap.json' for curios.neoforge.mixins.json could not be read. If this is a development environment you can ignore this message
[24Jun2026 11:51:37.087] [main/WARN] [mixin/]: Reference map 'curios.refmap.json' for curios.mixins.json could not be read. If this is a development environment you can ignore this message
[24Jun2026 11:51:37.088] [main/WARN] [mixin/]: Reference map 'searchables.refmap.json' for searchables.mixins.json could not be read. If this is a development environment you can ignore this message
[24Jun2026 11:51:37.089] [main/WARN] [mixin/]: Reference map 'searchables.refmap.json' for searchables.neoforge.mixins.json could not be read. If this is a development environment you can ignore this message
[24Jun2026 11:51:37.095] [main/WARN] [mixin/]: Reference map '' for accessories-common.mixins.json could not be read. If this is a development environment you can ignore this message
[24Jun2026 11:51:37.101] [main/WARN] [mixin/]: Reference map '' for accessories-forge.mixins.json could not be read. If this is a development environment you can ignore this message
[24Jun2026 11:51:37.104] [main/WARN] [mixin/]: Reference map 'cumulus_menus.refmap.json' for cumulus_menus.mixins.json could not be read. If this is a development environment you can ignore this message
[24Jun2026 11:51:37.105] [main/WARN] [mixin/]: Reference map 'cumulus_menus.refmap.json' for cumulus_menus.neoforge.mixins.json could not be read. If this is a development environment you can ignore this message
[24Jun2026 11:51:37.109] [main/WARN] [mixin/]: Reference map 'betterendisland.refmap.json' for betterendisland.mixins.json could not be read. If this is a development environment you can ignore this message
[24Jun2026 11:51:37.112] [main/WARN] [mixin/]: Reference map 'nitrogen_internals.refmap.json' for nitrogen_internals.mixins.json could not be read. If this is a development environment you can ignore this message
[24Jun2026 11:51:37.114] [main/WARN] [mixin/]: Reference map 'jadeaddons.refmap.json' for jadeaddons.mixins.json could not be read. If this is a development environment you can ignore this message
[24Jun2026 11:51:37.116] [main/WARN] [mixin/]: Reference map 'sparsestructures.refmap.json' for sparsestructures.mixins.json could not be read. If this is a development environment you can ignore this message
[24Jun2026 11:51:37.118] [main/WARN] [mixin/]: Reference map 'bettermineshafts.refmap.json' for bettermineshafts.mixins.json could not be read. If this is a development environment you can ignore this message
[24Jun2026 11:51:37.119] [main/WARN] [mixin/]: Reference map 'veinmining.refmap.json' for veinmining.mixins.json could not be read. If this is a development environment you can ignore this message
[24Jun2026 11:51:37.122] [main/WARN] [mixin/]: Reference map 'betterjungletemples.refmap.json' for betterjungletemples.mixins.json could not be read. If this is a development environment you can ignore this message
[24Jun2026 11:51:37.126] [main/WARN] [mixin/]: Reference map 'kiwi.refmap.json' for kiwi.mixins.json could not be read. If this is a development environment you can ignore this message
[24Jun2026 11:51:37.128] [main/WARN] [mixin/]: Reference map 'mowziesmobs.refmap.json' for mowziesmobs.mixins.json could not be read. If this is a development environment you can ignore this message
[24Jun2026 11:51:37.134] [main/INFO] [C2ME Modules Manager/]: Initializing com.ishland.c2me.threading.lighting.mixin
[24Jun2026 11:51:37.171] [main/INFO] [LithiumConfig/]: Option 'mixin.experimental.entity.block_caching.suffocation' requires 'mixin.util.block_tracking=true' but found 'false'. Setting 'mixin.experimental.entity.block_caching.suffocation=false'.
[24Jun2026 11:51:37.171] [main/INFO] [LithiumConfig/]: Option 'mixin.experimental.entity.block_caching.block_support' requires 'mixin.util.block_tracking=true' but found 'false'. Setting 'mixin.experimental.entity.block_caching.block_support=false'.
[24Jun2026 11:51:37.171] [main/INFO] [LithiumConfig/]: Option 'mixin.experimental.entity.block_caching.block_touching' requires 'mixin.util.block_tracking=true' but found 'false'. Setting 'mixin.experimental.entity.block_caching.block_touching=false'.
[24Jun2026 11:51:37.171] [main/INFO] [LithiumConfig/]: Option 'mixin.experimental.entity.block_caching' requires 'mixin.util.block_tracking=true' but found 'false'. Setting 'mixin.experimental.entity.block_caching=false'.
[24Jun2026 11:51:37.171] [main/INFO] [Lithium/]: Loaded configuration file for Lithium: 148 options available, 0 override(s) found
[24Jun2026 11:51:37.181] [main/WARN] [mixin/]: Reference map 'goblintraders.refmap.json' for goblintraders.common.mixins.json could not be read. If this is a development environment you can ignore this message
[24Jun2026 11:51:37.184] [main/WARN] [mixin/]: Reference map 'paxi.refmap.json' for paxi.mixins.json could not be read. If this is a development environment you can ignore this message
[24Jun2026 11:51:37.185] [main/WARN] [mixin/]: Reference map 'paxi.refmap.json' for paxi_neoforge.mixins.json could not be read. If this is a development environment you can ignore this message
[24Jun2026 11:51:37.190] [main/WARN] [mixin/]: Reference map 'fastasyncworldsave.refmap.json' for fastasyncworldsave.mixins.json could not be read. If this is a development environment you can ignore this message
[24Jun2026 11:51:37.193] [main/WARN] [mixin/]: Reference map 'glitchcore.refmap.json' for glitchcore.mixins.json could not be read. If this is a development environment you can ignore this message
[24Jun2026 11:51:37.194] [main/WARN] [mixin/]: Reference map 'glitchcore.refmap.json' for glitchcore.neoforge.mixins.json could not be read. If this is a development environment you can ignore this message
[24Jun2026 11:51:37.195] [main/WARN] [mixin/]: Reference map 'sereneseasons.refmap.json' for sereneseasons.mixins.json could not be read. If this is a development environment you can ignore this message
[24Jun2026 11:51:37.196] [main/WARN] [mixin/]: Reference map 'sereneseasons.refmap.json' for sereneseasons.neoforge.mixins.json could not be read. If this is a development environment you can ignore this message
[24Jun2026 11:51:37.200] [main/INFO] [C2ME Modules Manager/]: Initializing com.ishland.c2me.rewrites.chunksystem.mixin
[24Jun2026 11:51:37.208] [main/WARN] [mixin/]: Reference map 'adventuredungeons.refmap.json' for adventuredungeons.mixins.json could not be read. If this is a development environment you can ignore this message
[24Jun2026 11:51:37.209] [main/INFO] [C2ME Modules Manager/]: Initializing com.ishland.c2me.opts.worldgen.vanilla.mixin
[24Jun2026 11:51:37.212] [main/INFO] [C2ME Modules Manager/]: Initializing com.ishland.c2me.opts.scheduling.mixin
[24Jun2026 11:51:37.216] [main/WARN] [mixin/]: Reference map 'logbegone.refmap.json' for logbegone.neoforge.mixins.json could not be read. If this is a development environment you can ignore this message
[24Jun2026 11:51:37.217] [main/WARN] [mixin/]: Reference map 'trimmed.refmap.json' for trimmed.mixins.json could not be read. If this is a development environment you can ignore this message
[24Jun2026 11:51:37.218] [main/WARN] [mixin/]: Reference map 'trimmed.refmap.json' for trimmed.neo.mixins.json could not be read. If this is a development environment you can ignore this message
[24Jun2026 11:51:37.219] [main/WARN] [mixin/]: Reference map 'smoothchunk.refmap.json' for smoothchunk.mixins.json could not be read. If this is a development environment you can ignore this message
[24Jun2026 11:51:37.221] [main/WARN] [mixin/]: Reference map 'terrablender.refmap.json' for terrablender.mixins.json could not be read. If this is a development environment you can ignore this message
[24Jun2026 11:51:37.222] [main/WARN] [mixin/]: Reference map 'terrablender.refmap.json' for terrablender_neoforge.mixins.json could not be read. If this is a development environment you can ignore this message
[24Jun2026 11:51:37.224] [main/WARN] [mixin/]: Reference map 'nochatreports.refmap.json' for mixins/common/nochatreports.mixins.json could not be read. If this is a development environment you can ignore this message
[24Jun2026 11:51:37.260] [main/WARN] [mixin/]: Reference map 'xaerominimap.refmap.json' for xaerohud.mixins.json could not be read. If this is a development environment you can ignore this message
[24Jun2026 11:51:37.261] [main/WARN] [mixin/]: Reference map 'xaerominimap.refmap.json' for xaerominimap.mixins.json could not be read. If this is a development environment you can ignore this message
[24Jun2026 11:51:37.264] [main/WARN] [mixin/]: Reference map 'smoothmovement.refmap.json' for smoothmovement.mixins.json could not be read. If this is a development environment you can ignore this message
[24Jun2026 11:51:37.266] [main/WARN] [mixin/]: Reference map 'polymorph.refmap.json' for polymorph.mixins.json could not be read. If this is a development environment you can ignore this message
[24Jun2026 11:51:37.268] [main/WARN] [mixin/]: Reference map 'polymorph.refmap.json' for polymorph-compatibility.mixins.json could not be read. If this is a development environment you can ignore this message
[24Jun2026 11:51:37.269] [main/INFO] [C2ME Modules Manager/]: Initializing com.ishland.c2me.notickvd.mixin
[24Jun2026 11:51:37.292] [main/WARN] [mixin/]: Reference map 'backpacked.refmap.json' for backpacked.common.mixins.json could not be read. If this is a development environment you can ignore this message
[24Jun2026 11:51:37.295] [main/WARN] [mixin/]: Reference map 'inmis.refmap.json' for inmis.mixins.json could not be read. If this is a development environment you can ignore this message
[24Jun2026 11:51:37.299] [main/WARN] [mixin/]: Reference map 'biomemusic.refmap.json' for biomemusic.mixins.json could not be read. If this is a development environment you can ignore this message
[24Jun2026 11:51:37.307] [main/WARN] [mixin/]: Reference map 'dragonloot.refmap.json' for dragonloot.mixins.json could not be read. If this is a development environment you can ignore this message
[24Jun2026 11:51:37.309] [main/WARN] [mixin/]: Reference map 'hybrid_aquatic.refmap.json' for hybrid-aquatic.forge.mixins.json could not be read. If this is a development environment you can ignore this message
[24Jun2026 11:51:37.314] [main/WARN] [mixin/]: Reference map 'chunksending.refmap.json' for chunksending.mixins.json could not be read. If this is a development environment you can ignore this message
[24Jun2026 11:51:37.317] [main/WARN] [mixin/]: Reference map 'xptome.refmap.json' for xptome.mixins.json could not be read. If this is a development environment you can ignore this message
[24Jun2026 11:51:37.321] [main/WARN] [mixin/]: Reference map 'kuma_api.refmap.json' for kuma_api.mixins.json could not be read. If this is a development environment you can ignore this message
[24Jun2026 11:51:37.326] [main/WARN] [mixin/]: Reference map 'betterwitchhuts.refmap.json' for betterwitchhuts.mixins.json could not be read. If this is a development environment you can ignore this message
[24Jun2026 11:51:37.327] [main/WARN] [mixin/]: Reference map 'puffish_biome_dither-refmap.json' for puffish_biome_dither.mixins.json could not be read. If this is a development environment you can ignore this message
[24Jun2026 11:51:37.329] [main/WARN] [mixin/]: Reference map 'netherportalfix.refmap.json' for netherportalfix.mixins.json could not be read. If this is a development environment you can ignore this message
[24Jun2026 11:51:37.332] [main/WARN] [mixin/]: Reference map 'geckolib.refmap.json' for geckolib.mixins.json could not be read. If this is a development environment you can ignore this message
[24Jun2026 11:51:37.334] [main/WARN] [mixin/]: Reference map 'recipeessentials.refmap.json' for recipeessentials.mixins.json could not be read. If this is a development environment you can ignore this message
[24Jun2026 11:51:37.340] [main/WARN] [mixin/]: Reference map 'aether.refmap.json' for aether.mixins.json could not be read. If this is a development environment you can ignore this message
[24Jun2026 11:51:37.341] [main/WARN] [mixin/]: Reference map 'deep_aether.refmap.json' for deep_aether.mixins.json could not be read. If this is a development environment you can ignore this message
[24Jun2026 11:51:37.343] [main/WARN] [mixin/]: Reference map 'aeroblender.refmap.json' for aeroblender.mixins.json could not be read. If this is a development environment you can ignore this message
[24Jun2026 11:51:37.345] [main/INFO] [C2ME Modules Manager/]: Initializing com.ishland.c2me.opts.natives_math.mixin
[24Jun2026 11:51:37.349] [main/WARN] [C2ME Modules Manager/]: Disabling com.ishland.c2me.opts.natives_math.mixin due to incompatible Java version, see debug logs for details
[24Jun2026 11:51:37.349] [main/INFO] [C2ME Modules Manager/]: Disabling com.ishland.c2me.opts.natives_math.mixin
[24Jun2026 11:51:37.352] [main/WARN] [mixin/]: Reference map 'betteroceanmonuments.refmap.json' for betteroceanmonuments.mixins.json could not be read. If this is a development environment you can ignore this message
[24Jun2026 11:51:37.356] [main/WARN] [mixin/]: Reference map 'connectivity.refmap.json' for connectivity.mixins.json could not be read. If this is a development environment you can ignore this message
[24Jun2026 11:51:37.357] [main/WARN] [mixin/]: Reference map 'worldplaytime.refmap.json' for worldplaytime.mixins.json could not be read. If this is a development environment you can ignore this message
[24Jun2026 11:51:37.358] [main/WARN] [mixin/]: Reference map 'kleeslabs.refmap.json' for kleeslabs.mixins.json could not be read. If this is a development environment you can ignore this message
[24Jun2026 11:51:37.359] [main/WARN] [mixin/]: Reference map 'kleeslabs.refmap.json' for kleeslabs.neoforge.mixins.json could not be read. If this is a development environment you can ignore this message
[24Jun2026 11:51:37.363] [main/WARN] [mixin/]: Reference map 'structureessentials.refmap.json' for structureessentials.mixins.json could not be read. If this is a development environment you can ignore this message
[24Jun2026 11:51:37.365] [main/WARN] [mixin/]: Reference map 'piglinproliferation.refmap.json' for piglinproliferation.mixins.json could not be read. If this is a development environment you can ignore this message
[24Jun2026 11:51:37.368] [main/WARN] [mixin/]: Reference map 'xaeroworldmap.refmap.json' for xaeroworldmap.mixins.json could not be read. If this is a development environment you can ignore this message
[24Jun2026 11:51:37.370] [main/WARN] [mixin/]: Reference map 'citadel.refmap.json' for citadel.mixins.json could not be read. If this is a development environment you can ignore this message
[24Jun2026 11:51:37.372] [main/WARN] [mixin/]: Reference map 'lootintegrations.refmap.json' for lootintegrations.mixins.json could not be read. If this is a development environment you can ignore this message
[24Jun2026 11:51:37.380] [main/WARN] [mixin/]: Reference map 'bookshelf.refmap.json' for bookshelf.mixins.json could not be read. If this is a development environment you can ignore this message
[24Jun2026 11:51:37.383] [main/INFO] [C2ME Modules Manager/]: Initializing com.ishland.c2me.opts.math.mixin
[24Jun2026 11:51:37.390] [main/WARN] [mixin/]: Reference map 'takesapillage.refmap.json' for takesapillage-neoforge.mixins.json could not be read. If this is a development environment you can ignore this message
[24Jun2026 11:51:37.393] [main/WARN] [mixin/]: Reference map 'takesapillage.refmap.json' for takesapillage-common.mixins.json could not be read. If this is a development environment you can ignore this message
[24Jun2026 11:51:37.396] [main/WARN] [mixin/]: Reference map 'carryon.refmap.json' for carryon.mixins.json could not be read. If this is a development environment you can ignore this message
[24Jun2026 11:51:37.401] [main/WARN] [mixin/]: Reference map 'melody.refmap.json' for melody.mixins.json could not be read. If this is a development environment you can ignore this message
[24Jun2026 11:51:37.402] [main/WARN] [mixin/]: Reference map 'melody.refmap.json' for melody.neoforge.mixins.json could not be read. If this is a development environment you can ignore this message
[24Jun2026 11:51:37.413] [main/INFO] [C2ME Modules Manager/]: Initializing com.ishland.c2me.fixes.worldgen.vanilla_bugs.mixin
[24Jun2026 11:51:37.418] [main/WARN] [mixin/]: Reference map 'konkrete.refmap.json' for konkrete.mixins.json could not be read. If this is a development environment you can ignore this message
[24Jun2026 11:51:37.420] [main/WARN] [mixin/]: Reference map 'konkrete.refmap.json' for konkrete.neoforge.mixins.json could not be read. If this is a development environment you can ignore this message
[24Jun2026 11:51:37.429] [main/WARN] [mixin/]: Reference map 'wetland_whimsy.refmap.json' for wetland_whimsy.mixins.json could not be read. If this is a development environment you can ignore this message
[24Jun2026 11:51:37.431] [main/INFO] [C2ME Modules Manager/]: Initializing com.ishland.c2me.fixes.chunkio.threading_issues.mixin
[24Jun2026 11:51:37.434] [main/INFO] [C2ME Modules Manager/]: Initializing com.ishland.c2me.client.uncapvd.mixin
[24Jun2026 11:51:37.441] [main/WARN] [mixin/]: Reference map 'boatiview.refmap.json' for boatiview.common.mixins.json could not be read. If this is a development environment you can ignore this message
[24Jun2026 11:51:37.442] [main/WARN] [mixin/]: Reference map 'longnbtkiller.refmap.json' for longnbtkiller.mixins.json could not be read. If this is a development environment you can ignore this message
[24Jun2026 11:51:37.443] [main/WARN] [mixin/]: Reference map 'lionfishapi.refmap.json' for lionfishapi.mixins.json could not be read. If this is a development environment you can ignore this message
[24Jun2026 11:51:37.450] [main/WARN] [mixin/]: Reference map 'memorysettings.refmap.json' for memorysettings.mixins.json could not be read. If this is a development environment you can ignore this message
[24Jun2026 11:51:37.452] [main/WARN] [mixin/]: Reference map 'cataclysm.refmap.json' for cataclysm.mixins.json could not be read. If this is a development environment you can ignore this message
[24Jun2026 11:51:37.455] [main/WARN] [mixin/]: Reference map 'patchouli.refmap.json' for patchouli_xplat.mixins.json could not be read. If this is a development environment you can ignore this message
[24Jun2026 11:51:37.459] [main/WARN] [mixin/]: Reference map 'betterstrongholds.refmap.json' for betterstrongholds.mixins.json could not be read. If this is a development environment you can ignore this message
[24Jun2026 11:51:37.462] [main/WARN] [mixin/]: Reference map 'aether_protect_your_moa.refmap.json' for aether_protect_your_moa.mixins.json could not be read. If this is a development environment you can ignore this message
[24Jun2026 11:51:37.482] [main/WARN] [mixin/]: Reference map '' for mixins.immersivelanterns.json could not be read. If this is a development environment you can ignore this message
[24Jun2026 11:51:37.485] [main/WARN] [mixin/]: Reference map 'ServerBrowser-refmap.json' for serverbrowser.mixins.json could not be read. If this is a development environment you can ignore this message
[24Jun2026 11:51:37.486] [main/WARN] [mixin/]: Reference map 'ServerBrowser-refmap.json' for serverbrowser-root.mixins.json could not be read. If this is a development environment you can ignore this message
[24Jun2026 11:51:37.487] [main/WARN] [mixin/]: Reference map 'cupboard.refmap.json' for cupboard.mixins.json could not be read. If this is a development environment you can ignore this message
[24Jun2026 11:51:37.491] [main/INFO] [C2ME Modules Manager/]: Initializing com.ishland.c2me.rewrites.chunkio.mixin
[24Jun2026 11:51:37.495] [main/INFO] [C2ME Modules Manager/]: Initializing com.ishland.c2me.opts.allocs.mixin
[24Jun2026 11:51:37.503] [main/WARN] [mixin/]: Reference map 'bhmenu.refmap.json' for bhmenu.mixins.json could not be read. If this is a development environment you can ignore this message
[24Jun2026 11:51:37.516] [main/WARN] [mixin/]: Reference map 'xaerolib.refmap.json' for xaerolib.mixins.json could not be read. If this is a development environment you can ignore this message
[24Jun2026 11:51:37.530] [main/WARN] [mixin/]: Reference map '' for accessories_compat_layer-common.mixins.json could not be read. If this is a development environment you can ignore this message
[24Jun2026 11:51:37.536] [main/WARN] [mixin/]: Reference map '' for accessories_compat_layer-trinkets.mixins.json could not be read. If this is a development environment you can ignore this message
[24Jun2026 11:51:37.543] [main/WARN] [mixin/]: Reference map '' for accessories_compat_layer-curios.mixins.json could not be read. If this is a development environment you can ignore this message
[24Jun2026 11:51:37.544] [main/WARN] [mixin/]: Reference map 'Ping-Wheel-refmap.json' for pingwheel.mixins.json could not be read. If this is a development environment you can ignore this message
[24Jun2026 11:51:37.550] [main/WARN] [mixin/]: Reference map 'waystones.refmap.json' for waystones.mixins.json could not be read. If this is a development environment you can ignore this message
[24Jun2026 11:51:37.552] [main/WARN] [mixin/]: Reference map 'clumps.refmap.json' for clumps.mixins.json could not be read. If this is a development environment you can ignore this message
[24Jun2026 11:51:37.554] [main/WARN] [mixin/]: Reference map 'comforts.refmap.json' for comforts.mixins.json could not be read. If this is a development environment you can ignore this message
[24Jun2026 11:51:37.561] [main/WARN] [mixin/]: Reference map 'betterworldloadingnf21.refmap.json' for betterworldloadingnf21.mixins.json could not be read. If this is a development environment you can ignore this message
[24Jun2026 11:51:37.565] [main/WARN] [mixin/]: Reference map 'skinlayers3d.refmap.mixins.json' for skinlayers3d.mixins.json could not be read. If this is a development environment you can ignore this message
[24Jun2026 11:51:37.568] [main/WARN] [mixin/]: Reference map 'mixson.refmap.json' for mixson.mixins.json could not be read. If this is a development environment you can ignore this message
[24Jun2026 11:51:37.570] [main/WARN] [mixin/]: Reference map 'toofast.refmap.json' for toofast.mixins.json could not be read. If this is a development environment you can ignore this message
[24Jun2026 11:51:37.573] [main/WARN] [mixin/]: Reference map 'friendsandfoes.refmap.json' for friendsandfoes-neoforge.mixins.json could not be read. If this is a development environment you can ignore this message
[24Jun2026 11:51:37.579] [main/WARN] [mixin/]: Reference map 'friendsandfoes.refmap.json' for friendsandfoes-common.mixins.json could not be read. If this is a development environment you can ignore this message
[24Jun2026 11:51:37.582] [main/WARN] [mixin/]: Reference map 'enchdesc.refmap.json' for enchdesc.mixins.json could not be read. If this is a development environment you can ignore this message
[24Jun2026 11:51:37.616] [main/INFO] [C2ME Modules Manager/]: Initializing com.ishland.c2me.server.utils.mixin
[24Jun2026 11:51:37.633] [main/WARN] [mixin/]: Reference map 'citresewn.refmap.json' for citresewn.mixins.json could not be read. If this is a development environment you can ignore this message
[24Jun2026 11:51:37.640] [main/INFO] [C2ME Modules Manager/]: Initializing com.ishland.c2me.opts.worldgen.general.mixin
[24Jun2026 11:51:37.645] [main/INFO] [C2ME Modules Manager/]: Initializing com.ishland.c2me.opts.chunkio.mixin
[24Jun2026 11:51:37.650] [main/WARN] [mixin/]: Reference map 'watut.refmap.json' for watut.mixins.json could not be read. If this is a development environment you can ignore this message
[24Jun2026 11:51:37.669] [main/WARN] [mixin/]: Reference map '${refmap_target}refmap.json' for ferritecore.predicates.mixin.json could not be read. If this is a development environment you can ignore this message
[24Jun2026 11:51:37.672] [main/WARN] [mixin/]: Reference map '${refmap_target}refmap.json' for ferritecore.fastmap.mixin.json could not be read. If this is a development environment you can ignore this message
[24Jun2026 11:51:37.674] [main/WARN] [mixin/]: Reference map '${refmap_target}refmap.json' for ferritecore.mrl.mixin.json could not be read. If this is a development environment you can ignore this message
[24Jun2026 11:51:37.676] [main/WARN] [mixin/]: Reference map '${refmap_target}refmap.json' for ferritecore.dedupmultipart.mixin.json could not be read. If this is a development environment you can ignore this message
[24Jun2026 11:51:37.678] [main/WARN] [mixin/]: Reference map '${refmap_target}refmap.json' for ferritecore.blockstatecache.mixin.json could not be read. If this is a development environment you can ignore this message
[24Jun2026 11:51:37.680] [main/WARN] [mixin/]: Reference map '${refmap_target}refmap.json' for ferritecore.dedupbakedquad.mixin.json could not be read. If this is a development environment you can ignore this message
[24Jun2026 11:51:37.682] [main/WARN] [mixin/]: Reference map '${refmap_target}refmap.json' for ferritecore.threaddetec.mixin.json could not be read. If this is a development environment you can ignore this message
[24Jun2026 11:51:37.684] [main/WARN] [mixin/]: Reference map '${refmap_target}refmap.json' for ferritecore.modelsides.mixin.json could not be read. If this is a development environment you can ignore this message
[24Jun2026 11:51:37.686] [main/WARN] [mixin/]: Reference map '${refmap_target}refmap.json' for ferritecore.datacomponents.mixin.json could not be read. If this is a development environment you can ignore this message
[24Jun2026 11:51:37.687] [main/WARN] [mixin/]: Reference map '${refmap_target}refmap.json' for ferritecore.accessors.mixin.json could not be read. If this is a development environment you can ignore this message
[24Jun2026 11:51:37.688] [main/WARN] [mixin/]: Reference map 'yet_another_config_lib_v3.refmap.json' for yacl.mixins.json could not be read. If this is a development environment you can ignore this message
[24Jun2026 11:51:37.698] [main/INFO] [dev.tonimatas.packetfixer.mixins.v1_20_5_neoforge.MixinPlugin/]: Packet Fixer neoforge 1.20.5-1.21.X has been applied successfully.
[24Jun2026 11:51:37.706] [main/WARN] [mixin/]: Reference map 'sound_physics_remastered.refmap.json' for sound_physics_remastered.mixins.json could not be read. If this is a development environment you can ignore this message
[24Jun2026 11:51:37.711] [main/WARN] [mixin/]: Reference map 'EpheroLib-refmap.json' for epherolib.mixins.json could not be read. If this is a development environment you can ignore this message
[24Jun2026 11:51:37.732] [main/WARN] [mixin/]: Reference map '' for adapter.init.mixins.json could not be read. If this is a development environment you can ignore this message
[24Jun2026 11:51:38.499] [main/WARN] [mixin/]: Error loading class: net/caffeinemc/mods/sodium/client/render/chunk/compile/pipeline/BlockRenderer (java.lang.ClassNotFoundException: net.caffeinemc.mods.sodium.client.render.chunk.compile.pipeline.BlockRenderer)
[24Jun2026 11:51:38.500] [main/WARN] [mixin/]: @Mixin target net.caffeinemc.mods.sodium.client.render.chunk.compile.pipeline.BlockRenderer was not found bedrockoid.mixins.json:client.sodium.BlockRendererMixin from mod bedrockoid
[24Jun2026 11:51:38.515] [main/INFO] [bmcpalegardenpatcher/]: Loaded biomeswevegone remapping (fixing skyrise_vale typo), detected version 2.5.5
[24Jun2026 11:51:38.516] [main/INFO] [bmcpalegardenpatcher/]: Loaded wetland_whimsy remapping (1.x → 2.0 migration), detected version 2.0.3-1.21.1
[24Jun2026 11:51:38.516] [main/INFO] [bmcpalegardenpatcher/]: Loading Pale Garden Remapper mixin: dev.muon.bmcpalegardenpatcher.mixin.ResourceLocationMixin
[24Jun2026 11:51:38.700] [main/INFO] [KryptonFNP MixinBootstrap/]: Mixin one.pkg.kfnp.mixin.network.experimental.RconClientMixin disabled
[24Jun2026 11:51:38.701] [main/INFO] [KryptonFNP MixinBootstrap/]: Mixin one.pkg.kfnp.mixin.network.microopt.ServerEntityMixin enabled
[24Jun2026 11:51:38.701] [main/INFO] [KryptonFNP MixinBootstrap/]: Mixin one.pkg.kfnp.mixin.network.microopt.Utf8StringMixin enabled
[24Jun2026 11:51:38.702] [main/INFO] [KryptonFNP MixinBootstrap/]: Mixin one.pkg.kfnp.mixin.network.microopt.VarIntMixin enabled
[24Jun2026 11:51:38.702] [main/INFO] [KryptonFNP MixinBootstrap/]: Mixin one.pkg.kfnp.mixin.network.microopt.VarLongMixin enabled
[24Jun2026 11:51:38.703] [main/INFO] [KryptonFNP MixinBootstrap/]: Mixin one.pkg.kfnp.mixin.network.pipeline.LegacyQueryHandlerMixin enabled
[24Jun2026 11:51:38.704] [main/INFO] [KryptonFNP MixinBootstrap/]: Mixin one.pkg.kfnp.mixin.network.pipeline.Varint21FrameDecoderMixin enabled
[24Jun2026 11:51:38.704] [main/INFO] [KryptonFNP MixinBootstrap/]: Mixin one.pkg.kfnp.mixin.network.pipeline.compression.ConnectionMixin enabled
[24Jun2026 11:51:38.705] [main/INFO] [KryptonFNP MixinBootstrap/]: Mixin one.pkg.kfnp.mixin.network.pipeline.encryption.ConnectionMixin enabled
[24Jun2026 11:51:38.705] [main/INFO] [KryptonFNP MixinBootstrap/]: Mixin one.pkg.kfnp.mixin.network.pipeline.encryption.ServerLoginPacketListenerImplMixin enabled
[24Jun2026 11:51:38.706] [main/INFO] [KryptonFNP MixinBootstrap/]: Mixin one.pkg.kfnp.mixin.network.pipeline.prepender.ConnectionMixin enabled
[24Jun2026 11:51:38.707] [main/INFO] [KryptonFNP MixinBootstrap/]: Mixin one.pkg.kfnp.mixin.network.thread.ServerLoginPacketListenerImplMixin enabled
[24Jun2026 11:51:39.041] [main/WARN] [mixin/]: Error loading class: jeresources/api/util/BiomeHelper (java.lang.ClassNotFoundException: jeresources.api.util.BiomeHelper)
[24Jun2026 11:51:39.043] [main/WARN] [mixin/]: Error loading class: yalter/mousetweaks/Main (java.lang.ClassNotFoundException: yalter.mousetweaks.Main)
[24Jun2026 11:51:39.102] [main/WARN] [mixin/]: Error loading class: com/simibubi/create/content/equipment/armor/BacktankBlockEntity (java.lang.ClassNotFoundException: com.simibubi.create.content.equipment.armor.BacktankBlockEntity)
[24Jun2026 11:51:39.103] [main/WARN] [mixin/]: @Mixin target com.simibubi.create.content.equipment.armor.BacktankBlockEntity was not found jadeaddons.mixins.json:create.BacktankBlockEntityAccess from mod jadeaddons
[24Jun2026 11:51:39.140] [main/WARN] [mixin/]: Error loading class: com/simibubi/create/content/contraptions/Contraption (java.lang.ClassNotFoundException: com.simibubi.create.content.contraptions.Contraption)
[24Jun2026 11:51:39.380] [main/INFO] [C2ME Config System/]: Disabling config vanillaWorldGenOptimizations.useEndBiomeCache: Incompatible with biolith@3.0.10 (*) (defined in c2me)
[24Jun2026 11:51:39.381] [main/INFO] [C2ME Config System/]: Disabling config vanillaWorldGenOptimizations.optimizeStructureWeightSampler: Incompatible with twilightforest@4.8.3345 (*) (defined in c2me)
[24Jun2026 11:51:39.409] [main/WARN] [mixin/]: Error loading class: dev/ftb/mods/ftbchunks/data/ClaimedChunkManagerImpl (java.lang.ClassNotFoundException: dev.ftb.mods.ftbchunks.data.ClaimedChunkManagerImpl)
[24Jun2026 11:51:39.410] [main/WARN] [mixin/]: @Mixin target dev.ftb.mods.ftbchunks.data.ClaimedChunkManagerImpl was not found mixins.does_it_tick.json:ClaimedChunkManagerAccessor from mod does_it_tick
[24Jun2026 11:51:39.423] [main/INFO] [AllTheLeaks/]: Class dev.uncandango.alltheleaks.leaks.common.mods.supplementaries.UntrackedIssue002 will be loaded as it matches versions: 1.21-3.5.34 in [1.21-3.5.0,)
[24Jun2026 11:51:39.424] [main/INFO] [AllTheLeaks/]: Class dev.uncandango.alltheleaks.leaks.common.mods.supplementaries.UntrackedIssue001 will be loaded as it matches versions: 1.21-3.5.34 in [1.21-3.1.8,)
[24Jun2026 11:51:39.424] [main/INFO] [AllTheLeaks/]: Class dev.uncandango.alltheleaks.leaks.common.mods.sereneseasons.UntrackedIssue001 will be loaded as it matches versions: 10.1.0.3 in [10.1.0.1,)
[24Jun2026 11:51:39.425] [main/INFO] [AllTheLeaks/]: Class dev.uncandango.alltheleaks.leaks.common.mods.neoforge.Issue1487 will be loaded as it matches versions: 21.1.228 in [21.,)
[24Jun2026 11:51:39.426] [main/INFO] [AllTheLeaks/]: Mixins added to allowed list: [main.ServerPlayerMixin, main.PlayerListMixin, main.accessor.PlayerAdvancementsAccessor]
[24Jun2026 11:51:39.426] [main/INFO] [AllTheLeaks/]: Class dev.uncandango.alltheleaks.leaks.common.mods.neoforge.Issue1486 will be loaded as it matches versions: 21.1.228 in [21.,)
[24Jun2026 11:51:39.427] [main/INFO] [AllTheLeaks/]: Class dev.uncandango.alltheleaks.leaks.common.mods.minecraft.UntrackedIssue003 will be loaded as it matches versions: 1.21.1 in [1.21.1,1.21.1]
[24Jun2026 11:51:39.427] [main/INFO] [AllTheLeaks/]: Mixins added to allowed list: [main.DebugSampleSubscriptionTrackerMixin]
[24Jun2026 11:51:39.427] [main/INFO] [AllTheLeaks/]: Class dev.uncandango.alltheleaks.leaks.common.mods.minecraft.UntrackedIssue002 will be loaded as it matches versions: 1.21.1 in 1.21.1
[24Jun2026 11:51:39.428] [main/INFO] [AllTheLeaks/]: Class dev.uncandango.alltheleaks.leaks.common.mods.minecraft.UntrackedIssue001 will be loaded as it matches versions: 1.21.1 in 1.21.1
[24Jun2026 11:51:39.429] [main/INFO] [AllTheLeaks/]: Mixins added to allowed list: [main.EntityTickListMixin]
[24Jun2026 11:51:39.430] [main/INFO] [AllTheLeaks/]: Class dev.uncandango.alltheleaks.leaks.common.mods.geckolib.UntrackedIssue001 will be loaded as it matches versions: 4.8.4 in *
[24Jun2026 11:51:39.431] [main/INFO] [AllTheLeaks/]: Mixins added to allowed list: [main.SingletonGeoAnimatableMixin]
[24Jun2026 11:51:39.431] [main/INFO] [AllTheLeaks/]: Class dev.uncandango.alltheleaks.leaks.common.mods.curios.Issue22 will be loaded as it matches versions: 9.5.1+1.21.1 in [9.0.6,)
[24Jun2026 11:51:39.431] [main/INFO] [AllTheLeaks/]: Mixins added to allowed list: [main.CuriosEventHandlerMixin]
[24Jun2026 11:51:39.432] [main/INFO] [AllTheLeaks/]: Class dev.uncandango.alltheleaks.leaks.common.mods.connectivity.UntrackedIssue001 will be loaded as it matches versions: 7.6 in [5.8,)
[24Jun2026 11:51:39.433] [main/INFO] [AllTheLeaks/]: Class dev.uncandango.alltheleaks.leaks.common.mods.cclayer.UntrackedIssue001 will be loaded as it matches versions: 0.1.12 in [0.beta.6,)
[24Jun2026 11:51:39.433] [main/INFO] [AllTheLeaks/]: Mixins added to allowed list: [main.DeathWrapperEventsImplMixin]
[24Jun2026 11:51:39.434] [main/INFO] [AllTheLeaks/]: Class dev.uncandango.alltheleaks.leaks.common.mods.accessories_compat_layer.UntrackedIssue001 will be loaded as it matches versions: 0.1.12 in [0.1.10,)
[24Jun2026 11:51:39.434] [main/INFO] [AllTheLeaks/]: Mixins added to allowed list: [main.DeathWrapperEventsImplMixin2]
[24Jun2026 11:51:39.445] [main/INFO] [AllTheLeaks/]: Class dev.uncandango.alltheleaks.feature.common.mods.minecraft.SaveWithLoadedChunks will be loaded as it matches versions: 1.21.1 in 1.21.1
[24Jun2026 11:51:39.445] [main/INFO] [AllTheLeaks/]: Class dev.uncandango.alltheleaks.feature.common.mods.minecraft.MemoryMonitor will be loaded as it matches versions: 1.21.1 in 1.21.1
[24Jun2026 11:51:39.446] [main/INFO] [AllTheLeaks/]: Mixins added to allowed list: [main.PlayerMixin, main.ChunkAccessMixin, main.LevelMixin, main.MinecraftServerMixin]
[24Jun2026 11:51:39.446] [main/INFO] [AllTheLeaks/]: Class dev.uncandango.alltheleaks.feature.common.mods.minecraft.IngredientDedupe will be loaded as it matches versions: 1.21.1 in 1.21.1
[24Jun2026 11:51:39.446] [main/INFO] [AllTheLeaks/]: Mixins added to allowed list: [main.IngredientMixin, main.IngredientMixin$IngredientAccessor, main.accessor.PatchedDataComponentMapAccessor, main.IngredientLockMixin, main.ItemStackLockMixin]
[24Jun2026 11:51:39.447] [main/INFO] [AllTheLeaks/]: Class dev.uncandango.alltheleaks.diag.common.mods.minecraft.LogSavedData will be loaded as it matches versions: 21.1.228 in [21.1,)
[24Jun2026 11:51:39.447] [main/INFO] [AllTheLeaks/]: Mixins added to allowed list: [main.SavedDataMixin]
[24Jun2026 11:51:39.463] [main/WARN] [mixin/]: Error loading class: io/wispforest/cclayer/DeathWrapperEventsImpl (java.lang.ClassNotFoundException: io.wispforest.cclayer.DeathWrapperEventsImpl)
[24Jun2026 11:51:39.464] [main/WARN] [mixin/]: @Mixin target io.wispforest.cclayer.DeathWrapperEventsImpl was not found alltheleaks.mixins.json:main.DeathWrapperEventsImplMixin from mod alltheleaks
[24Jun2026 11:51:39.490] [main/WARN] [mixin/]: Error loading class: betterdays/time/TimeService (java.lang.ClassNotFoundException: betterdays.time.TimeService)
[24Jun2026 11:51:39.490] [main/WARN] [mixin/]: @Mixin target betterdays.time.TimeService was not found smoothmovement.mixins.json:compat.BetterDaysServer from mod smoothmovement
[24Jun2026 11:51:39.586] [main/WARN] [com.recipeessentials.RecipeEssentials/]: Disabling fastItemComparison feature, due to the Owo mod's faulty implementation breaking it
[24Jun2026 11:51:39.588] [main/INFO] [com.cupboard.Cupboard/]: Loaded config for: recipeessentials.json
[24Jun2026 11:51:39.590] [main/WARN] [com.recipeessentials.RecipeEssentials/]: Disabling fastItemComparison feature, due to the Owo mod's faulty implementation breaking it
[24Jun2026 11:51:39.591] [main/WARN] [com.recipeessentials.RecipeEssentials/]: Disabling fastItemComparison feature, due to the Owo mod's faulty implementation breaking it
[24Jun2026 11:51:39.592] [main/WARN] [com.recipeessentials.RecipeEssentials/]: Disabling fastItemComparison feature, due to the Owo mod's faulty implementation breaking it
[24Jun2026 11:51:39.592] [main/WARN] [com.recipeessentials.RecipeEssentials/]: Disabling fastItemComparison feature, due to the Owo mod's faulty implementation breaking it
[24Jun2026 11:51:39.647] [main/INFO] [com.cupboard.Cupboard/]: Loaded config for: structureessentials.json
[24Jun2026 11:51:39.809] [main/WARN] [mixin/]: Error loading class: net/minecraft/client/OptionInstance (java.lang.ClassNotFoundException: net.minecraft.client.OptionInstance)
[24Jun2026 11:51:39.809] [main/WARN] [mixin/]: @Mixin target net.minecraft.client.OptionInstance was not found c2me-client-uncapvd.mixins.json:ISimpleOption from mod c2me_client_uncapvd
[24Jun2026 11:51:39.812] [main/ERROR] [net.neoforged.fml.common.asm.RuntimeDistCleaner/DISTXFORM]: Attempted to load class net/minecraft/client/Options for invalid dist DEDICATED_SERVER
[24Jun2026 11:51:39.813] [main/WARN] [mixin/]: Error loading class: net/minecraft/client/Options (java.lang.RuntimeException: Attempted to load class net/minecraft/client/Options for invalid dist DEDICATED_SERVER)
[24Jun2026 11:51:39.813] [main/WARN] [mixin/]: @Mixin target net.minecraft.client.Options was not found c2me-client-uncapvd.mixins.json:MixinGameOptions from mod c2me_client_uncapvd
[24Jun2026 11:51:39.815] [main/WARN] [mixin/]: Error loading class: me/jellysquid/mods/sodium/client/gui/SodiumGameOptionPages (java.lang.ClassNotFoundException: me.jellysquid.mods.sodium.client.gui.SodiumGameOptionPages)
[24Jun2026 11:51:39.817] [main/WARN] [mixin/]: Error loading class: net/caffeinemc/sodium/config/user/UserConfigCategories (java.lang.ClassNotFoundException: net.caffeinemc.sodium.config.user.UserConfigCategories)
[24Jun2026 11:51:39.819] [main/WARN] [mixin/]: Error loading class: net/caffeinemc/mods/sodium/client/gui/SodiumGameOptionPages (java.lang.ClassNotFoundException: net.caffeinemc.mods.sodium.client.gui.SodiumGameOptionPages)
[24Jun2026 11:51:39.820] [main/WARN] [mixin/]: Error loading class: net/vulkanmod/config/option/Options (java.lang.ClassNotFoundException: net.vulkanmod.config.option.Options)
[24Jun2026 11:51:39.860] [main/WARN] [mixin/]: Error loading class: net/minecraft/client/gui/screens/multiplayer/ServerSelectionList (java.lang.ClassNotFoundException: net.minecraft.client.gui.screens.multiplayer.ServerSelectionList)
[24Jun2026 11:51:39.861] [main/WARN] [mixin/]: @Mixin target net.minecraft.client.gui.screens.multiplayer.ServerSelectionList was not found serverbrowser.mixins.json:ServerSelectionMixin from mod serverbrowser
[24Jun2026 11:51:39.967] [main/WARN] [mixin/]: Error loading class: dev/emi/emi/screen/RecipeScreen (java.lang.ClassNotFoundException: dev.emi.emi.screen.RecipeScreen)
[24Jun2026 11:51:39.968] [main/WARN] [mixin/]: @Mixin target dev.emi.emi.screen.RecipeScreen was not found ali.emi.mixins.json:MixinRecipeScreen from mod ali
[24Jun2026 11:51:39.972] [main/WARN] [mixin/]: Error loading class: com/almostreliable/lootjs/loot/condition/CustomParamPredicate (java.lang.ClassNotFoundException: com.almostreliable.lootjs.loot.condition.CustomParamPredicate)
[24Jun2026 11:51:39.972] [main/WARN] [mixin/]: @Mixin target com.almostreliable.lootjs.loot.condition.CustomParamPredicate was not found ali.lootjs.mixins.json:MixinCustomParamPredicate from mod ali
[24Jun2026 11:51:39.974] [main/WARN] [mixin/]: Error loading class: com/almostreliable/lootjs/LootModificationsAPI (java.lang.ClassNotFoundException: com.almostreliable.lootjs.LootModificationsAPI)
[24Jun2026 11:51:39.974] [main/WARN] [mixin/]: @Mixin target com.almostreliable.lootjs.LootModificationsAPI was not found ali.lootjs.mixins.json:MixinLootModificationsAPI from mod ali
[24Jun2026 11:51:40.066] [main/ERROR] [net.neoforged.fml.common.asm.RuntimeDistCleaner/DISTXFORM]: Attempted to load class net/minecraft/client/renderer/block/BlockRenderDispatcher for invalid dist DEDICATED_SERVER
[24Jun2026 11:51:40.067] [main/WARN] [mixin/]: Error loading class: net/minecraft/client/renderer/block/BlockRenderDispatcher (java.lang.RuntimeException: Attempted to load class net/minecraft/client/renderer/block/BlockRenderDispatcher for invalid dist DEDICATED_SERVER)
[24Jun2026 11:51:40.067] [main/WARN] [mixin/]: @Mixin target net.minecraft.client.renderer.block.BlockRenderDispatcher was not found colorwheel.neoforge.mixins.json:mc.BlockRenderDispatcherMixin from mod colorwheel
[24Jun2026 11:51:40.069] [main/ERROR] [net.neoforged.fml.common.asm.RuntimeDistCleaner/DISTXFORM]: Attempted to load class net/minecraft/client/renderer/block/ModelBlockRenderer for invalid dist DEDICATED_SERVER
[24Jun2026 11:51:40.070] [main/WARN] [mixin/]: Error loading class: net/minecraft/client/renderer/block/ModelBlockRenderer (java.lang.RuntimeException: Attempted to load class net/minecraft/client/renderer/block/ModelBlockRenderer for invalid dist DEDICATED_SERVER)
[24Jun2026 11:51:40.070] [main/WARN] [mixin/]: @Mixin target net.minecraft.client.renderer.block.ModelBlockRenderer was not found colorwheel.neoforge.mixins.json:mc.ModelBlockRendererMixin from mod colorwheel
[24Jun2026 11:51:40.752] [main/INFO] [MixinExtras|Service/]: Initializing MixinExtras via com.llamalad7.mixinextras.service.MixinExtrasServiceImpl(version=0.5.3).
[24Jun2026 11:51:42.096] [main/INFO] [net.minecraft.server.Bootstrap/]: ModernFix reached bootstrap stage (22.77 s after launch)
[24Jun2026 11:51:42.098] [main/INFO] [configurable-loader/]: Loading Generated Config Loaders...
[24Jun2026 11:51:42.143] [main/INFO] [configurable-loader/]: Loaded 'neruina'
[24Jun2026 11:51:42.693] [main/INFO] [ModernFix/]: Injecting BlockStateBase cache population hook into getOpacityIfCached from ca.spottedleaf.starlight.mixin.common.blockstate.BlockStateBaseMixin
[24Jun2026 11:51:42.693] [main/INFO] [ModernFix/]: Injecting BlockStateBase cache population hook into isConditionallyFullOpaque from ca.spottedleaf.starlight.mixin.common.blockstate.BlockStateBaseMixin
[24Jun2026 11:51:42.694] [main/INFO] [ModernFix/]: Injecting BlockStateBase cache population hook into scalablelux$actuallyDynamicLightEmission from ca.spottedleaf.starlight.mixin.common.blockstate.BlockStateBaseMixin
[24Jun2026 11:51:43.188] [main/WARN] [mixinsquared-canceller/]: Cancelled mixin top.theillusivec4.curios.mixin.core.MixinLivingEntity. Check debug logs for more information.
[24Jun2026 11:51:45.089] [main/INFO] [fzzy_config/]: Loaded config accessorify:config in 1158ms
[24Jun2026 11:51:45.643] [main/WARN] [mixin/]: @Redirect conflict. Skipping mixins.redirected_neoforge_1.21.1.json:net.minecraft.world.level.block.RedStoneWireBlockMixin from mod redirected->@Redirect::redirectDirections()[Lnet/minecraft/core/Direction; with priority 10, already redirected by lithium.mixins.json:alloc.enum_values.redstone_wire.RedStoneWireBlockMixin from mod lithium->@Redirect::removeAllocation1()[Lnet/minecraft/core/Direction; with priority 1000
[24Jun2026 11:51:45.644] [main/WARN] [mixin/]: @Redirect conflict. Skipping mixins.redirected_neoforge_1.21.1.json:net.minecraft.world.level.block.RedStoneWireBlockMixin from mod redirected->@Redirect::redirectDirections()[Lnet/minecraft/core/Direction; with priority 10, already redirected by lithium.mixins.json:alloc.enum_values.redstone_wire.RedStoneWireBlockMixin from mod lithium->@Redirect::removeAllocation2()[Lnet/minecraft/core/Direction; with priority 1000
[24Jun2026 11:51:46.072] [main/WARN] [mixinsquared-canceller/]: Cancelled mixin top.theillusivec4.curios.mixin.core.MixinPowderSnowBlock. Check debug logs for more information.
[24Jun2026 11:51:46.163] [main/WARN] [mixin/]: @Redirect conflict. Skipping mixins.redirected_neoforge_1.21.1.json:net.minecraft.world.level.block.piston.PistonBaseBlockMixin from mod redirected->@Redirect::redirectDirections()[Lnet/minecraft/core/Direction; with priority 10, already redirected by lithium.mixins.json:alloc.enum_values.piston_block.PistonBaseBlockMixin from mod lithium->@Redirect::removeAllocation()[Lnet/minecraft/core/Direction; with priority 1000
[24Jun2026 11:51:46.163] [main/WARN] [mixin/]: @Redirect conflict. Skipping mixins.redirected_neoforge_1.21.1.json:net.minecraft.world.level.block.piston.PistonBaseBlockMixin from mod redirected->@Redirect::redirectDirections()[Lnet/minecraft/core/Direction; with priority 10, already redirected by lithium.mixins.json:alloc.enum_values.piston_block.PistonBaseBlockMixin from mod lithium->@Redirect::removeAllocation()[Lnet/minecraft/core/Direction; with priority 1000
[24Jun2026 11:51:47.098] [main/WARN] [mixin/]: Static binding violation: PRIVATE @Overwrite method getTemperature in modernfix-common.mixins.json:perf.remove_biome_temperature_cache.BiomeMixin from mod modernfix cannot reduce visibiliy of PUBLIC target method, visibility will be upgraded.
[24Jun2026 11:51:47.102] [main/WARN] [mixin/]: Method overwrite conflict for getTemperature in lithium.mixins.json:world.temperature_cache.BiomeMixin from mod lithium, previously written by org.embeddedt.modernfix.common.mixin.perf.remove_biome_temperature_cache.BiomeMixin. Skipping method.
[24Jun2026 11:51:48.306] [main/WARN] [mixin/]: Method overwrite conflict for scheduleRandomTick in corgilib-common.mixins.json:chunk.MixinChunkAccess from mod corgilib, previously written by dev.corgitaco.ohthetreesyoullgrow.mixin.chunk.MixinChunkAccess. Skipping method.
[24Jun2026 11:51:48.307] [main/WARN] [mixin/]: Method overwrite conflict for getScheduledRandomTicks in corgilib-common.mixins.json:chunk.MixinChunkAccess from mod corgilib, previously written by dev.corgitaco.ohthetreesyoullgrow.mixin.chunk.MixinChunkAccess. Skipping method.
[24Jun2026 11:51:51.763] [main/INFO] [fzzy_config/]: Loaded config misctweaks:config in 322ms
[24Jun2026 11:51:51.934] [main/WARN] [mixinsquared-canceller/]: Cancelled mixin top.theillusivec4.curios.mixin.core.MixinInventory. Check debug logs for more information.
[24Jun2026 11:51:52.299] [main/WARN] [mixinsquared-canceller/]: Cancelled mixin top.theillusivec4.curios.mixin.core.MixinEnchantedCountIncreaseFunction. Check debug logs for more information.
[24Jun2026 11:51:52.410] [main/WARN] [mixinsquared-canceller/]: Cancelled mixin top.theillusivec4.curios.mixin.core.MixinApplyBonusCount. Check debug logs for more information.
[24Jun2026 11:51:53.301] [main/INFO] [fzzy_config/]: Loaded config rewithered:config in 34ms
[24Jun2026 11:51:54.491] [main/INFO] [net.minecraft.server.Bootstrap/]: Vanilla bootstrap took 12391 milliseconds
[24Jun2026 11:51:55.056] [modloading-worker-0/INFO] [Puzzles Lib/]: Constructing common components for easyanvils:main
[24Jun2026 11:51:55.103] [modloading-worker-0/INFO] [YetAnotherConfigLib/]: Deserializing VariantsAndVenturesConfig from 'config/variantsandventures.json'
[24Jun2026 11:51:55.230] [modloading-worker-0/INFO] [bmcpalegardenpatcher/]: BMC Pale Garden Patcher initialized with 2 active namespace(s)
[24Jun2026 11:51:55.331] [modloading-worker-0/INFO] [net.neoforged.neoforge.common.NeoForgeMod/NEOFORGE-MOD]: NeoForge mod loading, version 21.1.228, for MC 1.21.1
[24Jun2026 11:51:55.347] [modloading-worker-0/INFO] [ModSharedBootstrap/]: KryptonFNP is now accelerating your Minecraft server's networking stack 🚀
[24Jun2026 11:51:55.400] [modloading-worker-0/INFO] [ModSharedBootstrap/]: Compression will use libdeflate (Linux aarch64), encryption will use OpenSSL 3.x.x (Linux aarch64)
[24Jun2026 11:51:55.533] [modloading-worker-0/WARN] [mixin/]: @ModifyConstant conflict. Skipping connectivity.mixins.json:ClientBoundCustomPayloadPacketLMixin from mod connectivity->@ModifyConstant::modifyLimit(I)I with priority 1, already redirected by packetfixer.v1_20_5.neoforge.mixins.json:v1_20_5_neoforge.ClientboundCustomPayloadPacketMixin from mod packetfixer->@ModifyConstant::packetfixer$newSize$2(I)I with priority 1000
[24Jun2026 11:51:55.533] [modloading-worker-0/WARN] [mixin/]: @ModifyConstant conflict. Skipping connectivity.mixins.json:ClientBoundCustomPayloadPacketLMixin from mod connectivity->@ModifyConstant::modifyLimit2(I)I with priority 1, already redirected by packetfixer.v1_20_5.neoforge.mixins.json:v1_20_5_neoforge.ClientboundCustomPayloadPacketMixin from mod packetfixer->@ModifyConstant::packetfixer$newSize(I)I with priority 1000
[24Jun2026 11:51:55.628] [modloading-worker-0/INFO] [biolith/]: Biolith for NeoForge is initializing...
[24Jun2026 11:51:55.635] [modloading-worker-0/INFO] [biolith/]: Enabling Biolith's TerraBlender compatibility layer.
[24Jun2026 11:51:55.708] [modloading-worker-0/INFO] [snownee.snow.SnowRealMagic/]: SereneSeasons detected. Overriding weather behavior.
[24Jun2026 11:51:55.869] [modloading-worker-0/INFO] [Puzzles Lib/]: Constructing common components for leavesbegone:main
[24Jun2026 11:51:56.031] [modloading-worker-0/INFO] [Moonlight/]: Sending changed configs to client
[24Jun2026 11:51:56.043] [modloading-worker-0/INFO] [Moonlight/]: Sending changed configs to client
[24Jun2026 11:51:56.127] [modloading-worker-0/INFO] [dev.su5ed.sinytra.connectorextras.terrablenderbridge.TerraBlenderBridge/]: Injecting TerraBlender API classes
[24Jun2026 11:51:56.591] [modloading-worker-0/INFO] [dev.wuffs.bcc.BetterCompatibilityChecker/]: Better Compatibility Checker starting
[24Jun2026 11:51:56.593] [modloading-worker-0/INFO] [dev.wuffs.bcc.neoforge.BetterCompatibilityCheckerNeoForge/]: Better Compatibility Checker starting
[24Jun2026 11:51:56.598] [modloading-worker-0/INFO] [Puzzles Lib/]: Constructing common components for climaterivers:main
[24Jun2026 11:51:56.870] [modloading-worker-0/WARN] [mixin/]: @ModifyConstant conflict. Skipping packetfixer.v1_20_5.neoforge.mixins.json:v1_20_5_neoforge.ServerCommonPacketListenerImplMixin from mod packetfixer->@ModifyConstant::packetfixer$tick$1(J)J with priority 1000, already redirected by connectivity.mixins.json:ServerPlayNetHandlerMixin from mod connectivity->@ModifyConstant::playTimeout(J)J with priority 1001
[24Jun2026 11:51:57.193] [modloading-worker-0/INFO] [com.autovw.advancednetherite.AdvancedNetherite/]: Initializing platform helper for Advanced Netherite!
[24Jun2026 11:51:57.246] [modloading-worker-0/INFO] [Puzzles Lib/]: Constructing common components for dyedflames:main
[24Jun2026 11:51:57.295] [modloading-worker-0/INFO] [Puzzles Lib/]: Constructing common components for netherchested:main
[24Jun2026 11:51:57.469] [modloading-worker-0/INFO] [accessories_compat_layer/]: Setting up compat modules for Accessories!
[24Jun2026 11:51:57.786] [modloading-worker-0/INFO] [snownee.kiwi.Kiwi/INIT]: Processing 9 KiwiModule annotations
[24Jun2026 11:51:57.871] [modloading-worker-0/INFO] [Puzzles Lib/]: Constructing common components for convenienteffects:main
[24Jun2026 11:51:57.944] [modloading-worker-0/INFO] [Puzzles Lib/]: Constructing common components for visualworkbench:main
[24Jun2026 11:51:57.986] [modloading-worker-0/INFO] [Puzzles Lib/]: Constructing common components for stoneworks:main
[24Jun2026 11:51:58.048] [modloading-worker-0/INFO] [STDOUT/]: [toni.lib.config.ConfigBase:registerAll:27]: [toni.immersivetips.foundation.config.CCommon] All values is empty! This config file contains nothing!
[24Jun2026 11:51:58.051] [modloading-worker-0/INFO] [STDOUT/]: [toni.lib.config.ConfigBase:registerAll:27]: [toni.immersivetips.foundation.config.CServer] All values is empty! This config file contains nothing!
[24Jun2026 11:51:58.194] [modloading-worker-0/INFO] [glitchcore/]: Registered synced config with path sereneseasons/fertility.toml
[24Jun2026 11:51:58.197] [modloading-worker-0/INFO] [glitchcore/]: Registered synced config with path sereneseasons/seasons.toml
[24Jun2026 11:51:58.331] [modloading-worker-0/INFO] [AdventureDungeons/]: Hello NeoForge world!
[24Jun2026 11:51:58.335] [modloading-worker-0/INFO] [AdventureDungeons/]: Hello from Common init on NeoForge! we are currently in a production environment!
[24Jun2026 11:51:58.335] [modloading-worker-0/INFO] [AdventureDungeons/]: The ID for diamonds is minecraft:diamond
[24Jun2026 11:51:58.336] [modloading-worker-0/INFO] [AdventureDungeons/]: Hello to adventuredungeons
[24Jun2026 11:51:58.371] [modloading-worker-0/INFO] [morevillagers/]: More Villagers blocks registered: DeferredHolder{ResourceKey[minecraft:block / morevillagers:oceanography_table]},DeferredHolder{ResourceKey[minecraft:block / morevillagers:woodworking_table]},DeferredHolder{ResourceKey[minecraft:block / morevillagers:decayed_workbench]},DeferredHolder{ResourceKey[minecraft:block / morevillagers:purpur_altar]},DeferredHolder{ResourceKey[minecraft:block / morevillagers:blueprint_table]},DeferredHolder{ResourceKey[minecraft:block / morevillagers:gardening_table]},DeferredHolder{ResourceKey[minecraft:block / morevillagers:hunting_post]},DeferredHolder{ResourceKey[minecraft:block / morevillagers:mining_bench]},DeferredHolder{ResourceKey[minecraft:block / morevillagers:gilded_station]},DeferredHolder{ResourceKey[minecraft:block / morevillagers:chiller]},DeferredHolder{ResourceKey[minecraft:block / morevillagers:xmas_chest]}
[24Jun2026 11:51:58.376] [modloading-worker-0/INFO] [morevillagers/]: More Villagers block entities registered: DeferredHolder{ResourceKey[minecraft:block_entity_type / morevillagers:xmas_chest]}
[24Jun2026 11:51:58.421] [modloading-worker-0/INFO] [villagerapi/]: Early initialization - skipping validation (will validate during content registration)
[24Jun2026 11:51:58.605] [modloading-worker-0/INFO] [villagerapi/]: Loaded config for villagerpack 'More Villagers' (namespace: morevillagers)
[24Jun2026 11:51:58.609] [modloading-worker-0/INFO] [net.potionstudios.biomeswevegone.BiomesWeveGone/]: Registering Oh The Biomes We've Gone data components
[24Jun2026 11:51:58.717] [modloading-worker-0/INFO] [net.potionstudios.biomeswevegone.BiomesWeveGone/]: Registering Oh The Biomes We've Gone items
[24Jun2026 11:51:58.864] [modloading-worker-0/INFO] [net.potionstudios.biomeswevegone.BiomesWeveGone/]: Registering Oh The Biomes We've Gone Blocks
[24Jun2026 11:51:58.902] [modloading-worker-0/INFO] [net.potionstudios.biomeswevegone.BiomesWeveGone/]: Registering Oh The Biomes We've Gone Wood
[24Jun2026 11:51:58.904] [modloading-worker-0/INFO] [net.potionstudios.biomeswevegone.BiomesWeveGone/]: Registering Oh The Biomes We've Gone Block Entities
[24Jun2026 11:51:58.904] [modloading-worker-0/INFO] [net.potionstudios.biomeswevegone.BiomesWeveGone/]: Registering Oh The Biomes We've Gone Entities
[24Jun2026 11:51:58.905] [modloading-worker-0/INFO] [net.potionstudios.biomeswevegone.BiomesWeveGone/]: Registering Oh The Biomes We've Gone Creative Tabs
[24Jun2026 11:51:58.907] [modloading-worker-0/INFO] [net.potionstudios.biomeswevegone.BiomesWeveGone/]: Registering Oh The Biomes We've Gone Sounds
[24Jun2026 11:51:58.908] [modloading-worker-0/INFO] [net.potionstudios.biomeswevegone.BiomesWeveGone/]: Registering Oh The Biomes We've Gone Block Predicate
[24Jun2026 11:51:58.911] [modloading-worker-0/INFO] [net.potionstudios.biomeswevegone.BiomesWeveGone/]: Registering Oh The Biomes We've Gone State Providers
[24Jun2026 11:51:58.913] [modloading-worker-0/INFO] [net.potionstudios.biomeswevegone.BiomesWeveGone/]: Registering Oh The Biomes We've Gone Tree Decorators
[24Jun2026 11:51:58.921] [modloading-worker-0/INFO] [net.potionstudios.biomeswevegone.BiomesWeveGone/]: Registering Oh The Biomes We've Gone Custom Features
[24Jun2026 11:51:58.922] [modloading-worker-0/INFO] [net.potionstudios.biomeswevegone.BiomesWeveGone/]: Registering Oh The Biomes We've Gone Structure Pieces
[24Jun2026 11:51:58.924] [modloading-worker-0/INFO] [net.potionstudios.biomeswevegone.BiomesWeveGone/]: Registering Oh The Biomes We've Gone Custom Structure Types
[24Jun2026 11:51:58.926] [modloading-worker-0/INFO] [net.potionstudios.biomeswevegone.BiomesWeveGone/]: Registering Oh The Biomes We've Gone Configured Features
[24Jun2026 11:51:58.937] [modloading-worker-0/INFO] [net.potionstudios.biomeswevegone.BiomesWeveGone/]: Creating and Registering Overworld Vegetation Configured Features
[24Jun2026 11:51:59.041] [modloading-worker-0/INFO] [net.potionstudios.biomeswevegone.BiomesWeveGone/]: Registering Oh The Biomes We've Gone Tree Configured Features
[24Jun2026 11:51:59.045] [modloading-worker-0/INFO] [net.potionstudios.biomeswevegone.BiomesWeveGone/]: Creating and Registering Vanilla Configured Features
[24Jun2026 11:51:59.055] [modloading-worker-0/INFO] [net.potionstudios.biomeswevegone.BiomesWeveGone/]: Registering Oh The Biomes You'll Go Overworld Configured Features
[24Jun2026 11:51:59.064] [modloading-worker-0/INFO] [villagerapi/]: Registered creative tab for villagerpack 'More Villagers' (namespace: morevillagers)
[24Jun2026 11:51:59.065] [modloading-worker-0/INFO] [net.potionstudios.biomeswevegone.BiomesWeveGone/]: Registering Oh The Biomes We've Gone Placed Features
[24Jun2026 11:51:59.085] [modloading-worker-0/INFO] [net.potionstudios.biomeswevegone.BiomesWeveGone/]: Creating and Registering Overworld Tree Placed Features
[24Jun2026 11:51:59.102] [modloading-worker-0/INFO] [net.potionstudios.biomeswevegone.BiomesWeveGone/]: Creating and Registering Overworld Vegetation Placed Features
[24Jun2026 11:51:59.105] [modloading-worker-0/INFO] [net.potionstudios.biomeswevegone.BiomesWeveGone/]: Creating and Registering Vanilla Placed Features
[24Jun2026 11:51:59.106] [modloading-worker-0/INFO] [net.potionstudios.biomeswevegone.BiomesWeveGone/]: Registering Oh The Biomes We've Gone Custom Surface Rules
[24Jun2026 11:51:59.125] [modloading-worker-0/INFO] [net.potionstudios.biomeswevegone.BiomesWeveGone/]: Registering Oh The Biomes We've Gone Template Pools
[24Jun2026 11:51:59.150] [modloading-worker-0/INFO] [net.potionstudios.biomeswevegone.BiomesWeveGone/]: Registering Oh The Biome's We've Gone Village Template Pools
[24Jun2026 11:51:59.152] [modloading-worker-0/INFO] [net.potionstudios.biomeswevegone.BiomesWeveGone/]: Registering Oh The Biomes We've Gone Poi Types
[24Jun2026 11:51:59.155] [modloading-worker-0/INFO] [net.potionstudios.biomeswevegone.BiomesWeveGone/]: Registering Oh The Biomes We've Gone Villager Professions
[24Jun2026 11:51:59.159] [modloading-worker-0/INFO] [net.potionstudios.biomeswevegone.BiomesWeveGone/]: Registering Oh The Biomes We've Gone Custom Structure Processors
[24Jun2026 11:51:59.160] [modloading-worker-0/INFO] [net.potionstudios.biomeswevegone.BiomesWeveGone/]: Registering Oh The Biomes We've Gone villager types
[24Jun2026 11:51:59.162] [modloading-worker-0/INFO] [net.potionstudios.biomeswevegone.BiomesWeveGone/]: Registering Oh The Biomes We've Gone Schedules
[24Jun2026 11:51:59.164] [modloading-worker-0/INFO] [net.potionstudios.biomeswevegone.BiomesWeveGone/]: Registering Oh The Biomes We've Gone Memory Module Types
[24Jun2026 11:51:59.164] [modloading-worker-0/INFO] [villagerapi/]: Loaded config for villagerpack 'More Villagers' (namespace: morevillagers)
[24Jun2026 11:51:59.169] [modloading-worker-0/INFO] [net.potionstudios.biomeswevegone.BiomesWeveGone/]: Registering Oh The Biomes We've Gone Sensor Types
[24Jun2026 11:51:59.173] [modloading-worker-0/INFO] [net.potionstudios.biomeswevegone.BiomesWeveGone/]: Registering Oh The Biomes We've Gone Map Decoration Types
[24Jun2026 11:51:59.178] [modloading-worker-0/INFO] [net.potionstudios.biomeswevegone.BiomesWeveGone/]: Registering Oh The Biomes We've Gone Entity SubPredicates
[24Jun2026 11:51:59.267] [modloading-worker-0/INFO] [thedarkcolour.kotlinforforge.neoforge.test.KotlinForForge/]: Kotlin For Forge Enabled!
[24Jun2026 11:51:59.358] [modloading-worker-0/INFO] [xaero.common.HudMod/]: Registering common data for channel xaerominimap:main!
[24Jun2026 11:51:59.409] [modloading-worker-0/INFO] [villagerapi/]: Found 1 villager pack(s): 0 from villagerpacks/, 1 from mods/
[24Jun2026 11:51:59.410] [modloading-worker-0/INFO] [villagerapi/]: Loading mod JAR 'More Villagers' (namespace: morevillagers)
[24Jun2026 11:51:59.427] [modloading-worker-0/INFO] [villagerapi/]: Early pack initialization complete
[24Jun2026 11:51:59.429] [modloading-worker-0/INFO] [villagerapi/]: === Starting VillagerPack Validation ===
[24Jun2026 11:51:59.451] [modloading-worker-0/INFO] [xaero.common.HudMod/]: Loading primary common config for channel xaerominimap:main!
[24Jun2026 11:51:59.456] [modloading-worker-0/INFO] [xaero.common.HudMod/]: Loading server config profiles for channel xaerominimap:main!
[24Jun2026 11:51:59.502] [modloading-worker-0/INFO] [villagerapi/]: Loaded config for villagerpack 'More Villagers' (namespace: morevillagers)
[24Jun2026 11:51:59.670] [modloading-worker-0/INFO] [disconnect-packet-fix/]: Disconnect Packet Fix has started.
[24Jun2026 11:51:59.759] [modloading-worker-0/INFO] [Puzzles Lib/]: Constructing common components for puzzleslib:main
[24Jun2026 11:51:59.804] [modloading-worker-0/INFO] [villagerapi/]: Validating pack: morevillagers
[24Jun2026 11:51:59.805] [modloading-worker-0/INFO] [villagerapi/]: Loaded config for villagerpack 'More Villagers' (namespace: morevillagers)
[24Jun2026 11:51:59.814] [modloading-worker-0/INFO] [villagerapi/]: Pack 'morevillagers' validation completed - Pack will load
[24Jun2026 11:51:59.816] [modloading-worker-0/INFO] [villagerapi/]:   - Display Name: More Villagers
[24Jun2026 11:51:59.816] [modloading-worker-0/INFO] [villagerapi/]:   - Description: Adds new villager professions, types, workstations and trades
[24Jun2026 11:51:59.816] [modloading-worker-0/INFO] [villagerapi/]:   - Author: frikinjay
[24Jun2026 11:51:59.816] [modloading-worker-0/INFO] [villagerapi/]:   - Version: 7.1.0
[24Jun2026 11:51:59.817] [modloading-worker-0/INFO] [villagerapi/]:   - Has villagers folder: true
[24Jun2026 11:51:59.817] [modloading-worker-0/INFO] [villagerapi/]:   - Namespace: morevillagers
[24Jun2026 11:51:59.817] [modloading-worker-0/INFO] [villagerapi/]:   - Has assets folder: true
[24Jun2026 11:51:59.817] [modloading-worker-0/INFO] [villagerapi/]:   - Asset namespaces: morevillagers, minecraft
[24Jun2026 11:51:59.817] [modloading-worker-0/INFO] [villagerapi/]:   - Has data folder: true
[24Jun2026 11:51:59.817] [modloading-worker-0/INFO] [villagerapi/]:   - Data namespaces: neoforge, morevillagers, minecraft
[24Jun2026 11:51:59.817] [modloading-worker-0/INFO] [villagerapi/]:   - Pack format: 48
[24Jun2026 11:51:59.819] [modloading-worker-0/INFO] [villagerapi/]:   - Biome Mappings: 1
[24Jun2026 11:51:59.819] [modloading-worker-0/INFO] [villagerapi/]:   - Biome Trades: 0
[24Jun2026 11:51:59.822] [modloading-worker-0/INFO] [villagerapi/]:   - Gifts: 10
[24Jun2026 11:51:59.822] [modloading-worker-0/INFO] [villagerapi/]:   - Language files in morevillagers: 7
[24Jun2026 11:51:59.822] [modloading-worker-0/INFO] [villagerapi/]:   - Models in morevillagers: 22
[24Jun2026 11:51:59.822] [modloading-worker-0/INFO] [villagerapi/]:   - POI Types: 10
[24Jun2026 11:51:59.822] [modloading-worker-0/INFO] [villagerapi/]:   - Professions: 10
[24Jun2026 11:51:59.823] [modloading-worker-0/INFO] [villagerapi/]:   - Structure Tags: 8
[24Jun2026 11:51:59.823] [modloading-worker-0/INFO] [villagerapi/]:   - Structure tags in morevillagers: 8
[24Jun2026 11:51:59.825] [modloading-worker-0/INFO] [villagerapi/]:   - Textures in morevillagers: 73
[24Jun2026 11:51:59.828] [modloading-worker-0/INFO] [villagerapi/]:   - Trades: 10
[24Jun2026 11:51:59.828] [modloading-worker-0/INFO] [villagerapi/]:   - Villager Types: 1
[24Jun2026 11:51:59.828] [modloading-worker-0/INFO] [villagerapi/]:   - Workstations: 0
[24Jun2026 11:51:59.828] [modloading-worker-0/INFO] [villagerapi/]: ---
[24Jun2026 11:51:59.828] [modloading-worker-0/INFO] [villagerapi/]: === Validation Complete ===
[24Jun2026 11:51:59.828] [modloading-worker-0/INFO] [villagerapi/]: Total packs identified: 1, Valid: 1, Invalid: 0, Critical failures: 0
[24Jun2026 11:51:59.828] [modloading-worker-0/INFO] [villagerapi/]: Registering 1 villager types from packs
[24Jun2026 11:51:59.836] [modloading-worker-0/INFO] [villagerapi/]: Registered villager type from pack: badlands
[24Jun2026 11:51:59.836] [modloading-worker-0/INFO] [villagerapi/]: Registering 8 map decoration types from packs
[24Jun2026 11:51:59.838] [modloading-worker-0/INFO] [villagerapi/]: Registered map decoration type from pack: swamp_hut_decoration -> swamp_hut_decoration (keys: morevillagers:swamp_hut_decoration, swamp_hut_decoration)
[24Jun2026 11:51:59.840] [modloading-worker-0/INFO] [villagerapi/]: Registered map decoration type from pack: pillager_outpost_decoration -> pillager_outpost_decoration (keys: morevillagers:pillager_outpost_decoration, pillager_outpost_decoration)
[24Jun2026 11:51:59.840] [modloading-worker-0/INFO] [villagerapi/]: Registered map decoration type from pack: mineshaft_decoration -> mineshaft_decoration (keys: morevillagers:mineshaft_decoration, mineshaft_decoration)
[24Jun2026 11:51:59.840] [modloading-worker-0/INFO] [villagerapi/]: Registered map decoration type from pack: jungle_temple_decoration -> jungle_temple_decoration (keys: morevillagers:jungle_temple_decoration, jungle_temple_decoration)
[24Jun2026 11:51:59.841] [modloading-worker-0/INFO] [villagerapi/]: Registered map decoration type from pack: fortress_decoration -> fortress_decoration (keys: morevillagers:fortress_decoration, fortress_decoration)
[24Jun2026 11:51:59.841] [modloading-worker-0/INFO] [villagerapi/]: Registered map decoration type from pack: end_city_decoration -> end_city_decoration (keys: morevillagers:end_city_decoration, end_city_decoration)
[24Jun2026 11:51:59.841] [modloading-worker-0/INFO] [villagerapi/]: Registered map decoration type from pack: bastion_remnant_decoration -> bastion_remnant_decoration (keys: morevillagers:bastion_remnant_decoration, bastion_remnant_decoration)
[24Jun2026 11:51:59.841] [modloading-worker-0/INFO] [villagerapi/]: Registered map decoration type from pack: ancient_city_decoration -> ancient_city_decoration (keys: morevillagers:ancient_city_decoration, ancient_city_decoration)
[24Jun2026 11:51:59.841] [modloading-worker-0/INFO] [villagerapi/]: Creating 8 structure tags from packs
[24Jun2026 11:51:59.843] [modloading-worker-0/INFO] [villagerapi/]: Created structure tag from pack: TagKey[minecraft:worldgen/structure / morevillagers:on_swamp_hut_explorer_maps]
[24Jun2026 11:51:59.845] [modloading-worker-0/INFO] [villagerapi/]: Created structure tag from pack: TagKey[minecraft:worldgen/structure / morevillagers:on_pillager_outpost_explorer_maps]
[24Jun2026 11:51:59.845] [modloading-worker-0/INFO] [villagerapi/]: Created structure tag from pack: TagKey[minecraft:worldgen/structure / morevillagers:on_mineshaft_explorer_maps]
[24Jun2026 11:51:59.845] [modloading-worker-0/INFO] [villagerapi/]: Created structure tag from pack: TagKey[minecraft:worldgen/structure / morevillagers:on_jungle_temple_explorer_maps]
[24Jun2026 11:51:59.846] [modloading-worker-0/INFO] [villagerapi/]: Created structure tag from pack: TagKey[minecraft:worldgen/structure / morevillagers:on_fortress_explorer_maps]
[24Jun2026 11:51:59.847] [modloading-worker-0/INFO] [villagerapi/]: Created structure tag from pack: TagKey[minecraft:worldgen/structure / morevillagers:on_end_city_explorer_maps]
[24Jun2026 11:51:59.849] [modloading-worker-0/INFO] [villagerapi/]: Created structure tag from pack: TagKey[minecraft:worldgen/structure / morevillagers:on_bastion_remnant_explorer_maps]
[24Jun2026 11:51:59.849] [modloading-worker-0/INFO] [villagerapi/]: Created structure tag from pack: TagKey[minecraft:worldgen/structure / morevillagers:on_ancient_city_maps]
[24Jun2026 11:51:59.849] [modloading-worker-0/INFO] [villagerapi/]: Registering 10 POI types from packs
[24Jun2026 11:51:59.850] [modloading-worker-0/INFO] [villagerapi/]: Registered POI type from pack: woodworker with namespace: morevillagers
[24Jun2026 11:51:59.850] [modloading-worker-0/INFO] [villagerapi/]: Registered POI type from pack: oceanographer with namespace: morevillagers
[24Jun2026 11:51:59.850] [modloading-worker-0/INFO] [villagerapi/]: Registered POI type from pack: netherian with namespace: morevillagers
[24Jun2026 11:51:59.850] [modloading-worker-0/INFO] [villagerapi/]: Registered POI type from pack: miner with namespace: morevillagers
[24Jun2026 11:51:59.853] [modloading-worker-0/INFO] [villagerapi/]: Registered POI type from pack: iceman with namespace: morevillagers
[24Jun2026 11:51:59.853] [modloading-worker-0/INFO] [villagerapi/]: Registered POI type from pack: hunter with namespace: morevillagers
[24Jun2026 11:51:59.853] [modloading-worker-0/INFO] [villagerapi/]: Registered POI type from pack: florist with namespace: morevillagers
[24Jun2026 11:51:59.853] [modloading-worker-0/INFO] [villagerapi/]: Registered POI type from pack: explorer with namespace: morevillagers
[24Jun2026 11:51:59.853] [modloading-worker-0/INFO] [villagerapi/]: Registered POI type from pack: engineer with namespace: morevillagers
[24Jun2026 11:51:59.853] [modloading-worker-0/INFO] [villagerapi/]: Registered POI type from pack: enderian with namespace: morevillagers
[24Jun2026 11:51:59.854] [modloading-worker-0/INFO] [villagerapi/]: Registering 10 professions from packs
[24Jun2026 11:51:59.857] [modloading-worker-0/INFO] [villagerapi/]: Registered profession from pack: woodworker
[24Jun2026 11:51:59.858] [modloading-worker-0/INFO] [villagerapi/]: Registered profession from pack: oceanographer
[24Jun2026 11:51:59.859] [modloading-worker-0/INFO] [villagerapi/]: Registered profession from pack: netherian
[24Jun2026 11:51:59.859] [modloading-worker-0/INFO] [villagerapi/]: Registered profession from pack: miner
[24Jun2026 11:51:59.859] [modloading-worker-0/INFO] [villagerapi/]: Registered profession from pack: iceman
[24Jun2026 11:51:59.860] [modloading-worker-0/INFO] [villagerapi/]: Registered profession from pack: hunter
[24Jun2026 11:51:59.860] [modloading-worker-0/INFO] [villagerapi/]: Registered profession from pack: florist
[24Jun2026 11:51:59.862] [modloading-worker-0/INFO] [villagerapi/]: Registered profession from pack: explorer
[24Jun2026 11:51:59.862] [modloading-worker-0/INFO] [villagerapi/]: Registered profession from pack: engineer
[24Jun2026 11:51:59.862] [modloading-worker-0/INFO] [villagerapi/]: Registered profession from pack: enderian
[24Jun2026 11:51:59.862] [modloading-worker-0/INFO] [villagerapi/]: Staging 10 gifts from packs
[24Jun2026 11:51:59.863] [modloading-worker-0/INFO] [villagerapi/]: Registered gift from pack: woodworker (will be applied lazily)
[24Jun2026 11:51:59.863] [modloading-worker-0/INFO] [villagerapi/]: Registered gift from pack: oceanographer (will be applied lazily)
[24Jun2026 11:51:59.863] [modloading-worker-0/INFO] [villagerapi/]: Registered gift from pack: netherian (will be applied lazily)
[24Jun2026 11:51:59.867] [modloading-worker-0/INFO] [villagerapi/]: Registered gift from pack: miner (will be applied lazily)
[24Jun2026 11:51:59.867] [modloading-worker-0/INFO] [villagerapi/]: Registered gift from pack: iceman (will be applied lazily)
[24Jun2026 11:51:59.867] [modloading-worker-0/INFO] [villagerapi/]: Registered gift from pack: hunter (will be applied lazily)
[24Jun2026 11:51:59.867] [modloading-worker-0/INFO] [villagerapi/]: Registered gift from pack: florist (will be applied lazily)
[24Jun2026 11:51:59.867] [modloading-worker-0/INFO] [villagerapi/]: Registered gift from pack: explorer (will be applied lazily)
[24Jun2026 11:51:59.867] [modloading-worker-0/INFO] [villagerapi/]: Registered gift from pack: engineer (will be applied lazily)
[24Jun2026 11:51:59.868] [modloading-worker-0/INFO] [villagerapi/]: Registered gift from pack: enderian (will be applied lazily)
[24Jun2026 11:51:59.868] [modloading-worker-0/INFO] [villagerapi/]: Content registration complete
[24Jun2026 11:52:00.051] [modloading-worker-0/WARN] [Cristel Lib/]: Mod with id: explorify only has an old path for subPath: data/cristellib/structure_config. New Path for Cristel Lib >=2.0.1 is missing! Maybe contact the mod author to let them know.
[24Jun2026 11:52:00.285] [modloading-worker-0/ERROR] [Cristel Lib/]: village_dark_forest is not included in: mmv:villages for mod with path: /home/ubuntu/bettermc/config/mmv/structure_toggle_config.json5
[24Jun2026 11:52:00.346] [modloading-worker-0/ERROR] [Cristel Lib/]: dark_oak_mansion_medium_1 is not included in: adorabuild_structures:rare_overworld_structures for mod with path: /home/ubuntu/bettermc/config/adorabuild_structures/structure_toggle_config.json5
[24Jun2026 11:52:00.349] [modloading-worker-0/ERROR] [Cristel Lib/]: bamboo_house_small_2 is not included in: adorabuild_structures:overworld_structures for mod with path: /home/ubuntu/bettermc/config/adorabuild_structures/structure_toggle_config.json5
[24Jun2026 11:52:00.349] [modloading-worker-0/ERROR] [Cristel Lib/]: blackstone_bastion_medium_3 is not included in: adorabuild_structures:nether_structures for mod with path: /home/ubuntu/bettermc/config/adorabuild_structures/structure_toggle_config.json5
[24Jun2026 11:52:00.350] [modloading-worker-0/ERROR] [Cristel Lib/]: mangrove_ship_1 is not included in: adorabuild_structures:floating_structures for mod with path: /home/ubuntu/bettermc/config/adorabuild_structures/structure_toggle_config.json5
[24Jun2026 11:52:00.353] [modloading-worker-0/ERROR] [Cristel Lib/]: ancient_palace_3 is not included in: adorabuild_structures:end_structures for mod with path: /home/ubuntu/bettermc/config/adorabuild_structures/structure_toggle_config.json5
[24Jun2026 11:52:00.471] [modloading-worker-0/ERROR] [Cristel Lib/]: mining_complex is not included in: dungeons_arise:major_structures for mod with path: /home/ubuntu/bettermc/config/dungeons_arise/structure_toggle_config.json5
[24Jun2026 11:52:00.564] [modloading-worker-0/WARN] [mixin/]: @Redirect conflict. Skipping recipeessentials.mixins.json:RecipeManagerMixin from mod recipeessentials->@Redirect::logErrorOnce(Lorg/slf4j/Logger;Ljava/lang/String;Ljava/lang/Object;Ljava/lang/Object;)V with priority 200, already redirected by modernfix-neoforge.mixins.json:perf.datapack_reload_exceptions.RecipeManagerMixin from mod modernfix->@Redirect::silenceException(Lorg/slf4j/Logger;Ljava/lang/String;Ljava/lang/Object;Ljava/lang/Object;)V with priority 2000
[24Jun2026 11:52:00.591] [modloading-worker-0/INFO] [Leaderboards/]: Leaderboards registered (9 entries + 73 vanilla stats)
[24Jun2026 11:52:00.699] [modloading-worker-0/INFO] [Puzzles Lib/]: Constructing common components for illagerinvasion:main
[24Jun2026 11:52:00.855] [modloading-worker-0/INFO] [net.blay09.mods.balm.neoforge.config.NeoForgeBalmConfig/]: Registering config for kleeslabs:common (COMMON) with 3 properties.
[24Jun2026 11:52:00.887] [modloading-worker-0/INFO] [Collective/]: [Collective] JSON file 'entity_names.json' generation requested by mod 'villagernames'.
[24Jun2026 11:52:00.930] [modloading-worker-0/INFO] [io.github.razordevs.deep_aether.DeepAether/]: Deep Aether: Registering Protect Your Moa compat items
[24Jun2026 11:52:00.931] [modloading-worker-0/INFO] [io.github.razordevs.deep_aether.DeepAether/]: Deep Aether: Registering Treasure Reforging compat items
[24Jun2026 11:52:00.976] [modloading-worker-0/INFO] [xaero.map.WorldMap/]: Registering common data for channel xaeroworldmap:main!
[24Jun2026 11:52:00.987] [modloading-worker-0/INFO] [xaero.map.WorldMap/]: Loading primary common config for channel xaeroworldmap:main!
[24Jun2026 11:52:00.988] [modloading-worker-0/INFO] [xaero.map.WorldMap/]: Loading server config profiles for channel xaeroworldmap:main!
[24Jun2026 11:52:01.245] [modloading-worker-0/INFO] [Puzzles Lib/]: Constructing common components for fastitemframes:main
[24Jun2026 11:52:01.305] [modloading-worker-0/INFO] [YetAnotherConfigLib/]: Deserializing ItTakesPillageConfig from 'config/takesapillage.json'
[24Jun2026 11:52:01.375] [modloading-worker-0/WARN] [de.keksuccino.melody.Melody/]: [MELODY] Disabling Melody since it's loaded server-side.
[24Jun2026 11:52:01.382] [Thread-8/WARN] [Collective/]: [Update] Villager Names has an update available: 8.2 -> 8.5
[24Jun2026 11:52:01.420] [modloading-worker-0/INFO] [de.keksuccino.konkrete.Konkrete/]: [KONKRETE] Loading v1.9.9 in server-side mode on NEOFORGE!
[24Jun2026 11:52:01.423] [modloading-worker-0/INFO] [de.keksuccino.konkrete.Konkrete/]: ---------------------------
[24Jun2026 11:52:01.423] [modloading-worker-0/INFO] [de.keksuccino.konkrete.Konkrete/]: KONKRETE SHIPS AND USES THE FOLLOWING LIBRARIES:
[24Jun2026 11:52:01.423] [modloading-worker-0/INFO] [de.keksuccino.konkrete.Konkrete/]:  
[24Jun2026 11:52:01.423] [modloading-worker-0/INFO] [de.keksuccino.konkrete.Konkrete/]: Open Imaging Copyright © 2014 Dhyan Blum.
[24Jun2026 11:52:01.423] [modloading-worker-0/INFO] [de.keksuccino.konkrete.Konkrete/]: Open Imaging is licensed under Apache-2.0.
[24Jun2026 11:52:01.423] [modloading-worker-0/INFO] [de.keksuccino.konkrete.Konkrete/]:  
[24Jun2026 11:52:01.423] [modloading-worker-0/INFO] [de.keksuccino.konkrete.Konkrete/]: JsonPath Copyright © 2017 Jayway.
[24Jun2026 11:52:01.424] [modloading-worker-0/INFO] [de.keksuccino.konkrete.Konkrete/]: JsonPath is licensed under Apache-2.0.
[24Jun2026 11:52:01.424] [modloading-worker-0/INFO] [de.keksuccino.konkrete.Konkrete/]:  
[24Jun2026 11:52:01.424] [modloading-worker-0/INFO] [de.keksuccino.konkrete.Konkrete/]: Json-smart Copyright © netplex.
[24Jun2026 11:52:01.424] [modloading-worker-0/INFO] [de.keksuccino.konkrete.Konkrete/]: Json-smart is licensed under Apache-2.0.
[24Jun2026 11:52:01.424] [modloading-worker-0/INFO] [de.keksuccino.konkrete.Konkrete/]:  
[24Jun2026 11:52:01.424] [modloading-worker-0/INFO] [de.keksuccino.konkrete.Konkrete/]: Exp4j Copyright © Frank Asseg.
[24Jun2026 11:52:01.424] [modloading-worker-0/INFO] [de.keksuccino.konkrete.Konkrete/]: Exp4j is licensed under Apache-2.0. https://github.com/fasseg/exp4j
[24Jun2026 11:52:01.425] [modloading-worker-0/INFO] [de.keksuccino.konkrete.Konkrete/]: ---------------------------
[24Jun2026 11:52:01.425] [modloading-worker-0/INFO] [de.keksuccino.konkrete.Konkrete/]: [KONKRETE] Server-side modules initialized and ready to use!
[24Jun2026 11:52:01.426] [modloading-worker-0/INFO] [Puzzles Lib/]: Constructing common components for diagonalwalls:main
[24Jun2026 11:52:01.428] [modloading-worker-0/INFO] [twilightforest.beanification.BeanContext/]: Starting Bean Context
[24Jun2026 11:52:01.438] [modloading-worker-0/INFO] [Puzzles Lib/]: Constructing common components for diagonalblocks:main
[24Jun2026 11:52:01.969] [modloading-worker-0/INFO] [twilightforest.beanification.BeanContext/]: Bean Context loaded in 541 ms
[24Jun2026 11:52:02.281] [modloading-worker-0/INFO] [uwu.juni.wetland_whimsy.WetlandWhimsy/]: Whimsical
[24Jun2026 11:52:02.388] [modloading-worker-0/INFO] [com.loadingprotection.LoadingProtectionMod/]: [LoadingProtection] Starting mod initialization...
[24Jun2026 11:52:02.389] [modloading-worker-0/INFO] [com.loadingprotection.LoadingProtectionMod/]: [LoadingProtection] Config registered
[24Jun2026 11:52:02.397] [modloading-worker-0/INFO] [com.loadingprotection.LoadingProtectionMod/]: [LoadingProtection] Event handler registered: com.loadingprotection.handler.ProtectionHandler
[24Jun2026 11:52:02.397] [modloading-worker-0/INFO] [com.loadingprotection.LoadingProtectionMod/]: [LoadingProtection] Mod initialized successfully!
[24Jun2026 11:52:02.441] [modloading-worker-0/INFO] [STDERR/]: [com.jab125.mpuc.util.OnlineInfo:create:59]: [Modpack Update Checker] Error fetching online info!
[24Jun2026 11:52:02.441] [modloading-worker-0/INFO] [STDERR/]: [java.lang.Throwable:printStackTrace:651]: com.google.gson.JsonSyntaxException: Expected a com.google.gson.JsonObject but was com.google.gson.JsonPrimitive; at path $
[24Jun2026 11:52:02.442] [modloading-worker-0/INFO] [STDERR/]: [java.lang.Throwable:printStackTrace:651]: 	at MC-BOOTSTRAP/com.google.gson@2.10.1/com.google.gson.internal.bind.TypeAdapters$34$1.read(TypeAdapters.java:1010)
[24Jun2026 11:52:02.442] [modloading-worker-0/INFO] [STDERR/]: [java.lang.Throwable:printStackTrace:651]: 	at MC-BOOTSTRAP/com.google.gson@2.10.1/com.google.gson.Gson.fromJson(Gson.java:1227)
[24Jun2026 11:52:02.442] [modloading-worker-0/INFO] [STDERR/]: [java.lang.Throwable:printStackTrace:651]: 	at MC-BOOTSTRAP/com.google.gson@2.10.1/com.google.gson.Gson.fromJson(Gson.java:1137)
[24Jun2026 11:52:02.445] [modloading-worker-0/INFO] [STDERR/]: [java.lang.Throwable:printStackTrace:651]: 	at MC-BOOTSTRAP/com.google.gson@2.10.1/com.google.gson.Gson.fromJson(Gson.java:1047)
[24Jun2026 11:52:02.445] [modloading-worker-0/INFO] [STDERR/]: [java.lang.Throwable:printStackTrace:651]: 	at MC-BOOTSTRAP/com.google.gson@2.10.1/com.google.gson.Gson.fromJson(Gson.java:982)
[24Jun2026 11:52:02.445] [modloading-worker-0/INFO] [STDERR/]: [java.lang.Throwable:printStackTrace:651]: 	at TRANSFORMER/modpackupdatechecker@0.15.6/com.jab125.mpuc.util.OnlineInfo.create2(OnlineInfo.java:112)
[24Jun2026 11:52:02.446] [modloading-worker-0/INFO] [STDERR/]: [java.lang.Throwable:printStackTrace:651]: 	at TRANSFORMER/modpackupdatechecker@0.15.6/com.jab125.mpuc.util.OnlineInfo.create(OnlineInfo.java:54)
[24Jun2026 11:52:02.446] [modloading-worker-0/INFO] [STDERR/]: [java.lang.Throwable:printStackTrace:651]: 	at TRANSFORMER/modpackupdatechecker@0.15.6/com.jab125.mpuc.Mpuc.fetchOnlineInfo(Mpuc.java:109)
[24Jun2026 11:52:02.446] [modloading-worker-0/INFO] [STDERR/]: [java.lang.Throwable:printStackTrace:651]: 	at TRANSFORMER/modpackupdatechecker@0.15.6/com.jab125.mpuc.Mpuc.onInitialize(Mpuc.java:76)
[24Jun2026 11:52:02.446] [modloading-worker-0/INFO] [STDERR/]: [java.lang.Throwable:printStackTrace:651]: 	at TRANSFORMER/modpackupdatechecker@0.15.6/com.jab125.mpuc.Mpuc.<init>(Mpuc.java:49)
[24Jun2026 11:52:02.450] [modloading-worker-0/INFO] [STDERR/]: [java.lang.Throwable:printStackTrace:651]: 	at java.base/jdk.internal.reflect.DirectConstructorHandleAccessor.newInstance(DirectConstructorHandleAccessor.java:62)
[24Jun2026 11:52:02.450] [modloading-worker-0/INFO] [STDERR/]: [java.lang.Throwable:printStackTrace:651]: 	at java.base/java.lang.reflect.Constructor.newInstanceWithCaller(Constructor.java:502)
[24Jun2026 11:52:02.450] [modloading-worker-0/INFO] [STDERR/]: [java.lang.Throwable:printStackTrace:651]: 	at java.base/java.lang.reflect.Constructor.newInstance(Constructor.java:486)
[24Jun2026 11:52:02.451] [modloading-worker-0/INFO] [STDERR/]: [java.lang.Throwable:printStackTrace:651]: 	at MC-BOOTSTRAP/fml_loader@4.0.42/net.neoforged.fml.javafmlmod.FMLModContainer.constructMod(FMLModContainer.java:115)
[24Jun2026 11:52:02.451] [modloading-worker-0/INFO] [STDERR/]: [java.lang.Throwable:printStackTrace:651]: 	at MC-BOOTSTRAP/fml_loader@4.0.42/net.neoforged.fml.ModLoader.lambda$constructMods$3(ModLoader.java:153)
[24Jun2026 11:52:02.451] [modloading-worker-0/INFO] [STDERR/]: [java.lang.Throwable:printStackTrace:651]: 	at MC-BOOTSTRAP/fml_loader@4.0.42/net.neoforged.fml.ModLoader.lambda$dispatchParallelTask$7(ModLoader.java:231)
[24Jun2026 11:52:02.451] [modloading-worker-0/INFO] [STDERR/]: [java.lang.Throwable:printStackTrace:651]: 	at java.base/java.util.concurrent.CompletableFuture.uniHandle(CompletableFuture.java:934)
[24Jun2026 11:52:02.451] [modloading-worker-0/INFO] [STDERR/]: [java.lang.Throwable:printStackTrace:651]: 	at java.base/java.util.concurrent.CompletableFuture$UniHandle.tryFire(CompletableFuture.java:911)
[24Jun2026 11:52:02.451] [modloading-worker-0/INFO] [STDERR/]: [java.lang.Throwable:printStackTrace:651]: 	at java.base/java.util.concurrent.CompletableFuture$Completion.exec(CompletableFuture.java:483)
[24Jun2026 11:52:02.454] [modloading-worker-0/INFO] [STDERR/]: [java.lang.Throwable:printStackTrace:651]: 	at java.base/java.util.concurrent.ForkJoinTask.doExec(ForkJoinTask.java:387)
[24Jun2026 11:52:02.454] [modloading-worker-0/INFO] [STDERR/]: [java.lang.Throwable:printStackTrace:651]: 	at java.base/java.util.concurrent.ForkJoinPool$WorkQueue.topLevelExec(ForkJoinPool.java:1310)
[24Jun2026 11:52:02.454] [modloading-worker-0/INFO] [STDERR/]: [java.lang.Throwable:printStackTrace:651]: 	at java.base/java.util.concurrent.ForkJoinPool.scan(ForkJoinPool.java:1841)
[24Jun2026 11:52:02.454] [modloading-worker-0/INFO] [STDERR/]: [java.lang.Throwable:printStackTrace:651]: 	at java.base/java.util.concurrent.ForkJoinPool.runWorker(ForkJoinPool.java:1806)
[24Jun2026 11:52:02.454] [modloading-worker-0/INFO] [STDERR/]: [java.lang.Throwable:printStackTrace:651]: 	at java.base/java.util.concurrent.ForkJoinWorkerThread.run(ForkJoinWorkerThread.java:188)
[24Jun2026 11:52:02.477] [modloading-worker-0/INFO] [com.cupboard.Cupboard/]: Loaded config for: memorysettings.json
[24Jun2026 11:52:02.478] [modloading-worker-0/WARN] [com.memorysettings.config.CommonConfiguration/]: You have more more memory allocated than recommended for your system, the recommended amount for your system is: 5000 mb.

[24Jun2026 11:52:03.191] [modloading-worker-0/INFO] [Puzzles Lib/]: Constructing common components for limitlesscontainers:main
[24Jun2026 11:52:03.201] [modloading-worker-0/INFO] [Collective/]: Loading Collective version 8.20.
[24Jun2026 11:52:03.537] [modloading-worker-0/INFO] [com.cupboard.Cupboard/]: Loaded config for: cupboard.json
[24Jun2026 11:52:03.862] [modloading-worker-0/INFO] [Puzzles Lib/]: Constructing common components for tradingpost:main
[24Jun2026 11:52:03.908] [modloading-worker-0/INFO] [owo/]: that's a CanPickUpLoot baby zombie, the most annoying thing ever. he runs around like crazy and picks up all your shit
[24Jun2026 11:52:03.937] [modloading-worker-0/INFO] [Moonlight/]: Sending changed configs to client
[24Jun2026 11:52:04.090] [modloading-worker-0/INFO] [Puzzles Lib/]: Constructing common components for easymagic:main
[24Jun2026 11:52:04.123] [modloading-worker-0/INFO] [xaero.lib.XaeroLib/]: Registering common data for channel xaerolib:main!
[24Jun2026 11:52:04.124] [modloading-worker-0/INFO] [xaero.lib.XaeroLib/]: Loading primary common config for channel xaerolib:main!
[24Jun2026 11:52:04.126] [modloading-worker-0/INFO] [xaero.lib.XaeroLib/]: Loading server config profiles for channel xaerolib:main!
[24Jun2026 11:52:04.155] [modloading-worker-0/INFO] [pingwheel/]: [Ping-Wheel] Init
[24Jun2026 11:52:04.171] [modloading-worker-0/INFO] [pingwheel/]: [Ping-Wheel] Loaded ServerConfig(defaultChannelMode=auto, playerTrackingEnabled=true, msToRegenerate=1000, rateLimit=5)
[24Jun2026 11:52:04.311] [modloading-worker-0/INFO] [net.blay09.mods.balm.neoforge.config.NeoForgeBalmConfig/]: Registering config for waystones:common (COMMON) with 34 properties.
[24Jun2026 11:52:04.333] [modloading-worker-0/INFO] [JamLib/]: Initializing JamLib on NeoForge
[24Jun2026 11:52:04.366] [modloading-worker-0/INFO] [JamLib/]: Updated config file at /home/ubuntu/bettermc/config/rightclickharvest.json5
[24Jun2026 11:52:04.366] [modloading-worker-0/INFO] [Right Click Harvest/]: Initializing Right Click Harvest on NEOFORGE
[24Jun2026 11:52:04.480] [modloading-worker-0/INFO] [Puzzles Lib/]: Constructing common components for skeletonaifix:main
[24Jun2026 11:52:04.542] [modloading-worker-0/INFO] [Puzzles Lib/]: Constructing common components for cutthrough:main
[24Jun2026 11:52:04.584] [modloading-worker-0/INFO] [azurelib/FileWatching]: Registered azurelib config for auto-sync function
[24Jun2026 11:52:04.603] [modloading-worker-0/INFO] [Moonlight/]: Sending changed configs to client
[24Jun2026 11:52:04.692] [modloading-worker-0/INFO] [Puzzles Lib/]: Constructing common components for magnumtorch:main
[24Jun2026 11:52:04.783] [modloading-worker-0/INFO] [Puzzles Lib/]: Constructing common components for barteringstation:main
[24Jun2026 11:52:04.822] [modloading-worker-0/INFO] [Puzzles Lib/]: Constructing common components for diagonalfences:main
[24Jun2026 11:52:04.826] [modloading-worker-0/INFO] [Puzzles Lib/]: Constructing common components for eternalnether:main
[24Jun2026 11:52:04.884] [modloading-worker-0/INFO] [coroutil/]: neo forge loader environment detected
[24Jun2026 11:52:04.895] [modloading-worker-0/INFO] [YetAnotherConfigLib/]: Deserializing YACLConfig from '/home/ubuntu/bettermc/config/yacl.json5'
[24Jun2026 11:52:04.901] [modloading-worker-0/WARN] [colorwheel/]: Flywheel is not installed, Colorwheel will be disabled
[24Jun2026 11:52:05.432] [modloading-sync-worker/INFO] [Diagonal Blocks/]: Constructing shapes for SnowDiagonalFenceBlock[NodeWidth=2.0,ExtensionWidth=2.0,NodeTop=24.0,ExtensionBottom=0.0,ExtensionTop=24.0] took 36ms
[24Jun2026 11:52:05.473] [modloading-sync-worker/INFO] [Diagonal Blocks/]: Constructing shapes for SnowDiagonalFenceBlock[NodeWidth=2.0,ExtensionWidth=2.0,NodeTop=16.0,ExtensionBottom=0.0,ExtensionTop=16.0] took 36ms
[24Jun2026 11:52:05.561] [modloading-sync-worker/INFO] [Diagonal Blocks/]: Constructing shapes for SnowDiagonalFenceBlock[NodeWidth=2.0,ExtensionWidth=1.0,NodeTop=16.0,ExtensionBottom=6.0,ExtensionTop=15.0] took 56ms
[24Jun2026 11:52:05.623] [modloading-sync-worker/INFO] [Diagonal Blocks/]: Constructing shapes for SnowDiagonalWallBlock[NodeWidth=0.0,ExtensionWidth=3.0,NodeTop=24.0,ExtensionBottom=0.0,ExtensionTop=24.0] took 19ms
[24Jun2026 11:52:05.673] [modloading-sync-worker/INFO] [Diagonal Blocks/]: Constructing shapes for SnowDiagonalWallBlock[NodeWidth=0.0,ExtensionWidth=3.0,NodeTop=0.0,ExtensionBottom=0.0,ExtensionTop=14.0] took 49ms
[24Jun2026 11:52:05.761] [modloading-sync-worker/INFO] [Diagonal Blocks/]: Constructing shapes for SnowDiagonalWallBlock[NodeWidth=4.0,ExtensionWidth=3.0,NodeTop=16.0,ExtensionBottom=0.0,ExtensionTop=14.0] took 56ms
[24Jun2026 11:52:05.781] [modloading-sync-worker/INFO] [Diagonal Blocks/]: Constructing shapes for SnowDiagonalWallBlock[NodeWidth=4.0,ExtensionWidth=3.0,NodeTop=24.0,ExtensionBottom=0.0,ExtensionTop=24.0] took 19ms
[24Jun2026 11:52:05.782] [modloading-sync-worker/INFO] [snownee.kiwi.Kiwi/INIT]: Module [snowrealmagic:diagonalfences] initialized
[24Jun2026 11:52:05.783] [modloading-sync-worker/INFO] [snownee.kiwi.Kiwi/INIT]: Module [snowrealmagic:core] initialized
[24Jun2026 11:52:05.783] [modloading-sync-worker/INFO] [snownee.kiwi.Kiwi/INIT]: 		block: 11, block_entity_type: 2, loot_pool_entry_type: 1
[24Jun2026 11:52:05.783] [modloading-sync-worker/INFO] [snownee.kiwi.Kiwi/INIT]: Module [snowrealmagic:diagonalwalls] initialized
[24Jun2026 11:52:05.783] [modloading-sync-worker/INFO] [snownee.kiwi.Kiwi/INIT]: Module [kiwi:data] initialized
[24Jun2026 11:52:05.784] [modloading-sync-worker/INFO] [snownee.kiwi.Kiwi/INIT]: 		recipe_serializer: 2, neoforge:condition_codecs: 2
[24Jun2026 11:52:05.867] [modloading-sync-worker/INFO] [fzzy_config/]: Loaded config zombieimprovements:config in 19ms
[24Jun2026 11:52:05.900] [modloading-sync-worker/INFO] [fzzy_config/]: Loaded config misctweaks:client_config in 13ms
[24Jun2026 11:52:11.751] [modloading-sync-worker/INFO] [Moonlight/]: Initialized block sets in 102ms
[24Jun2026 11:52:15.130] [modloading-sync-worker/INFO] [villagerapi/]: Registered creative tab for villagerpack 'More Villagers' with 0 items
[24Jun2026 11:52:18.622] [modloading-sync-worker/INFO] [Puzzles Lib/]: Dispatching loading event for config easyanvils-common.toml
[24Jun2026 11:52:18.627] [modloading-sync-worker/INFO] [Moonlight/]: Sending changed configs to client
[24Jun2026 11:52:18.632] [modloading-sync-worker/INFO] [Moonlight/]: Sending changed configs to client
[24Jun2026 11:52:18.635] [modloading-sync-worker/INFO] [com.tom.storagemod.StorageMod/]: Loaded Tom's Simple Storage config file toms_storage-common.toml
[24Jun2026 11:52:18.646] [modloading-sync-worker/INFO] [Puzzles Lib/]: Dispatching loading event for config convenienteffects-common.toml
[24Jun2026 11:52:18.647] [modloading-sync-worker/INFO] [Puzzles Lib/]: Dispatching loading event for config visualworkbench-common.toml
[24Jun2026 11:52:18.649] [modloading-sync-worker/INFO] [Puzzles Lib/]: Dispatching loading event for config stoneworks-common.toml
[24Jun2026 11:52:18.744] [modloading-sync-worker/INFO] [Moonlight/]: Sending changed configs to client
[24Jun2026 11:52:18.745] [modloading-sync-worker/INFO] [Puzzles Lib/]: Dispatching loading event for config easymagic-common.toml
[24Jun2026 11:52:18.755] [modloading-sync-worker/INFO] [Moonlight/]: Sending changed configs to client
[24Jun2026 11:52:18.764] [modloading-worker-0/INFO] [xaero.pac.OpenPartiesAndClaims/]: Loading Open Parties and Claims!
[24Jun2026 11:52:18.783] [NeoForge Version Check/INFO] [net.neoforged.fml.VersionChecker/]: Global NeoForge version check system disabled, no further processing.
[24Jun2026 11:52:18.820] [modloading-worker-0/INFO] [dev.wuffs.bcc.BetterCompatibilityChecker/]: Better Compatibility Checker setup
[24Jun2026 11:52:18.826] [modloading-worker-0/INFO] [dev.wuffs.bcc.neoforge.BetterCompatibilityCheckerNeoForge/]: Loaded BetterCompatibilityChecker - Modpack: Better MC [NEOFORGE] 1.21.1 | Version: v50
[24Jun2026 11:52:18.846] [modloading-worker-0/INFO] [terrablender/]: Registered region minecraft:overworld to index 0 for type OVERWORLD
[24Jun2026 11:52:18.846] [modloading-worker-0/INFO] [terrablender/]: Registered region minecraft:nether to index 0 for type NETHER
[24Jun2026 11:52:18.847] [modloading-worker-0/INFO] [terrablender/]: Registered region aether:the_aether to index 0 for type THE_AETHER
[24Jun2026 11:52:18.850] [modloading-worker-0/INFO] [terrablender/]: Registered region vanillabackport:overworld to index 1 for type OVERWORLD
[24Jun2026 11:52:19.068] [modloading-worker-0/INFO] [com.tom.storagemod.StorageMod/]: Tom's Storage Setup starting
[24Jun2026 11:52:19.151] [modloading-worker-0/INFO] [com.yanny.ali.neoforge.platform.NeoForgePlatformHelper/]: Registered ALI plugin [supplementaries] com.yanny.ali.plugin.mods.supplementaries.Plugin
[24Jun2026 11:52:19.154] [modloading-worker-0/INFO] [com.yanny.ali.neoforge.platform.NeoForgePlatformHelper/]: Registered ALI plugin [snowrealmagic] com.yanny.ali.plugin.mods.snow_real_magic.Plugin
[24Jun2026 11:52:19.156] [modloading-worker-0/INFO] [com.yanny.ali.neoforge.platform.NeoForgePlatformHelper/]: Registered ALI plugin [sawmill] com.yanny.ali.plugin.mods.sawmill.Plugin
[24Jun2026 11:52:19.156] [modloading-worker-0/INFO] [com.yanny.ali.neoforge.platform.NeoForgePlatformHelper/]: Registered ALI plugin [repurposed_structures] com.yanny.ali.plugin.mods.repurposed_structures.Plugin
[24Jun2026 11:52:19.157] [modloading-worker-0/INFO] [com.yanny.ali.neoforge.platform.NeoForgePlatformHelper/]: Registered ALI plugin [moonlight] com.yanny.ali.plugin.mods.moonlight.Plugin
[24Jun2026 11:52:19.159] [modloading-worker-0/INFO] [com.yanny.ali.neoforge.platform.NeoForgePlatformHelper/]: Registered ALI plugin [deeperdarker] com.yanny.ali.plugin.mods.deeper_and_darker.Plugin
[24Jun2026 11:52:19.160] [modloading-worker-0/INFO] [com.yanny.ali.neoforge.platform.NeoForgePlatformHelper/]: Registered ALI plugin [aether] com.yanny.ali.plugin.mods.aether.Plugin
[24Jun2026 11:52:19.167] [modloading-worker-0/INFO] [com.yanny.ali.neoforge.platform.NeoForgePlatformHelper/]: Registered ALI plugin [ali] com.yanny.ali.plugin.Plugin
[24Jun2026 11:52:19.168] [modloading-worker-0/INFO] [com.yanny.ali.neoforge.platform.NeoForgePlatformHelper/]: Registered ALI plugin [farmersdelight] com.yanny.ali.neoforge.plugin.mods.farmers_delight.Plugin
[24Jun2026 11:52:19.172] [modloading-worker-0/INFO] [com.yanny.ali.neoforge.platform.NeoForgePlatformHelper/]: Registered ALI plugin [neoforge] com.yanny.ali.neoforge.plugin.NeoForgePlugin
[24Jun2026 11:52:19.176] [modloading-worker-0/INFO] [com.yanny.ali.neoforge.platform.NeoForgePlatformHelper/]: Found 10 plugin(s)
[24Jun2026 11:52:19.178] [modloading-worker-0/INFO] [com.yanny.aci.manager.CorePluginManager/]: Registering common plugin data...
[24Jun2026 11:52:19.182] [modloading-worker-0/INFO] [com.yanny.ali.configuration.ConfigUtils/]: Loading configuration file /home/ubuntu/bettermc/config/ali/ali_common.json
[24Jun2026 11:52:19.216] [modloading-worker-0/INFO] [com.chunksending.ChunkSending/]: chunksending mod initialized
[24Jun2026 11:52:19.228] [modloading-worker-0/INFO] [com.yanny.aci.manager.ManagedRegistry/]: Registered 1 entity variants
[24Jun2026 11:52:19.228] [modloading-worker-0/INFO] [com.yanny.aci.manager.CorePluginManager/]: Registering common plugin data finished
[24Jun2026 11:52:19.231] [modloading-worker-0/INFO] [com.connectivity.Connectivity/]: Connectivity initialized
[24Jun2026 11:52:19.231] [modloading-worker-0/INFO] [com.structureessentials.StructureEssentials/]: structureessentials mod initialized
[24Jun2026 11:52:19.240] [modloading-worker-0/INFO] [com.lootintegrations.LootintegrationsMod/]: lootintegrations mod initialized
[24Jun2026 11:52:19.291] [modloading-worker-0/INFO] [FTB XMod Compat/]: Chose [Entity Tags] as the active game stages implementation
[24Jun2026 11:52:19.293] [modloading-worker-0/INFO] [FTB XMod Compat/]: Chose [FALLBACK] as the active permissions implementation
[24Jun2026 11:52:19.295] [modloading-worker-0/INFO] [FTB Library/]: Setting permissions currency implementation to: <NONE>
[24Jun2026 11:52:19.295] [modloading-worker-0/INFO] [FTB XMod Compat/]: Chose [<NONE>] as the active currency implementation
[24Jun2026 11:52:19.297] [modloading-worker-0/INFO] [FTB XMod Compat/]: [FTB Quests] recipe helper provider is [JEI]
[24Jun2026 11:52:19.299] [modloading-worker-0/INFO] [FTB XMod Compat/]: [FTB Quests] Enabled FTB Filter System integration
[24Jun2026 11:52:19.300] [modloading-worker-0/INFO] [xaero.lib.XaeroLib/]: Loading XaeroLib common 1/2!
[24Jun2026 11:52:19.357] [modloading-sync-worker/INFO] [Supplementaries/]: Finished mod setup in: [0, 0, 3, 0, 0, 1] ms
[24Jun2026 11:52:19.476] [modloading-sync-worker/INFO] [terrablender/]: Registered region biomeswevegone:region_0 to index 2 for type OVERWORLD
[24Jun2026 11:52:19.476] [modloading-sync-worker/INFO] [terrablender/]: Registered region biomeswevegone:region_1 to index 3 for type OVERWORLD
[24Jun2026 11:52:19.476] [modloading-sync-worker/INFO] [terrablender/]: Registered region biomeswevegone:region_2 to index 4 for type OVERWORLD
[24Jun2026 11:52:19.506] [modloading-sync-worker/INFO] [Framework/SYNCED_ENTITY_DATA]: Registered synced data key backpacked:unlock_tracker for minecraft:player
[24Jun2026 11:52:19.506] [modloading-sync-worker/INFO] [Framework/SYNCED_ENTITY_DATA]: Registered synced data key backpacked:trader_pickpocketing for minecraft:wandering_trader
[24Jun2026 11:52:19.568] [modloading-sync-worker/WARN] [io.wispforest.accessories.api.AccessoriesAPI/]: [AccessoriesAPI]: A SlotBasedPredicate attempted to be registered but a duplicate entry existed already! [Id: inmis:backpack]
[24Jun2026 11:52:19.630] [modloading-sync-worker/INFO] [terrablender/]: Registered region deep_aether:deep_aether to index 1 for type THE_AETHER
[24Jun2026 11:52:19.631] [modloading-sync-worker/INFO] [terrablender/]: Registered region deep_aether:rare to index 2 for type THE_AETHER
[24Jun2026 11:52:19.640] [modloading-sync-worker/INFO] [terrablender/]: Registered region gardens_of_the_dead:nether to index 1 for type NETHER
[24Jun2026 11:52:19.787] [modloading-sync-worker/INFO] [Moonlight/]: Initialized color sets in 97ms
[24Jun2026 11:52:19.788] [modloading-sync-worker/ERROR] [Moonlight/]: Fabric API detected! This is not a Fabric mod, so please don't report related issues to MoonlightLib or its dependent(s). This can usually happen when using Connector, or when using a mod that does NOT have a native Neoforge implementation. This can easily lead to poor compatibility and other bizarre issues. Proceed at your own risk. 
 Mods that bundle Fabric API: [forgified-fabric-api-0.116.7+2.2.4+1.21.1.jar]
[24Jun2026 11:52:19.801] [modloading-worker-0/INFO] [Hybrid Aquatic/]: Server starting...
[24Jun2026 11:52:19.800] [modloading-worker-0/INFO] [xaero.minimap.XaeroMinimap/]: Loading Xaero's Minimap - Stage 1/2 (Server)
[24Jun2026 11:52:19.803] [modloading-worker-0/INFO] [xaero.map.server.WorldMapServer/]: Loading Xaero's World Map - Stage 1/2 (Server)
[24Jun2026 11:52:19.807] [modloading-worker-0/INFO] [xaero.lib.XaeroLib/]: Loading XaeroLib server 1/2!
[24Jun2026 11:52:19.810] [modloading-sync-worker/INFO] [xaero.minimap.XaeroMinimap/]: Loading Xaero's Minimap - Stage 2/2 (Server)
[24Jun2026 11:52:19.810] [modloading-sync-worker/INFO] [xaero.map.server.WorldMapServer/]: Loading Xaero's World Map - Stage 2/2 (Server)
[24Jun2026 11:52:19.811] [modloading-sync-worker/INFO] [xaero.lib.XaeroLib/]: Loading XaeroLib common 2/2!
[24Jun2026 11:52:19.811] [modloading-sync-worker/INFO] [xaero.lib.XaeroLib/]: Loading XaeroLib server 2/2!
[24Jun2026 11:52:19.956] [modloading-sync-worker/WARN] [mixin/]: @Redirect conflict. Skipping mixins.redirected_neoforge_1.21.1.json:net.minecraft.world.level.block.state.CacheMixin from mod redirected->@Redirect::redirectSupportTypes()[Lnet/minecraft/world/level/block/SupportType; with priority 10, already redirected by modernfix-common.mixins.json:perf.cache_blockstate_cache_arrays.AbstractBlockStateCacheMixin from mod modernfix->@Redirect::getVoxelShapeValues()[Lnet/minecraft/world/level/block/SupportType; with priority 1000
[24Jun2026 11:52:19.968] [modloading-sync-worker/WARN] [mixin/]: @Redirect conflict. Skipping mixins.redirected_neoforge_1.21.1.json:net.minecraft.world.level.block.piston.PistonStructureResolverMixin from mod redirected->@Redirect::redirectDirections()[Lnet/minecraft/core/Direction; with priority 10, already redirected by lithium.mixins.json:alloc.enum_values.piston_handler.PistonStructureResolverMixin from mod lithium->@Redirect::removeAllocation()[Lnet/minecraft/core/Direction; with priority 1000
[24Jun2026 11:52:20.110] [modloading-sync-worker/WARN] [mixin/]: Static binding violation: PRIVATE @Overwrite method readChunk in c2me-rewrites-chunk-system.mixins.json:async_serialization.MixinThreadedAnvilChunkStorage from mod c2me_rewrites_chunk_system cannot reduce visibiliy of PUBLIC target method, visibility will be upgraded.
[24Jun2026 11:52:20.133] [modloading-sync-worker/WARN] [mixin/]: @Redirect conflict. Skipping smoothchunk.mixins.json:ChunkMapSlowUnload from mod smoothchunk->@Redirect::getSize(Ljava/util/Queue;)I with priority 1000, already redirected by c2me-opts-scheduling.mixins.json:general_overheads.MixinThreadedAnvilChunkStorage from mod c2me_opts_scheduling->@Redirect::redirectUnloadSize(Ljava/util/Queue;)I with priority 1100
[24Jun2026 11:52:20.506] [modloading-sync-worker/INFO] [com.cupboard.Cupboard/]: Loaded config for: connectivity.json
[24Jun2026 11:52:20.551] [modloading-worker-0/WARN] [villagerapi/]: PLAINS villager type not found in EmeraldsForVillagerTypeItem trade map, cannot add fallbacks
[24Jun2026 11:52:20.604] [modloading-worker-0/INFO] [snownee.jade.Jade/]: Start loading plugin from net.blay09.mods.balm.neoforge.compat.hudinfo.NeoForgeJadeModCompat
[24Jun2026 11:52:20.615] [modloading-worker-0/INFO] [snownee.jade.Jade/]: Start loading plugin from snownee.snow.compat.jade.JadeCompat
[24Jun2026 11:52:20.616] [modloading-worker-0/INFO] [snownee.jade.Jade/]: Start loading plugin from net.mehvahdjukaar.supplementaries.integration.JadeCompat
[24Jun2026 11:52:20.617] [modloading-worker-0/INFO] [snownee.jade.Jade/]: Start loading plugin from snownee.jade.addon.JadeAddonsBase
[24Jun2026 11:52:20.622] [modloading-worker-0/INFO] [snownee.jade.Jade/]: Start loading plugin from com.tom.storagemod.jade.JadePlugin
[24Jun2026 11:52:20.626] [modloading-worker-0/INFO] [snownee.jade.Jade/]: Start loading plugin from snownee.kiwi.customization.compat.jade.JadeCompat
[24Jun2026 11:52:20.626] [modloading-worker-0/INFO] [snownee.jade.Jade/]: Start loading plugin from com.dooji.underlay.client.jade.UnderlayJadePlugin
[24Jun2026 11:52:20.627] [modloading-worker-0/INFO] [snownee.jade.Jade/]: Start loading plugin from com.aetherteam.aether.integration.jade.AetherJadePlugin
[24Jun2026 11:52:20.628] [modloading-worker-0/INFO] [snownee.jade.Jade/]: Start loading plugin from twilightforest.compat.jade.JadeCompat
[24Jun2026 11:52:20.629] [modloading-worker-0/INFO] [snownee.jade.Jade/]: Start loading plugin from dev.ftb.mods.ftbxmodcompat.generic.jade.JadePlugin
[24Jun2026 11:52:20.629] [modloading-worker-0/INFO] [snownee.jade.Jade/]: Start loading plugin from net.blay09.mods.waystones.compat.JadeIntegration
[24Jun2026 11:52:20.630] [modloading-worker-0/INFO] [snownee.jade.Jade/]: Start loading plugin from snownee.jade.addon.vanilla.VanillaPlugin
[24Jun2026 11:52:20.647] [modloading-worker-0/INFO] [snownee.jade.Jade/]: Start loading plugin from snownee.jade.addon.universal.UniversalPlugin
[24Jun2026 11:52:20.653] [modloading-worker-0/INFO] [snownee.jade.Jade/]: Start loading plugin from snownee.jade.addon.debug.DebugPlugin
[24Jun2026 11:52:20.654] [modloading-worker-0/INFO] [snownee.jade.Jade/]: Start loading plugin from snownee.jade.addon.core.CorePlugin
[24Jun2026 11:52:20.655] [modloading-worker-0/INFO] [snownee.jade.Jade/]: Start loading plugin from snownee.jade.addon.access.AccessibilityPlugin
[24Jun2026 11:52:20.894] [modloading-sync-worker/INFO] [CorgiLib/]: Initializing network...
[24Jun2026 11:52:20.903] [modloading-sync-worker/INFO] [CorgiLib/]: Initialized network!
[24Jun2026 11:52:21.258] [main/INFO] [com.mojang.authlib.yggdrasil.YggdrasilAuthenticationService/]: Environment: Environment[sessionHost=https://sessionserver.mojang.com, servicesHost=https://api.minecraftservices.com, name=PROD]
[24Jun2026 11:52:21.509] [main/WARN] [net.minecraft.server.packs.VanillaPackResourcesBuilder/]: Assets URL 'union:/home/ubuntu/bettermc/libraries/net/minecraft/server/1.21.1-20240808.144430/server-1.21.1-20240808.144430-srg.jar%23408!/assets/.mcassetsroot' uses unexpected schema
[24Jun2026 11:52:21.511] [main/WARN] [net.minecraft.server.packs.VanillaPackResourcesBuilder/]: Assets URL 'union:/home/ubuntu/bettermc/libraries/net/minecraft/server/1.21.1-20240808.144430/server-1.21.1-20240808.144430-srg.jar%23408!/data/.mcassetsroot' uses unexpected schema
[24Jun2026 11:52:21.648] [main/ERROR] [net.minecraft.server.packs.PathPackResources/]: Invalid path : Invalid path ''
[24Jun2026 11:52:21.649] [main/ERROR] [net.minecraft.server.packs.PathPackResources/]: Invalid path : Invalid path ''
[24Jun2026 11:52:21.649] [main/ERROR] [net.minecraft.server.packs.PathPackResources/]: Invalid path : Invalid path ''
[24Jun2026 11:52:21.650] [main/ERROR] [net.minecraft.server.packs.PathPackResources/]: Invalid path : Invalid path ''
[24Jun2026 11:52:21.650] [main/ERROR] [net.minecraft.server.packs.PathPackResources/]: Invalid path : Invalid path ''
[24Jun2026 11:52:21.651] [main/ERROR] [net.minecraft.server.packs.PathPackResources/]: Invalid path : Invalid path ''
[24Jun2026 11:52:21.652] [main/ERROR] [net.minecraft.server.packs.PathPackResources/]: Invalid path : Invalid path ''
[24Jun2026 11:52:21.652] [main/ERROR] [net.minecraft.server.packs.PathPackResources/]: Invalid path : Invalid path ''
[24Jun2026 11:52:21.654] [main/ERROR] [net.minecraft.server.packs.PathPackResources/]: Invalid path : Invalid path ''
[24Jun2026 11:52:21.654] [main/ERROR] [net.minecraft.server.packs.PathPackResources/]: Invalid path : Invalid path ''
[24Jun2026 11:52:21.654] [main/ERROR] [net.minecraft.server.packs.PathPackResources/]: Invalid path : Invalid path ''
[24Jun2026 11:52:21.655] [main/ERROR] [net.minecraft.server.packs.PathPackResources/]: Invalid path : Invalid path ''
[24Jun2026 11:52:21.655] [main/ERROR] [net.minecraft.server.packs.PathPackResources/]: Invalid path : Invalid path ''
[24Jun2026 11:52:21.657] [main/ERROR] [net.minecraft.server.packs.PathPackResources/]: Invalid path : Invalid path ''
[24Jun2026 11:52:21.657] [main/ERROR] [net.minecraft.server.packs.PathPackResources/]: Invalid path : Invalid path ''
[24Jun2026 11:52:21.658] [main/ERROR] [net.minecraft.server.packs.PathPackResources/]: Invalid path : Invalid path ''
[24Jun2026 11:52:21.659] [main/ERROR] [net.minecraft.server.packs.PathPackResources/]: Invalid path : Invalid path ''
[24Jun2026 11:52:21.659] [main/ERROR] [net.minecraft.server.packs.PathPackResources/]: Invalid path : Invalid path ''
[24Jun2026 11:52:21.660] [main/ERROR] [net.minecraft.server.packs.PathPackResources/]: Invalid path : Invalid path ''
[24Jun2026 11:52:21.660] [main/ERROR] [net.minecraft.server.packs.PathPackResources/]: Invalid path : Invalid path ''
[24Jun2026 11:52:21.661] [main/ERROR] [net.minecraft.server.packs.PathPackResources/]: Invalid path : Invalid path ''
[24Jun2026 11:52:21.662] [main/ERROR] [net.minecraft.server.packs.PathPackResources/]: Invalid path : Invalid path ''
[24Jun2026 11:52:21.662] [main/ERROR] [net.minecraft.server.packs.PathPackResources/]: Invalid path : Invalid path ''
[24Jun2026 11:52:21.662] [main/ERROR] [net.minecraft.server.packs.PathPackResources/]: Invalid path : Invalid path ''
[24Jun2026 11:52:21.662] [main/ERROR] [net.minecraft.server.packs.PathPackResources/]: Invalid path : Invalid path ''
[24Jun2026 11:52:21.663] [main/ERROR] [net.minecraft.server.packs.PathPackResources/]: Invalid path : Invalid path ''
[24Jun2026 11:52:21.663] [main/ERROR] [net.minecraft.server.packs.PathPackResources/]: Invalid path : Invalid path ''
[24Jun2026 11:52:21.667] [main/ERROR] [net.minecraft.server.packs.PathPackResources/]: Invalid path : Invalid path ''
[24Jun2026 11:52:21.668] [main/ERROR] [net.minecraft.server.packs.PathPackResources/]: Invalid path : Invalid path ''
[24Jun2026 11:52:21.669] [main/ERROR] [net.minecraft.server.packs.PathPackResources/]: Invalid path : Invalid path ''
[24Jun2026 11:52:21.670] [main/ERROR] [net.minecraft.server.packs.PathPackResources/]: Invalid path : Invalid path ''
[24Jun2026 11:52:21.671] [main/ERROR] [net.minecraft.server.packs.PathPackResources/]: Invalid path : Invalid path ''
[24Jun2026 11:52:21.671] [main/ERROR] [net.minecraft.server.packs.PathPackResources/]: Invalid path : Invalid path ''
[24Jun2026 11:52:21.672] [main/ERROR] [net.minecraft.server.packs.PathPackResources/]: Invalid path : Invalid path ''
[24Jun2026 11:52:21.673] [main/ERROR] [net.minecraft.server.packs.PathPackResources/]: Invalid path : Invalid path ''
[24Jun2026 11:52:21.673] [main/ERROR] [net.minecraft.server.packs.PathPackResources/]: Invalid path : Invalid path ''
[24Jun2026 11:52:21.673] [main/ERROR] [net.minecraft.server.packs.PathPackResources/]: Invalid path : Invalid path ''
[24Jun2026 11:52:21.674] [main/ERROR] [net.minecraft.server.packs.PathPackResources/]: Invalid path : Invalid path ''
[24Jun2026 11:52:21.674] [main/ERROR] [net.minecraft.server.packs.PathPackResources/]: Invalid path : Invalid path ''
[24Jun2026 11:52:21.675] [main/ERROR] [net.minecraft.server.packs.PathPackResources/]: Invalid path : Invalid path ''
[24Jun2026 11:52:21.675] [main/ERROR] [net.minecraft.server.packs.PathPackResources/]: Invalid path : Invalid path ''
[24Jun2026 11:52:21.676] [main/ERROR] [net.minecraft.server.packs.PathPackResources/]: Invalid path : Invalid path ''
[24Jun2026 11:52:21.677] [main/ERROR] [net.minecraft.server.packs.PathPackResources/]: Invalid path : Invalid path ''
[24Jun2026 11:52:21.678] [main/ERROR] [net.minecraft.server.packs.PathPackResources/]: Invalid path : Invalid path ''
[24Jun2026 11:52:21.678] [main/ERROR] [net.minecraft.server.packs.PathPackResources/]: Invalid path : Invalid path ''
[24Jun2026 11:52:21.679] [main/ERROR] [net.minecraft.server.packs.PathPackResources/]: Invalid path : Invalid path ''
[24Jun2026 11:52:21.679] [main/ERROR] [net.minecraft.server.packs.PathPackResources/]: Invalid path : Invalid path ''
[24Jun2026 11:52:21.680] [main/ERROR] [net.minecraft.server.packs.PathPackResources/]: Invalid path : Invalid path ''
[24Jun2026 11:52:21.680] [main/ERROR] [net.minecraft.server.packs.PathPackResources/]: Invalid path : Invalid path ''
[24Jun2026 11:52:21.681] [main/ERROR] [net.minecraft.server.packs.PathPackResources/]: Invalid path : Invalid path ''
[24Jun2026 11:52:21.681] [main/ERROR] [net.minecraft.server.packs.PathPackResources/]: Invalid path : Invalid path ''
[24Jun2026 11:52:21.681] [main/ERROR] [net.minecraft.server.packs.PathPackResources/]: Invalid path : Invalid path ''
[24Jun2026 11:52:21.682] [main/ERROR] [net.minecraft.server.packs.PathPackResources/]: Invalid path : Invalid path ''
[24Jun2026 11:52:21.683] [main/ERROR] [net.minecraft.server.packs.PathPackResources/]: Invalid path : Invalid path ''
[24Jun2026 11:52:21.686] [main/ERROR] [net.minecraft.server.packs.PathPackResources/]: Invalid path : Invalid path ''
[24Jun2026 11:52:21.686] [main/ERROR] [net.minecraft.server.packs.PathPackResources/]: Invalid path : Invalid path ''
[24Jun2026 11:52:21.687] [main/ERROR] [net.minecraft.server.packs.PathPackResources/]: Invalid path : Invalid path ''
[24Jun2026 11:52:21.687] [main/ERROR] [net.minecraft.server.packs.PathPackResources/]: Invalid path : Invalid path ''
[24Jun2026 11:52:21.688] [main/ERROR] [net.minecraft.server.packs.PathPackResources/]: Invalid path : Invalid path ''
[24Jun2026 11:52:21.691] [main/ERROR] [net.minecraft.server.packs.PathPackResources/]: Invalid path : Invalid path ''
[24Jun2026 11:52:21.691] [main/ERROR] [net.minecraft.server.packs.PathPackResources/]: Invalid path : Invalid path ''
[24Jun2026 11:52:21.692] [main/ERROR] [net.minecraft.server.packs.PathPackResources/]: Invalid path : Invalid path ''
[24Jun2026 11:52:21.693] [main/ERROR] [net.minecraft.server.packs.PathPackResources/]: Invalid path : Invalid path ''
[24Jun2026 11:52:21.694] [main/ERROR] [net.minecraft.server.packs.PathPackResources/]: Invalid path : Invalid path ''
[24Jun2026 11:52:21.695] [main/ERROR] [net.minecraft.server.packs.PathPackResources/]: Invalid path : Invalid path ''
[24Jun2026 11:52:21.696] [main/ERROR] [net.minecraft.server.packs.PathPackResources/]: Invalid path : Invalid path ''
[24Jun2026 11:52:21.698] [main/ERROR] [net.minecraft.server.packs.PathPackResources/]: Invalid path : Invalid path ''
[24Jun2026 11:52:21.698] [main/ERROR] [net.minecraft.server.packs.PathPackResources/]: Invalid path : Invalid path ''
[24Jun2026 11:52:21.698] [main/ERROR] [net.minecraft.server.packs.PathPackResources/]: Invalid path : Invalid path ''
[24Jun2026 11:52:21.701] [main/ERROR] [net.minecraft.server.packs.PathPackResources/]: Invalid path : Invalid path ''
[24Jun2026 11:52:21.702] [main/ERROR] [net.minecraft.server.packs.PathPackResources/]: Invalid path : Invalid path ''
[24Jun2026 11:52:21.703] [main/ERROR] [net.minecraft.server.packs.PathPackResources/]: Invalid path : Invalid path ''
[24Jun2026 11:52:21.703] [main/ERROR] [net.minecraft.server.packs.PathPackResources/]: Invalid path : Invalid path ''
[24Jun2026 11:52:21.703] [main/ERROR] [net.minecraft.server.packs.PathPackResources/]: Invalid path : Invalid path ''
[24Jun2026 11:52:21.704] [main/ERROR] [net.minecraft.server.packs.PathPackResources/]: Invalid path : Invalid path ''
[24Jun2026 11:52:21.705] [main/ERROR] [net.minecraft.server.packs.PathPackResources/]: Invalid path : Invalid path ''
[24Jun2026 11:52:21.706] [main/ERROR] [net.minecraft.server.packs.PathPackResources/]: Invalid path : Invalid path ''
[24Jun2026 11:52:21.706] [main/ERROR] [net.minecraft.server.packs.PathPackResources/]: Invalid path : Invalid path ''
[24Jun2026 11:52:21.707] [main/ERROR] [net.minecraft.server.packs.PathPackResources/]: Invalid path : Invalid path ''
[24Jun2026 11:52:21.708] [main/ERROR] [net.minecraft.server.packs.PathPackResources/]: Invalid path : Invalid path ''
[24Jun2026 11:52:21.709] [main/ERROR] [net.minecraft.server.packs.PathPackResources/]: Invalid path : Invalid path ''
[24Jun2026 11:52:21.710] [main/ERROR] [net.minecraft.server.packs.PathPackResources/]: Invalid path : Invalid path ''
[24Jun2026 11:52:21.710] [main/ERROR] [net.minecraft.server.packs.PathPackResources/]: Invalid path : Invalid path ''
[24Jun2026 11:52:21.711] [main/ERROR] [net.minecraft.server.packs.PathPackResources/]: Invalid path : Invalid path ''
[24Jun2026 11:52:21.711] [main/ERROR] [net.minecraft.server.packs.PathPackResources/]: Invalid path : Invalid path ''
[24Jun2026 11:52:21.712] [main/ERROR] [net.minecraft.server.packs.PathPackResources/]: Invalid path : Invalid path ''
[24Jun2026 11:52:21.713] [main/ERROR] [net.minecraft.server.packs.PathPackResources/]: Invalid path : Invalid path ''
[24Jun2026 11:52:21.713] [main/ERROR] [net.minecraft.server.packs.PathPackResources/]: Invalid path : Invalid path ''
[24Jun2026 11:52:21.714] [main/ERROR] [net.minecraft.server.packs.PathPackResources/]: Invalid path : Invalid path ''
[24Jun2026 11:52:21.714] [main/ERROR] [net.minecraft.server.packs.PathPackResources/]: Invalid path : Invalid path ''
[24Jun2026 11:52:21.715] [main/ERROR] [net.minecraft.server.packs.PathPackResources/]: Invalid path : Invalid path ''
[24Jun2026 11:52:21.716] [main/ERROR] [net.minecraft.server.packs.PathPackResources/]: Invalid path : Invalid path ''
[24Jun2026 11:52:21.716] [main/ERROR] [net.minecraft.server.packs.PathPackResources/]: Invalid path : Invalid path ''
[24Jun2026 11:52:21.716] [main/ERROR] [net.minecraft.server.packs.PathPackResources/]: Invalid path : Invalid path ''
[24Jun2026 11:52:21.717] [main/ERROR] [net.minecraft.server.packs.PathPackResources/]: Invalid path : Invalid path ''
[24Jun2026 11:52:21.719] [main/ERROR] [net.minecraft.server.packs.PathPackResources/]: Invalid path : Invalid path ''
[24Jun2026 11:52:21.720] [main/ERROR] [net.minecraft.server.packs.PathPackResources/]: Invalid path : Invalid path ''
[24Jun2026 11:52:21.721] [main/ERROR] [net.minecraft.server.packs.PathPackResources/]: Invalid path : Invalid path ''
[24Jun2026 11:52:21.721] [main/ERROR] [net.minecraft.server.packs.PathPackResources/]: Invalid path : Invalid path ''
[24Jun2026 11:52:21.722] [main/ERROR] [net.minecraft.server.packs.PathPackResources/]: Invalid path : Invalid path ''
[24Jun2026 11:52:21.722] [main/ERROR] [net.minecraft.server.packs.PathPackResources/]: Invalid path : Invalid path ''
[24Jun2026 11:52:21.722] [main/ERROR] [net.minecraft.server.packs.PathPackResources/]: Invalid path : Invalid path ''
[24Jun2026 11:52:21.723] [main/ERROR] [net.minecraft.server.packs.PathPackResources/]: Invalid path : Invalid path ''
[24Jun2026 11:52:21.723] [main/ERROR] [net.minecraft.server.packs.PathPackResources/]: Invalid path : Invalid path ''
[24Jun2026 11:52:21.723] [main/ERROR] [net.minecraft.server.packs.PathPackResources/]: Invalid path : Invalid path ''
[24Jun2026 11:52:21.725] [main/ERROR] [net.minecraft.server.packs.PathPackResources/]: Invalid path : Invalid path ''
[24Jun2026 11:52:21.727] [main/ERROR] [net.minecraft.server.packs.PathPackResources/]: Invalid path : Invalid path ''
[24Jun2026 11:52:21.728] [main/ERROR] [net.minecraft.server.packs.PathPackResources/]: Invalid path : Invalid path ''
[24Jun2026 11:52:21.729] [main/ERROR] [net.minecraft.server.packs.PathPackResources/]: Invalid path : Invalid path ''
[24Jun2026 11:52:21.729] [main/ERROR] [net.minecraft.server.packs.PathPackResources/]: Invalid path : Invalid path ''
[24Jun2026 11:52:21.730] [main/ERROR] [net.minecraft.server.packs.PathPackResources/]: Invalid path : Invalid path ''
[24Jun2026 11:52:21.730] [main/ERROR] [net.minecraft.server.packs.PathPackResources/]: Invalid path : Invalid path ''
[24Jun2026 11:52:21.730] [main/ERROR] [net.minecraft.server.packs.PathPackResources/]: Invalid path : Invalid path ''
[24Jun2026 11:52:21.731] [main/ERROR] [net.minecraft.server.packs.PathPackResources/]: Invalid path : Invalid path ''
[24Jun2026 11:52:21.731] [main/ERROR] [net.minecraft.server.packs.PathPackResources/]: Invalid path : Invalid path ''
[24Jun2026 11:52:21.732] [main/ERROR] [net.minecraft.server.packs.PathPackResources/]: Invalid path : Invalid path ''
[24Jun2026 11:52:21.732] [main/ERROR] [net.minecraft.server.packs.PathPackResources/]: Invalid path : Invalid path ''
[24Jun2026 11:52:21.733] [main/ERROR] [net.minecraft.server.packs.PathPackResources/]: Invalid path : Invalid path ''
[24Jun2026 11:52:21.733] [main/ERROR] [net.minecraft.server.packs.PathPackResources/]: Invalid path : Invalid path ''
[24Jun2026 11:52:21.734] [main/ERROR] [net.minecraft.server.packs.PathPackResources/]: Invalid path : Invalid path ''
[24Jun2026 11:52:21.735] [main/ERROR] [net.minecraft.server.packs.PathPackResources/]: Invalid path : Invalid path ''
[24Jun2026 11:52:21.735] [main/ERROR] [net.minecraft.server.packs.PathPackResources/]: Invalid path : Invalid path ''
[24Jun2026 11:52:21.736] [main/ERROR] [net.minecraft.server.packs.PathPackResources/]: Invalid path : Invalid path ''
[24Jun2026 11:52:21.737] [main/ERROR] [net.minecraft.server.packs.PathPackResources/]: Invalid path : Invalid path ''
[24Jun2026 11:52:21.738] [main/ERROR] [net.minecraft.server.packs.PathPackResources/]: Invalid path : Invalid path ''
[24Jun2026 11:52:21.738] [main/ERROR] [net.minecraft.server.packs.PathPackResources/]: Invalid path : Invalid path ''
[24Jun2026 11:52:21.738] [main/ERROR] [net.minecraft.server.packs.PathPackResources/]: Invalid path : Invalid path ''
[24Jun2026 11:52:21.738] [main/ERROR] [net.minecraft.server.packs.PathPackResources/]: Invalid path : Invalid path ''
[24Jun2026 11:52:21.739] [main/ERROR] [net.minecraft.server.packs.PathPackResources/]: Invalid path : Invalid path ''
[24Jun2026 11:52:21.739] [main/ERROR] [net.minecraft.server.packs.PathPackResources/]: Invalid path : Invalid path ''
[24Jun2026 11:52:21.740] [main/ERROR] [net.minecraft.server.packs.PathPackResources/]: Invalid path : Invalid path ''
[24Jun2026 11:52:21.741] [main/ERROR] [net.minecraft.server.packs.PathPackResources/]: Invalid path : Invalid path ''
[24Jun2026 11:52:21.742] [main/ERROR] [net.minecraft.server.packs.PathPackResources/]: Invalid path : Invalid path ''
[24Jun2026 11:52:21.742] [main/ERROR] [net.minecraft.server.packs.PathPackResources/]: Invalid path : Invalid path ''
[24Jun2026 11:52:21.742] [main/ERROR] [net.minecraft.server.packs.PathPackResources/]: Invalid path : Invalid path ''
[24Jun2026 11:52:21.743] [main/ERROR] [net.minecraft.server.packs.PathPackResources/]: Invalid path : Invalid path ''
[24Jun2026 11:52:21.744] [main/ERROR] [net.minecraft.server.packs.PathPackResources/]: Invalid path : Invalid path ''
[24Jun2026 11:52:21.745] [main/ERROR] [net.minecraft.server.packs.PathPackResources/]: Invalid path : Invalid path ''
[24Jun2026 11:52:21.745] [main/ERROR] [net.minecraft.server.packs.PathPackResources/]: Invalid path : Invalid path ''
[24Jun2026 11:52:21.746] [main/ERROR] [net.minecraft.server.packs.PathPackResources/]: Invalid path : Invalid path ''
[24Jun2026 11:52:21.747] [main/ERROR] [net.minecraft.server.packs.PathPackResources/]: Invalid path : Invalid path ''
[24Jun2026 11:52:21.748] [main/ERROR] [net.minecraft.server.packs.PathPackResources/]: Invalid path : Invalid path ''
[24Jun2026 11:52:21.749] [main/ERROR] [net.minecraft.server.packs.PathPackResources/]: Invalid path : Invalid path ''
[24Jun2026 11:52:21.751] [main/ERROR] [net.minecraft.server.packs.PathPackResources/]: Invalid path : Invalid path ''
[24Jun2026 11:52:21.752] [main/ERROR] [net.minecraft.server.packs.PathPackResources/]: Invalid path : Invalid path ''
[24Jun2026 11:52:21.752] [main/ERROR] [net.minecraft.server.packs.PathPackResources/]: Invalid path : Invalid path ''
[24Jun2026 11:52:21.755] [main/ERROR] [net.minecraft.server.packs.PathPackResources/]: Invalid path : Invalid path ''
[24Jun2026 11:52:21.755] [main/ERROR] [net.minecraft.server.packs.PathPackResources/]: Invalid path : Invalid path ''
[24Jun2026 11:52:21.755] [main/ERROR] [net.minecraft.server.packs.PathPackResources/]: Invalid path : Invalid path ''
[24Jun2026 11:52:21.755] [main/ERROR] [net.minecraft.server.packs.PathPackResources/]: Invalid path : Invalid path ''
[24Jun2026 11:52:21.757] [main/ERROR] [net.minecraft.server.packs.PathPackResources/]: Invalid path : Invalid path ''
[24Jun2026 11:52:21.759] [main/ERROR] [net.minecraft.server.packs.PathPackResources/]: Invalid path : Invalid path ''
[24Jun2026 11:52:21.760] [main/ERROR] [net.minecraft.server.packs.PathPackResources/]: Invalid path : Invalid path ''
[24Jun2026 11:52:21.760] [main/ERROR] [net.minecraft.server.packs.PathPackResources/]: Invalid path : Invalid path ''
[24Jun2026 11:52:21.761] [main/ERROR] [net.minecraft.server.packs.PathPackResources/]: Invalid path : Invalid path ''
[24Jun2026 11:52:21.761] [main/ERROR] [net.minecraft.server.packs.PathPackResources/]: Invalid path : Invalid path ''
[24Jun2026 11:52:21.762] [main/ERROR] [net.minecraft.server.packs.PathPackResources/]: Invalid path : Invalid path ''
[24Jun2026 11:52:21.762] [main/ERROR] [net.minecraft.server.packs.PathPackResources/]: Invalid path : Invalid path ''
[24Jun2026 11:52:21.763] [main/ERROR] [net.minecraft.server.packs.PathPackResources/]: Invalid path : Invalid path ''
[24Jun2026 11:52:21.764] [main/ERROR] [net.minecraft.server.packs.PathPackResources/]: Invalid path : Invalid path ''
[24Jun2026 11:52:21.764] [main/ERROR] [net.minecraft.server.packs.PathPackResources/]: Invalid path : Invalid path ''
[24Jun2026 11:52:21.764] [main/ERROR] [net.minecraft.server.packs.PathPackResources/]: Invalid path : Invalid path ''
[24Jun2026 11:52:21.765] [main/ERROR] [net.minecraft.server.packs.PathPackResources/]: Invalid path : Invalid path ''
[24Jun2026 11:52:21.765] [main/ERROR] [net.minecraft.server.packs.PathPackResources/]: Invalid path : Invalid path ''
[24Jun2026 11:52:21.766] [main/ERROR] [net.minecraft.server.packs.PathPackResources/]: Invalid path : Invalid path ''
[24Jun2026 11:52:21.767] [main/ERROR] [net.minecraft.server.packs.PathPackResources/]: Invalid path : Invalid path ''
[24Jun2026 11:52:21.767] [main/ERROR] [net.minecraft.server.packs.PathPackResources/]: Invalid path : Invalid path ''
[24Jun2026 11:52:21.767] [main/ERROR] [net.minecraft.server.packs.PathPackResources/]: Invalid path : Invalid path ''
[24Jun2026 11:52:21.768] [main/ERROR] [net.minecraft.server.packs.PathPackResources/]: Invalid path : Invalid path ''
[24Jun2026 11:52:21.768] [main/ERROR] [net.minecraft.server.packs.PathPackResources/]: Invalid path : Invalid path ''
[24Jun2026 11:52:21.770] [main/ERROR] [net.minecraft.server.packs.PathPackResources/]: Invalid path : Invalid path ''
[24Jun2026 11:52:21.770] [main/ERROR] [net.minecraft.server.packs.PathPackResources/]: Invalid path : Invalid path ''
[24Jun2026 11:52:21.770] [main/ERROR] [net.minecraft.server.packs.PathPackResources/]: Invalid path : Invalid path ''
[24Jun2026 11:52:21.771] [main/ERROR] [net.minecraft.server.packs.PathPackResources/]: Invalid path : Invalid path ''
[24Jun2026 11:52:21.772] [main/ERROR] [net.minecraft.server.packs.PathPackResources/]: Invalid path : Invalid path ''
[24Jun2026 11:52:21.772] [main/ERROR] [net.minecraft.server.packs.PathPackResources/]: Invalid path : Invalid path ''
[24Jun2026 11:52:21.772] [main/ERROR] [net.minecraft.server.packs.PathPackResources/]: Invalid path : Invalid path ''
[24Jun2026 11:52:21.773] [main/ERROR] [net.minecraft.server.packs.PathPackResources/]: Invalid path : Invalid path ''
[24Jun2026 11:52:21.773] [main/ERROR] [net.minecraft.server.packs.PathPackResources/]: Invalid path : Invalid path ''
[24Jun2026 11:52:21.774] [main/ERROR] [net.minecraft.server.packs.PathPackResources/]: Invalid path : Invalid path ''
[24Jun2026 11:52:21.774] [main/ERROR] [net.minecraft.server.packs.PathPackResources/]: Invalid path : Invalid path ''
[24Jun2026 11:52:21.775] [main/ERROR] [net.minecraft.server.packs.PathPackResources/]: Invalid path : Invalid path ''
[24Jun2026 11:52:21.776] [main/ERROR] [net.minecraft.server.packs.PathPackResources/]: Invalid path : Invalid path ''
[24Jun2026 11:52:21.777] [main/ERROR] [net.minecraft.server.packs.PathPackResources/]: Invalid path : Invalid path ''
[24Jun2026 11:52:21.777] [main/ERROR] [net.minecraft.server.packs.PathPackResources/]: Invalid path : Invalid path ''
[24Jun2026 11:52:21.778] [main/ERROR] [net.minecraft.server.packs.PathPackResources/]: Invalid path : Invalid path ''
[24Jun2026 11:52:21.778] [main/ERROR] [net.minecraft.server.packs.PathPackResources/]: Invalid path : Invalid path ''
[24Jun2026 11:52:21.779] [main/ERROR] [net.minecraft.server.packs.PathPackResources/]: Invalid path : Invalid path ''
[24Jun2026 11:52:21.780] [main/ERROR] [net.minecraft.server.packs.PathPackResources/]: Invalid path : Invalid path ''
[24Jun2026 11:52:21.780] [main/ERROR] [net.minecraft.server.packs.PathPackResources/]: Invalid path : Invalid path ''
[24Jun2026 11:52:21.781] [main/ERROR] [net.minecraft.server.packs.PathPackResources/]: Invalid path : Invalid path ''
[24Jun2026 11:52:21.782] [main/ERROR] [net.minecraft.server.packs.PathPackResources/]: Invalid path : Invalid path ''
[24Jun2026 11:52:21.782] [main/ERROR] [net.minecraft.server.packs.PathPackResources/]: Invalid path : Invalid path ''
[24Jun2026 11:52:21.782] [main/ERROR] [net.minecraft.server.packs.PathPackResources/]: Invalid path : Invalid path ''
[24Jun2026 11:52:21.783] [main/ERROR] [net.minecraft.server.packs.PathPackResources/]: Invalid path : Invalid path ''
[24Jun2026 11:52:21.784] [main/ERROR] [net.minecraft.server.packs.PathPackResources/]: Invalid path : Invalid path ''
[24Jun2026 11:52:21.784] [main/ERROR] [net.minecraft.server.packs.PathPackResources/]: Invalid path : Invalid path ''
[24Jun2026 11:52:21.785] [main/ERROR] [net.minecraft.server.packs.PathPackResources/]: Invalid path : Invalid path ''
[24Jun2026 11:52:21.786] [main/ERROR] [net.minecraft.server.packs.PathPackResources/]: Invalid path : Invalid path ''
[24Jun2026 11:52:21.787] [main/ERROR] [net.minecraft.server.packs.PathPackResources/]: Invalid path : Invalid path ''
[24Jun2026 11:52:21.787] [main/ERROR] [net.minecraft.server.packs.PathPackResources/]: Invalid path : Invalid path ''
[24Jun2026 11:52:21.788] [main/ERROR] [net.minecraft.server.packs.PathPackResources/]: Invalid path : Invalid path ''
[24Jun2026 11:52:21.789] [main/ERROR] [net.minecraft.server.packs.PathPackResources/]: Invalid path : Invalid path ''
[24Jun2026 11:52:21.789] [main/ERROR] [net.minecraft.server.packs.PathPackResources/]: Invalid path : Invalid path ''
[24Jun2026 11:52:21.790] [main/ERROR] [net.minecraft.server.packs.PathPackResources/]: Invalid path : Invalid path ''
[24Jun2026 11:52:21.790] [main/ERROR] [net.minecraft.server.packs.PathPackResources/]: Invalid path : Invalid path ''
[24Jun2026 11:52:21.792] [main/ERROR] [net.minecraft.server.packs.PathPackResources/]: Invalid path : Invalid path ''
[24Jun2026 11:52:21.792] [main/ERROR] [net.minecraft.server.packs.PathPackResources/]: Invalid path : Invalid path ''
[24Jun2026 11:52:21.792] [main/ERROR] [net.minecraft.server.packs.PathPackResources/]: Invalid path : Invalid path ''
[24Jun2026 11:52:21.793] [main/ERROR] [net.minecraft.server.packs.PathPackResources/]: Invalid path : Invalid path ''
[24Jun2026 11:52:21.793] [main/ERROR] [net.minecraft.server.packs.PathPackResources/]: Invalid path : Invalid path ''
[24Jun2026 11:52:21.866] [main/INFO] [net.minecraft.server.MinecraftServer/]: Found new data pack builtin/extinguishing_recipe_override, loading it automatically
[24Jun2026 11:52:21.866] [main/INFO] [net.minecraft.server.MinecraftServer/]: Found new data pack builtin/aether_accessories_override, loading it automatically
[24Jun2026 11:52:21.969] [main/INFO] [Moonlight/]: Resource cache state for SERVER_DATA: needs regeneration
[24Jun2026 11:52:21.972] [main/INFO] [Moonlight/]: Deleting directory: /home/ubuntu/bettermc/dynamic-data-pack-cache/sawmill-sawmill_recipes
[24Jun2026 11:52:21.975] [main/INFO] [Moonlight/]: Cleared cache pack resources at /home/ubuntu/bettermc/dynamic-data-pack-cache/sawmill-sawmill_recipes in 5.743 ms
[24Jun2026 11:52:21.976] [main/INFO] [Moonlight/]: Deleting directory: /home/ubuntu/bettermc/dynamic-data-pack-cache/supplementaries-generated_pack
[24Jun2026 11:52:21.976] [main/INFO] [Moonlight/]: Cleared cache pack resources at /home/ubuntu/bettermc/dynamic-data-pack-cache/supplementaries-generated_pack in 425.8 μs
[24Jun2026 11:52:21.977] [main/INFO] [Moonlight/]: Starting runtime resource generation for pack type SERVER_DATA with generators [sawmill:sawmill_recipes, supplementaries:generated_pack]
[24Jun2026 11:52:22.014] [main/INFO] [Moonlight/]: Regenerating Dynamic SERVER_DATA Resources Provider [sawmill:sawmill_recipes], requested by strategy CACHED_FOLDER
[24Jun2026 11:52:22.031] [pool-3-thread-1/INFO] [Sawmill/]: Scheduling Sawmill recipe generation
[24Jun2026 11:52:22.032] [main/INFO] [Moonlight/]: Generated runtime SERVER_DATA for pack sawmill:sawmill_recipes in 14.61 ms
[24Jun2026 11:52:22.035] [main/INFO] [Moonlight/]: Regenerating Dynamic SERVER_DATA Resources Provider [supplementaries:generated_pack], requested by strategy CACHED_FOLDER
[24Jun2026 11:52:22.106] [pool-3-thread-1/WARN] [Supplementaries/]: Could not find Sign for wood cataclysm:chorus. Does this block even exist? It should! Skipping way sign recipe generation
[24Jun2026 11:52:22.119] [pool-3-thread-1/WARN] [Supplementaries/]: Could not find Sign for wood hybrid-aquatic:driftwood. Does this block even exist? It should! Skipping way sign recipe generation
[24Jun2026 11:52:22.273] [main/INFO] [Moonlight/]: Generated runtime SERVER_DATA for pack supplementaries:generated_pack in 237.9 ms
[24Jun2026 11:52:22.291] [main/INFO] [Moonlight/]: Populated search tree for pack at /home/ubuntu/bettermc/dynamic-data-pack-cache/supplementaries-generated_pack in 8.735 ms
[24Jun2026 11:52:22.291] [main/INFO] [Moonlight/]: Finished runtime resources generation for 2 packs in a total of 314.4 ms 
[24Jun2026 11:52:28.106] [Worker-Main-1/WARN] [net.minecraft.server.ReloadableServerRegistries/]: Found loot table element validation problem in {minecraft:loot_table:repurposed_structures:chests/outposts/giant_tree_taiga}.pools[7].entries[0]: Unknown loot table called supplementaries:inject/pillager_quiver
[24Jun2026 11:52:28.107] [Worker-Main-1/WARN] [net.minecraft.server.ReloadableServerRegistries/]: Found loot table element validation problem in {minecraft:loot_table:repurposed_structures:chests/outposts/warped}.pools[4].entries[0]: Unknown loot table called supplementaries:inject/pillager_quiver
[24Jun2026 11:52:28.107] [Worker-Main-1/WARN] [net.minecraft.server.ReloadableServerRegistries/]: Found loot table element validation problem in {minecraft:loot_table:repurposed_structures:chests/outposts/ocean}.pools[7].entries[0]: Unknown loot table called supplementaries:inject/pillager_quiver
[24Jun2026 11:52:28.108] [Worker-Main-1/WARN] [net.minecraft.server.ReloadableServerRegistries/]: Found loot table element validation problem in {minecraft:loot_table:dungeons_arise:chests/illager_campsite/illager_campsite_map}.pools[7].entries[0]->{minecraft:chests/pillager_outpost}.pools[6].entries[0]: Unknown loot table called supplementaries:inject/pillager_quiver
[24Jun2026 11:52:28.108] [Worker-Main-1/WARN] [net.minecraft.server.ReloadableServerRegistries/]: Found loot table element validation problem in {minecraft:loot_table:repurposed_structures:chests/outposts/jungle}.pools[7].entries[0]: Unknown loot table called supplementaries:inject/pillager_quiver
[24Jun2026 11:52:28.108] [Worker-Main-1/WARN] [net.minecraft.server.ReloadableServerRegistries/]: Found loot table element validation problem in {minecraft:loot_table:repurposed_structures:chests/outposts/mangrove}.pools[7].entries[0]: Unknown loot table called supplementaries:inject/pillager_quiver
[24Jun2026 11:52:28.108] [Worker-Main-1/WARN] [net.minecraft.server.ReloadableServerRegistries/]: Found loot table element validation problem in {minecraft:loot_table:repurposed_structures:chests/outposts/desert}.pools[7].entries[0]: Unknown loot table called supplementaries:inject/pillager_quiver
[24Jun2026 11:52:28.108] [Worker-Main-1/WARN] [net.minecraft.server.ReloadableServerRegistries/]: Found loot table element validation problem in {minecraft:loot_table:repurposed_structures:chests/outposts/soul}.pools[4].entries[0]: Unknown loot table called supplementaries:inject/pillager_quiver
[24Jun2026 11:52:28.108] [Worker-Main-1/WARN] [net.minecraft.server.ReloadableServerRegistries/]: Found loot table element validation problem in {minecraft:loot_table:minecraft:chests/pillager_outpost}.pools[6].entries[0]: Unknown loot table called supplementaries:inject/pillager_quiver
[24Jun2026 11:52:28.108] [Worker-Main-1/WARN] [net.minecraft.server.ReloadableServerRegistries/]: Found loot table element validation problem in {minecraft:loot_table:repurposed_structures:chests/outposts/badlands}.pools[7].entries[0]: Unknown loot table called supplementaries:inject/pillager_quiver
[24Jun2026 11:52:28.109] [Worker-Main-1/WARN] [net.minecraft.server.ReloadableServerRegistries/]: Found loot table element validation problem in {minecraft:loot_table:dungeons_arise:chests/illager_campsite/illager_campsite_tent}.pools[5].entries[0]->{minecraft:chests/pillager_outpost}.pools[6].entries[0]: Unknown loot table called supplementaries:inject/pillager_quiver
[24Jun2026 11:52:28.109] [Worker-Main-1/WARN] [net.minecraft.server.ReloadableServerRegistries/]: Found loot table element validation problem in {minecraft:loot_table:repurposed_structures:chests/outposts/savanna}.pools[7].entries[0]: Unknown loot table called supplementaries:inject/pillager_quiver
[24Jun2026 11:52:28.109] [Worker-Main-1/WARN] [net.minecraft.server.ReloadableServerRegistries/]: Found loot table element validation problem in {minecraft:loot_table:repurposed_structures:chests/outposts/taiga}.pools[7].entries[0]: Unknown loot table called supplementaries:inject/pillager_quiver
[24Jun2026 11:52:28.109] [Worker-Main-1/WARN] [net.minecraft.server.ReloadableServerRegistries/]: Found loot table element validation problem in {minecraft:loot_table:supplementaries:loot/galleon/safe}.pools[0].entries[3]: Unreachable entry!
[24Jun2026 11:52:28.110] [Worker-Main-1/WARN] [net.minecraft.server.ReloadableServerRegistries/]: Found loot table element validation problem in {minecraft:loot_table:repurposed_structures:chests/outposts/icy}.pools[7].entries[0]: Unknown loot table called supplementaries:inject/pillager_quiver
[24Jun2026 11:52:28.110] [Worker-Main-1/WARN] [net.minecraft.server.ReloadableServerRegistries/]: Found loot table element validation problem in {minecraft:loot_table:repurposed_structures:chests/outposts/crimson}.pools[4].entries[0]: Unknown loot table called supplementaries:inject/pillager_quiver
[24Jun2026 11:52:28.110] [Worker-Main-1/WARN] [net.minecraft.server.ReloadableServerRegistries/]: Found loot table element validation problem in {minecraft:loot_table:repurposed_structures:chests/outposts/oak}.pools[8].entries[0]: Unknown loot table called supplementaries:inject/pillager_quiver
[24Jun2026 11:52:28.110] [Worker-Main-1/WARN] [net.minecraft.server.ReloadableServerRegistries/]: Found loot table element validation problem in {minecraft:loot_table:repurposed_structures:chests/outposts/nether_brick}.pools[4].entries[0]: Unknown loot table called supplementaries:inject/pillager_quiver
[24Jun2026 11:52:28.111] [Worker-Main-1/WARN] [net.minecraft.server.ReloadableServerRegistries/]: Found loot table element validation problem in {minecraft:loot_table:repurposed_structures:chests/outposts/birch}.pools[7].entries[0]: Unknown loot table called supplementaries:inject/pillager_quiver
[24Jun2026 11:52:28.111] [Worker-Main-1/WARN] [net.minecraft.server.ReloadableServerRegistries/]: Found loot table element validation problem in {minecraft:loot_table:repurposed_structures:chests/outposts/snowy}.pools[7].entries[0]: Unknown loot table called supplementaries:inject/pillager_quiver
[24Jun2026 11:52:28.111] [Worker-Main-1/WARN] [net.minecraft.server.ReloadableServerRegistries/]: Found loot table element validation problem in {minecraft:loot_table:repurposed_structures:chests/outposts/basalt}.pools[4].entries[0]: Unknown loot table called supplementaries:inject/pillager_quiver
[24Jun2026 11:52:28.111] [Worker-Main-1/WARN] [net.minecraft.server.ReloadableServerRegistries/]: Found loot table element validation problem in {minecraft:loot_table:supplementaries:loot/galleon/safe}.pools[2].entries[1]: Unreachable entry!
[24Jun2026 11:52:28.746] [Worker-Main-1/INFO] [com.github.alexthe666.alexsmobs.AlexsMobs/]: Adding datapack listener capsid_recipes
[24Jun2026 11:52:28.798] [Worker-Main-1/INFO] [io.wispforest.lmft.LMFTCommon/]: [Load My F***ing Tags]: Loaded Config File!
[24Jun2026 11:52:29.401] [Worker-Main-1/INFO] [io.wispforest.accessories_compat.api.tags.RuntimeTagModifier/]: All Tags to be dealt with: [accessories:wrist, accessories:any, accessories:waist, accessories:rings, accessories:charm, accessories:cape, accessories:talisman, accessories:all, accessories:belt, accessories:hand, accessories:ring, accessories:hat, accessories:shulker, accessories:shoes, accessories:back, accessories:necklace]
[24Jun2026 11:52:29.403] [Worker-Main-1/WARN] [io.wispforest.accessories_compat.api.tags.RuntimeTagModifier/]: [RuntimeTagModification] Adding Entries from [accessories:wrist] to [curios:bracelet]: 
     [minecraft:clock (from mod/accessorify:resourcepacks/1_21_1/default/clock)]
[24Jun2026 11:52:29.403] [Worker-Main-1/WARN] [io.wispforest.accessories_compat.api.tags.RuntimeTagModifier/]: [RuntimeTagModification] Adding Entries from [accessories:any] to [curios:curio]: 
     [#accessories:all (from mod/accessories)]
[24Jun2026 11:52:29.403] [Worker-Main-1/WARN] [io.wispforest.accessories_compat.api.tags.RuntimeTagModifier/]: [RuntimeTagModification] Adding Entries from [curios:waist] to [accessories:waist]: 
     [cataclysm:belt_of_beginner (from mod/cataclysm), cataclysm:belt_of_monstrosity (from mod/cataclysm)]
[24Jun2026 11:52:29.404] [Worker-Main-1/WARN] [io.wispforest.accessories_compat.api.tags.RuntimeTagModifier/]: [RuntimeTagModification] Adding Entries from [curios:rings] to [accessories:rings]: 
     [cataclysm:ring_of_grudged (from mod/cataclysm)]
[24Jun2026 11:52:29.404] [Worker-Main-1/WARN] [io.wispforest.accessories_compat.api.tags.RuntimeTagModifier/]: [RuntimeTagModification] Adding Entries from [curios:charm] to [accessories:charm]: 
     [twilightforest:charm_of_life_1 (from mod/twilightforest), twilightforest:charm_of_life_2 (from mod/twilightforest), twilightforest:charm_of_keeping_1 (from mod/twilightforest), twilightforest:charm_of_keeping_2 (from mod/twilightforest), twilightforest:charm_of_keeping_3 (from mod/twilightforest), #friendsandfoes:totems (from mod/friendsandfoes), minecraft:totem_of_undying (from mod/friendsandfoes), biomemakeover:enchanted_totem? (from mod/friendsandfoes), voidtotem:totem_of_void_undying? (from mod/friendsandfoes), #voidtotem:additional_totems? (from mod/friendsandfoes), fwaystones:void_totem? (from mod/friendsandfoes), netheriteextras:totem_of_neverdying? (from mod/friendsandfoes)]
[24Jun2026 11:52:29.405] [Worker-Main-1/WARN] [io.wispforest.accessories_compat.api.tags.RuntimeTagModifier/]: [RuntimeTagModification] Adding Entries from [accessories:charm] to [curios:charm]: 
     [#accessorify:totems (from mod/accessorify:resourcepacks/1_21_1/default/totem), sereneseasons:calendar (from mod/accessorify:resourcepacks/1_21_1/default/sscalendar), #aether:accessories_miscellaneous (from builtin/aether_accessories_override)]
[24Jun2026 11:52:29.405] [Worker-Main-1/WARN] [io.wispforest.accessories_compat.api.tags.RuntimeTagModifier/]: [RuntimeTagModification] Adding Entries from [accessories:cape] to [curios:body]: 
     [minecraft:elytra (from mod/accessorify:resourcepacks/1_21_1/default/elytra), #aether:accessories_capes (from builtin/aether_accessories_override)]
[24Jun2026 11:52:29.406] [Worker-Main-1/WARN] [io.wispforest.accessories_compat.api.tags.RuntimeTagModifier/]: [RuntimeTagModification] Adding Entries from [curios:talisman] to [accessories:talisman]: 
     [cataclysm:unbreakable_skull (from mod/cataclysm)]
[24Jun2026 11:52:29.406] [Worker-Main-1/WARN] [io.wispforest.accessories_compat.api.tags.RuntimeTagModifier/]: [RuntimeTagModification] Adding Entries from [curios:belt] to [accessories:belt]: 
     [supplementaries:quiver (from mod/supplementaries), #supplementaries:keys (from mod/supplementaries), toms_storage:adv_wireless_terminal (from mod/toms_storage), minecraft:lantern (from mod/immersivelanterns), minecraft:soul_lantern (from mod/immersivelanterns)]
[24Jun2026 11:52:29.406] [Worker-Main-1/WARN] [io.wispforest.accessories_compat.api.tags.RuntimeTagModifier/]: [RuntimeTagModification] Adding Entries from [accessories:belt] to [curios:belt]: 
     [minecraft:lantern (from mod/immersivelanterns), minecraft:soul_lantern (from mod/immersivelanterns), minecraft:spyglass (from mod/accessorify:resourcepacks/1_21_1/default/spyglass)]
[24Jun2026 11:52:29.407] [Worker-Main-1/WARN] [io.wispforest.accessories_compat.api.tags.RuntimeTagModifier/]: [RuntimeTagModification] Adding Entries from [curios:hands] to [accessories:hand]: 
     [cataclysm:sticky_gloves (from mod/cataclysm), cataclysm:blazing_grips (from mod/cataclysm), cataclysm:chitin_claw (from mod/cataclysm)]
[24Jun2026 11:52:29.407] [Worker-Main-1/WARN] [io.wispforest.accessories_compat.api.tags.RuntimeTagModifier/]: [RuntimeTagModification] Adding Entries from [accessories:hand] to [curios:hands]: 
     [#aether:accessories_gloves (from builtin/aether_accessories_override)]
[24Jun2026 11:52:29.407] [Worker-Main-1/WARN] [io.wispforest.accessories_compat.api.tags.RuntimeTagModifier/]: [RuntimeTagModification] Adding Entries from [accessories:ring] to [curios:ring]: 
     [#aether:accessories_rings (from builtin/aether_accessories_override)]
[24Jun2026 11:52:29.407] [Worker-Main-1/WARN] [io.wispforest.accessories_compat.api.tags.RuntimeTagModifier/]: [RuntimeTagModification] Adding Entries from [curios:head] to [accessories:hat]: 
     [twilightforest:naga_trophy (from mod/twilightforest), twilightforest:lich_trophy (from mod/twilightforest), twilightforest:minoshroom_trophy (from mod/twilightforest), twilightforest:hydra_trophy (from mod/twilightforest), twilightforest:knight_phantom_trophy (from mod/twilightforest), twilightforest:ur_ghast_trophy (from mod/twilightforest), twilightforest:alpha_yeti_trophy (from mod/twilightforest), twilightforest:snow_queen_trophy (from mod/twilightforest), twilightforest:quest_ram_trophy (from mod/twilightforest), twilightforest:cicada (from mod/twilightforest), twilightforest:firefly (from mod/twilightforest), twilightforest:moonworm (from mod/twilightforest), twilightforest:creeper_skull_candle (from mod/twilightforest), twilightforest:piglin_skull_candle (from mod/twilightforest), twilightforest:player_skull_candle (from mod/twilightforest), twilightforest:skeleton_skull_candle (from mod/twilightforest), twilightforest:wither_skeleton_skull_candle (from mod/twilightforest), twilightforest:zombie_skull_candle (from mod/twilightforest), cataclysm:kobolediator_skull (from mod/cataclysm), cataclysm:aptrgangr_head (from mod/cataclysm), cataclysm:draugr_head (from mod/cataclysm)]
[24Jun2026 11:52:29.407] [Worker-Main-1/WARN] [io.wispforest.accessories_compat.api.tags.RuntimeTagModifier/]: [RuntimeTagModification] Adding Entries from [accessories:shulker] to [curios:shulker]: 
     [#accessorify:shulker_boxes (from mod/accessorify:resourcepacks/1_21_1/default/shulkerbox)]
[24Jun2026 11:52:29.407] [Worker-Main-1/WARN] [io.wispforest.accessories_compat.api.tags.RuntimeTagModifier/]: [RuntimeTagModification] Adding Entries from [curios:feet] to [accessories:shoes]: 
     [cataclysm:sturdy_boots (from mod/cataclysm)]
[24Jun2026 11:52:29.407] [Worker-Main-1/WARN] [io.wispforest.accessories_compat.api.tags.RuntimeTagModifier/]: [RuntimeTagModification] Adding Entries from [accessories:back] to [curios:back]: 
     [backpacked:backpack (from mod/backpacked), minecraft:ender_chest (from mod/accessorify:resourcepacks/1_21_1/default/enderchest), #aether:accessories_shields (from builtin/aether_accessories_override)]
[24Jun2026 11:52:29.407] [Worker-Main-1/WARN] [io.wispforest.accessories_compat.api.tags.RuntimeTagModifier/]: [RuntimeTagModification] Adding Entries from [curios:necklace] to [accessories:necklace]: 
     [cataclysm:vitality_ankh (from mod/cataclysm), cataclysm:berserker_soul_amulet (from mod/cataclysm)]
[24Jun2026 11:52:29.407] [Worker-Main-1/WARN] [io.wispforest.accessories_compat.api.tags.RuntimeTagModifier/]: [RuntimeTagModification] Adding Entries from [accessories:necklace] to [curios:necklace]: 
     [#aether:accessories_pendants (from builtin/aether_accessories_override)]
[24Jun2026 11:52:29.576] [Worker-Main-1/WARN] [io.wispforest.lmft.LMFTCommon/]: [Load My F***ing Tags]: Couldn't load certain entries within the tag aether_villages:collections/ancient_aether_biomes: #ancient_aether:is_ancient_aether_biome (from mod/aether_villages)
[24Jun2026 11:52:29.577] [Worker-Main-1/WARN] [io.wispforest.lmft.LMFTCommon/]: [Load My F***ing Tags]: Couldn't load certain entries within the tag aether_villages:collections/aether_redux_biomes: aether_redux:skyfields (from mod/aether_villages), aether_redux:gilded_groves (from mod/aether_villages), aether_redux:cloudcaps (from mod/aether_villages), aether_redux:frosted_forests (from mod/aether_villages), aether_redux:glacial_tundra (from mod/aether_villages)
[24Jun2026 11:52:29.899] [Worker-Main-1/ERROR] [Mixson/]: Failed to interact with .json file 'minecraft:advancement/recipes/decorations/lodestone.json' with event 'misctweaks:modify_lodestone_recipe_unlock_condition'

java.lang.NullPointerException: Cannot invoke "com.google.gson.JsonObject.getAsJsonObject(String)" because the return value of "com.google.gson.JsonObject.getAsJsonObject(String)" is null
	at TRANSFORMER/misctweaks@1.3.0/me.pajic.misctweaks.mixson.ResourceModifications.lambda$init$5(ResourceModifications.java:90) ~[misctweaks-1.3.0+1.21.1-neoforge.jar%23581!/:?]
	at TRANSFORMER/mixson@1.4.0/net.ramixin.mixson.inline.Mixson.processContext(Mixson.java:400) ~[mixson-neoforge-v1.4.0.jar%231032!/:?]
	at TRANSFORMER/mixson@1.4.0/net.ramixin.mixson.inline.Mixson.processStandardEvent(Mixson.java:369) ~[mixson-neoforge-v1.4.0.jar%231032!/:?]
	at TRANSFORMER/mixson@1.4.0/net.ramixin.mixson.inline.Mixson.beginEventProcessing(Mixson.java:274) ~[mixson-neoforge-v1.4.0.jar%231032!/:?]
	at TRANSFORMER/mixson@1.4.0/net.ramixin.mixson.inline.Mixson.runStandardEvents(Mixson.java:159) ~[mixson-neoforge-v1.4.0.jar%231032!/:?]
	at TRANSFORMER/minecraft@1.21.1/net.minecraft.server.packs.resources.MultiPackResourceManager.modifyReturnValue$eob000$mixson$runMixsonEvents(MultiPackResourceManager.java:1020) ~[server-1.21.1-20240808.144430-srg.jar%23408!/:?]
	at TRANSFORMER/minecraft@1.21.1/net.minecraft.server.packs.resources.MultiPackResourceManager.listResources(MultiPackResourceManager.java:97) ~[server-1.21.1-20240808.144430-srg.jar%23408!/:?]
	at TRANSFORMER/minecraft@1.21.1/net.minecraft.resources.FileToIdConverter.listMatchingResources(FileToIdConverter.java:31) ~[server-1.21.1-20240808.144430-srg.jar%23408!/:?]
	at TRANSFORMER/minecraft@1.21.1/net.minecraft.server.packs.resources.SimpleJsonResourceReloadListener.scanDirectory(SimpleJsonResourceReloadListener.java:37) ~[server-1.21.1-20240808.144430-srg.jar%23408!/:?]
	at TRANSFORMER/minecraft@1.21.1/net.minecraft.server.packs.resources.SimpleJsonResourceReloadListener.prepare(SimpleJsonResourceReloadListener.java:30) ~[server-1.21.1-20240808.144430-srg.jar%23408!/:?]
	at TRANSFORMER/minecraft@1.21.1/net.minecraft.server.packs.resources.SimpleJsonResourceReloadListener.prepare(SimpleJsonResourceReloadListener.java:18) ~[server-1.21.1-20240808.144430-srg.jar%23408!/:?]
	at TRANSFORMER/minecraft@1.21.1/net.minecraft.server.packs.resources.SimplePreparableReloadListener.lambda$reload$0(SimplePreparableReloadListener.java:17) ~[server-1.21.1-20240808.144430-srg.jar%23408!/:?]
	at java.base/java.util.concurrent.CompletableFuture$AsyncSupply.run(CompletableFuture.java:1768) [?:?]
	at java.base/java.util.concurrent.CompletableFuture$AsyncSupply.exec(CompletableFuture.java:1760) [?:?]
	at java.base/java.util.concurrent.ForkJoinTask.doExec(ForkJoinTask.java:387) [?:?]
	at java.base/java.util.concurrent.ForkJoinPool$WorkQueue.topLevelExec(ForkJoinPool.java:1310) [?:?]
	at java.base/java.util.concurrent.ForkJoinPool.scan(ForkJoinPool.java:1841) [?:?]
	at java.base/java.util.concurrent.ForkJoinPool.runWorker(ForkJoinPool.java:1806) [?:?]
	at java.base/java.util.concurrent.ForkJoinWorkerThread.run(ForkJoinWorkerThread.java:188) [?:?]
[24Jun2026 11:52:30.280] [Worker-Main-1/WARN] [net.neoforged.neoforge.registries.DataMapLoader/]: Found data map file for non-existent data map type 'minersdelight:cup_variant' on registry 'minecraft:item'.
[24Jun2026 11:52:30.426] [Worker-Main-1/INFO] [AllTheLeaks/]: Cleared 0 ingredients from Ingredient Dedupe Cache
[24Jun2026 11:52:30.744] [main/INFO] [Sawmill/]: Intercepted tag results
[24Jun2026 11:52:30.868] [main/ERROR] [net.minecraft.world.item.crafting.RecipeManager/]: Parsing error loading recipe piglinproliferation:deepslate_fire_ring: com.google.gson.JsonParseException: Input does not contain a key [type]: MapLike[{}]
[24Jun2026 11:52:30.947] [main/ERROR] [net.minecraft.world.item.crafting.RecipeManager/]: Parsing error loading recipe brewinandchewin:fermenting/ghast_sourdough: com.google.gson.JsonParseException: Unknown registry key in ResourceKey[minecraft:root / minecraft:recipe_serializer]: brewinandchewin:fermenting
[24Jun2026 11:52:31.022] [main/ERROR] [net.minecraft.world.item.crafting.RecipeManager/]: Parsing error loading recipe piglinproliferation:end_stone_fire_ring: com.google.gson.JsonParseException: Input does not contain a key [type]: MapLike[{}]
[24Jun2026 11:52:31.128] [main/ERROR] [net.minecraft.world.item.crafting.RecipeManager/]: Parsing error loading recipe piglinproliferation:netherrack_soul_fire_ring: com.google.gson.JsonParseException: Input does not contain a key [type]: MapLike[{}]
[24Jun2026 11:52:31.147] [main/ERROR] [net.minecraft.world.item.crafting.RecipeManager/]: Parsing error loading recipe piglinproliferation:end_stone_soul_fire_ring: com.google.gson.JsonParseException: Input does not contain a key [type]: MapLike[{}]
[24Jun2026 11:52:31.150] [main/ERROR] [net.minecraft.world.item.crafting.RecipeManager/]: Parsing error loading recipe piglinproliferation:stone_soul_fire_ring: com.google.gson.JsonParseException: Input does not contain a key [type]: MapLike[{}]
[24Jun2026 11:52:31.205] [main/ERROR] [net.minecraft.world.item.crafting.RecipeManager/]: Parsing error loading recipe minecraft:lodestone: com.google.gson.JsonParseException: Map entry '#' : Both alternatives read successfully, cannot pick the correct one; first: Left[ItemValue[item=1 minecraft:iron_ingot]] second: Right[TagValue[tag=TagKey[minecraft:item / c:ingots/iron]]]
[24Jun2026 11:52:31.271] [main/ERROR] [net.minecraft.world.item.crafting.RecipeManager/]: Parsing error loading recipe piglinproliferation:blackstone_soul_fire_ring: com.google.gson.JsonParseException: Input does not contain a key [type]: MapLike[{}]
[24Jun2026 11:52:31.304] [main/ERROR] [net.minecraft.world.item.crafting.RecipeManager/]: Parsing error loading recipe piglinproliferation:blackstone_fire_ring: com.google.gson.JsonParseException: Input does not contain a key [type]: MapLike[{}]
[24Jun2026 11:52:31.338] [main/ERROR] [net.minecraft.world.item.crafting.RecipeManager/]: Parsing error loading recipe piglinproliferation:netherrack_fire_ring: com.google.gson.JsonParseException: Input does not contain a key [type]: MapLike[{}]
[24Jun2026 11:52:31.387] [main/ERROR] [net.minecraft.world.item.crafting.RecipeManager/]: Parsing error loading recipe piglinproliferation:deepslate_soul_fire_ring: com.google.gson.JsonParseException: Input does not contain a key [type]: MapLike[{}]
[24Jun2026 11:52:31.483] [main/ERROR] [net.minecraft.world.item.crafting.RecipeManager/]: Parsing error loading recipe endersdelight:chorus_pie_slice: com.google.gson.JsonParseException: No key item in MapLike[{"id":"endersdelight:chorus_pie_slice","count":4}]
[24Jun2026 11:52:31.537] [main/INFO] [Sawmill/]: Processing Sawmill Recipes into Recipe Manager
[24Jun2026 11:52:31.537] [main/INFO] [Sawmill/]: Generating Sawmill Recipes
[24Jun2026 11:52:31.755] [main/INFO] [Sawmill/]: Generated Sawmill recipes in 218 milliseconds (cac mode CACHED_FOLDER)
[24Jun2026 11:52:31.755] [main/INFO] [Sawmill/]: Saving 2870 Sawmill Recipes to resource pack
[24Jun2026 11:52:32.157] [main/INFO] [Moonlight/]: Populated search tree for pack at /home/ubuntu/bettermc/dynamic-data-pack-cache/sawmill-sawmill_recipes in 50.38 ms
[24Jun2026 11:52:32.165] [main/INFO] [net.minecraft.world.item.crafting.RecipeManager/]: Loaded 9730 recipes
[24Jun2026 11:52:33.143] [main/ERROR] [net.minecraft.advancements.AdvancementTree/]: Couldn't load advancements: [dungeons_arise:find_thornborn_towers, dungeons_arise:find_fishing_hut]
[24Jun2026 11:52:33.144] [main/INFO] [net.minecraft.advancements.AdvancementTree/]: Loaded 6459 advancements
[24Jun2026 11:52:33.197] [main/ERROR] [Fabric Resource Conditions/]: Failed to parse resource conditions for file of type rs_pieces_spawn_counts with id sawmill:village_giant_taiga, skipping: Unknown resource condition key: sawmill:flag
[24Jun2026 11:52:33.198] [main/ERROR] [Fabric Resource Conditions/]: Failed to parse resource conditions for file of type rs_pieces_spawn_counts with id sawmill:village_mountains, skipping: Unknown resource condition key: sawmill:flag
[24Jun2026 11:52:33.198] [main/ERROR] [Fabric Resource Conditions/]: Failed to parse resource conditions for file of type rs_pieces_spawn_counts with id sawmill:village_birch, skipping: Unknown resource condition key: sawmill:flag
[24Jun2026 11:52:33.198] [main/ERROR] [Fabric Resource Conditions/]: Failed to parse resource conditions for file of type rs_pieces_spawn_counts with id sawmill:village_mushroom, skipping: Unknown resource condition key: sawmill:flag
[24Jun2026 11:52:33.198] [main/ERROR] [Fabric Resource Conditions/]: Failed to parse resource conditions for file of type rs_pieces_spawn_counts with id sawmill:village_cherry, skipping: Unknown resource condition key: sawmill:flag
[24Jun2026 11:52:33.198] [main/ERROR] [Fabric Resource Conditions/]: Failed to parse resource conditions for file of type rs_pieces_spawn_counts with id sawmill:village_oak, skipping: Unknown resource condition key: sawmill:flag
[24Jun2026 11:52:33.198] [main/ERROR] [Fabric Resource Conditions/]: Failed to parse resource conditions for file of type rs_pieces_spawn_counts with id sawmill:village_crimson, skipping: Unknown resource condition key: sawmill:flag
[24Jun2026 11:52:33.198] [main/ERROR] [Fabric Resource Conditions/]: Failed to parse resource conditions for file of type rs_pieces_spawn_counts with id sawmill:village_dark_forest, skipping: Unknown resource condition key: sawmill:flag
[24Jun2026 11:52:33.199] [main/ERROR] [Fabric Resource Conditions/]: Failed to parse resource conditions for file of type rs_pieces_spawn_counts with id sawmill:village_swamp, skipping: Unknown resource condition key: sawmill:flag
[24Jun2026 11:52:33.202] [main/ERROR] [Fabric Resource Conditions/]: Failed to parse resource conditions for file of type rs_pieces_spawn_counts with id sawmill:village_badlands, skipping: Unknown resource condition key: sawmill:flag
[24Jun2026 11:52:33.202] [main/ERROR] [Fabric Resource Conditions/]: Failed to parse resource conditions for file of type rs_pieces_spawn_counts with id sawmill:village_ocean, skipping: Unknown resource condition key: sawmill:flag
[24Jun2026 11:52:33.202] [main/ERROR] [Fabric Resource Conditions/]: Failed to parse resource conditions for file of type rs_pieces_spawn_counts with id sawmill:village_bamboo, skipping: Unknown resource condition key: sawmill:flag
[24Jun2026 11:52:33.202] [main/ERROR] [Fabric Resource Conditions/]: Failed to parse resource conditions for file of type rs_pieces_spawn_counts with id sawmill:village_warped, skipping: Unknown resource condition key: sawmill:flag
[24Jun2026 11:52:33.202] [main/ERROR] [Fabric Resource Conditions/]: Failed to parse resource conditions for file of type rs_pieces_spawn_counts with id sawmill:village_jungle, skipping: Unknown resource condition key: sawmill:flag
[24Jun2026 11:52:33.213] [main/ERROR] [Fabric Resource Conditions/]: Failed to parse resource conditions for file of type rs_pool_additions with id sawmill:villages/cherry/houses, skipping: Unknown resource condition key: sawmill:flag
[24Jun2026 11:52:33.215] [main/ERROR] [Fabric Resource Conditions/]: Failed to parse resource conditions for file of type rs_pool_additions with id sawmill:villages/dark_forest/houses, skipping: Unknown resource condition key: sawmill:flag
[24Jun2026 11:52:33.215] [main/ERROR] [Fabric Resource Conditions/]: Failed to parse resource conditions for file of type rs_pool_additions with id sawmill:villages/jungle/houses, skipping: Unknown resource condition key: sawmill:flag
[24Jun2026 11:52:33.215] [main/ERROR] [Fabric Resource Conditions/]: Failed to parse resource conditions for file of type rs_pool_additions with id sawmill:villages/ocean/houses, skipping: Unknown resource condition key: sawmill:flag
[24Jun2026 11:52:33.215] [main/ERROR] [Fabric Resource Conditions/]: Failed to parse resource conditions for file of type rs_pool_additions with id sawmill:villages/oak/houses, skipping: Unknown resource condition key: sawmill:flag
[24Jun2026 11:52:33.215] [main/ERROR] [Fabric Resource Conditions/]: Failed to parse resource conditions for file of type rs_pool_additions with id sawmill:villages/swamp/houses, skipping: Unknown resource condition key: sawmill:flag
[24Jun2026 11:52:33.216] [main/ERROR] [Fabric Resource Conditions/]: Failed to parse resource conditions for file of type rs_pool_additions with id sawmill:villages/birch/houses, skipping: Unknown resource condition key: sawmill:flag
[24Jun2026 11:52:33.216] [main/ERROR] [Fabric Resource Conditions/]: Failed to parse resource conditions for file of type rs_pool_additions with id sawmill:villages/badlands/houses, skipping: Unknown resource condition key: sawmill:flag
[24Jun2026 11:52:33.216] [main/ERROR] [Fabric Resource Conditions/]: Failed to parse resource conditions for file of type rs_pool_additions with id sawmill:villages/warped/houses, skipping: Unknown resource condition key: sawmill:flag
[24Jun2026 11:52:33.219] [main/ERROR] [Fabric Resource Conditions/]: Failed to parse resource conditions for file of type rs_pool_additions with id sawmill:villages/bamboo/houses, skipping: Unknown resource condition key: sawmill:flag
[24Jun2026 11:52:33.219] [main/ERROR] [Fabric Resource Conditions/]: Failed to parse resource conditions for file of type rs_pool_additions with id sawmill:villages/mountains/houses, skipping: Unknown resource condition key: sawmill:flag
[24Jun2026 11:52:33.219] [main/ERROR] [Fabric Resource Conditions/]: Failed to parse resource conditions for file of type rs_pool_additions with id sawmill:villages/crimson/houses, skipping: Unknown resource condition key: sawmill:flag
[24Jun2026 11:52:33.219] [main/ERROR] [Fabric Resource Conditions/]: Failed to parse resource conditions for file of type rs_pool_additions with id sawmill:villages/mushroom/houses, skipping: Unknown resource condition key: sawmill:flag
[24Jun2026 11:52:33.219] [main/ERROR] [Fabric Resource Conditions/]: Failed to parse resource conditions for file of type rs_pool_additions with id sawmill:villages/giant_taiga/houses, skipping: Unknown resource condition key: sawmill:flag
[24Jun2026 11:52:33.236] [main/INFO] [Supplementaries/]: Loaded 29 flute songs
[24Jun2026 11:52:33.313] [main/INFO] [Curios API/]: Loaded 7 curio slots
[24Jun2026 11:52:33.347] [main/INFO] [Curios API/]: Loaded 1 curio entities
[24Jun2026 11:52:33.436] [main/WARN] [com.yanny.ali.manager.FakeLootDataManager/]: Failed to parse fake loot table minecraft:entities/zombie_villager: Not a json array: "minecraft:diamond_boots"; Failed to parse either. First: Can't access registry ResourceKey[minecraft:root / minecraft:enchantment]; Second: Not a json array: {"condition":"minecraft:random_chance_with_enchanted_bonus","enchanted_chance":{"type":"minecraft:linear","base":0.095,"per_level_above_first":0.01},"enchantment":"minecraft:looting","unenchanted_chance":0.085}; Not a json array: "minecraft:diamond_leggings"; Failed to parse either. First: Can't access registry ResourceKey[minecraft:root / minecraft:enchantment]; Second: Not a json array: {"condition":"minecraft:random_chance_with_enchanted_bonus","enchanted_chance":{"type":"minecraft:linear","base":0.095,"per_level_above_first":0.01},"enchantment":"minecraft:looting","unenchanted_chance":0.085}; Not a json array: "minecraft:diamond_chestplate"; Failed to parse either. First: Can't access registry ResourceKey[minecraft:root / minecraft:enchantment]; Second: Not a json array: {"condition":"minecraft:random_chance_with_enchanted_bonus","enchanted_chance":{"type":"minecraft:linear","base":0.095,"per_level_above_first":0.01},"enchantment":"minecraft:looting","unenchanted_chance":0.085}; Not a json array: "minecraft:diamond_helmet"; Failed to parse either. First: Can't access registry ResourceKey[minecraft:root / minecraft:enchantment]; Second: Not a json array: {"condition":"minecraft:random_chance_with_enchanted_bonus","enchanted_chance":{"type":"minecraft:linear","base":0.095,"per_level_above_first":0.01},"enchantment":"minecraft:looting","unenchanted_chance":0.085}; Not a json array: "minecraft:iron_boots"; Failed to parse either. First: Can't access registry ResourceKey[minecraft:root / minecraft:enchantment]; Second: Not a json array: {"condition":"minecraft:random_chance_with_enchanted_bonus","enchanted_chance":{"type":"minecraft:linear","base":0.095,"per_level_above_first":0.01},"enchantment":"minecraft:looting","unenchanted_chance":0.085}; Not a json array: "minecraft:iron_leggings"; Failed to parse either. First: Can't access registry ResourceKey[minecraft:root / minecraft:enchantment]; Second: Not a json array: {"condition":"minecraft:random_chance_with_enchanted_bonus","enchanted_chance":{"type":"minecraft:linear","base":0.095,"per_level_above_first":0.01},"enchantment":"minecraft:looting","unenchanted_chance":0.085}; Not a json array: "minecraft:iron_chestplate"; Failed to parse either. First: Can't access registry ResourceKey[minecraft:root / minecraft:enchantment]; Second: Not a json array: {"condition":"minecraft:random_chance_with_enchanted_bonus","enchanted_chance":{"type":"minecraft:linear","base":0.095,"per_level_above_first":0.01},"enchantment":"minecraft:looting","unenchanted_chance":0.085}; Not a json array: "minecraft:iron_helmet"; Failed to parse either. First: Can't access registry ResourceKey[minecraft:root / minecraft:enchantment]; Second: Not a json array: {"condition":"minecraft:random_chance_with_enchanted_bonus","enchanted_chance":{"type":"minecraft:linear","base":0.095,"per_level_above_first":0.01},"enchantment":"minecraft:looting","unenchanted_chance":0.085}; Not a json array: "minecraft:chainmail_boots"; Failed to parse either. First: Can't access registry ResourceKey[minecraft:root / minecraft:enchantment]; Second: Not a json array: {"condition":"minecraft:random_chance_with_enchanted_bonus","enchanted_chance":{"type":"minecraft:linear","base":0.095,"per_level_above_first":0.01},"enchantment":"minecraft:looting","unenchanted_chance":0.085}; Not a json array: "minecraft:chainmail_leggings"; Failed to parse either. First: Can't access registry ResourceKey[minecraft:root / minecraft:enchantment]; Second: Not a json array: {"condition":"minecraft:random_chance_with_enchanted_bonus","enchanted_chance":{"type":"minecraft:linear","base":0.095,"per_level_above_first":0.01},"enchantment":"minecraft:looting","unenchanted_chance":0.085}; Not a json array: "minecraft:chainmail_chestplate"; Failed to parse either. First: Can't access registry ResourceKey[minecraft:root / minecraft:enchantment]; Second: Not a json array: {"condition":"minecraft:random_chance_with_enchanted_bonus","enchanted_chance":{"type":"minecraft:linear","base":0.095,"per_level_above_first":0.01},"enchantment":"minecraft:looting","unenchanted_chance":0.085}; Not a json array: "minecraft:chainmail_helmet"; Failed to parse either. First: Can't access registry ResourceKey[minecraft:root / minecraft:enchantment]; Second: Not a json array: {"condition":"minecraft:random_chance_with_enchanted_bonus","enchanted_chance":{"type":"minecraft:linear","base":0.095,"per_level_above_first":0.01},"enchantment":"minecraft:looting","unenchanted_chance":0.085}; Not a json array: "minecraft:golden_boots"; Failed to parse either. First: Can't access registry ResourceKey[minecraft:root / minecraft:enchantment]; Second: Not a json array: {"condition":"minecraft:random_chance_with_enchanted_bonus","enchanted_chance":{"type":"minecraft:linear","base":0.095,"per_level_above_first":0.01},"enchantment":"minecraft:looting","unenchanted_chance":0.085}; Not a json array: "minecraft:golden_leggings"; Failed to parse either. First: Can't access registry ResourceKey[minecraft:root / minecraft:enchantment]; Second: Not a json array: {"condition":"minecraft:random_chance_with_enchanted_bonus","enchanted_chance":{"type":"minecraft:linear","base":0.095,"per_level_above_first":0.01},"enchantment":"minecraft:looting","unenchanted_chance":0.085}; Not a json array: "minecraft:golden_chestplate"; Failed to parse either. First: Can't access registry ResourceKey[minecraft:root / minecraft:enchantment]; Second: Not a json array: {"condition":"minecraft:random_chance_with_enchanted_bonus","enchanted_chance":{"type":"minecraft:linear","base":0.095,"per_level_above_first":0.01},"enchantment":"minecraft:looting","unenchanted_chance":0.085}; Not a json array: "minecraft:golden_helmet"; Failed to parse either. First: Can't access registry ResourceKey[minecraft:root / minecraft:enchantment]; Second: Not a json array: {"condition":"minecraft:random_chance_with_enchanted_bonus","enchanted_chance":{"type":"minecraft:linear","base":0.095,"per_level_above_first":0.01},"enchantment":"minecraft:looting","unenchanted_chance":0.085}; Not a json array: "minecraft:leather_boots"; Failed to parse either. First: Can't access registry ResourceKey[minecraft:root / minecraft:enchantment]; Second: Not a json array: {"condition":"minecraft:random_chance_with_enchanted_bonus","enchanted_chance":{"type":"minecraft:linear","base":0.095,"per_level_above_first":0.01},"enchantment":"minecraft:looting","unenchanted_chance":0.085}; Not a json array: "minecraft:leather_leggings"; Failed to parse either. First: Can't access registry ResourceKey[minecraft:root / minecraft:enchantment]; Second: Not a json array: {"condition":"minecraft:random_chance_with_enchanted_bonus","enchanted_chance":{"type":"minecraft:linear","base":0.095,"per_level_above_first":0.01},"enchantment":"minecraft:looting","unenchanted_chance":0.085}; Not a json array: "minecraft:leather_chestplate"; Failed to parse either. First: Can't access registry ResourceKey[minecraft:root / minecraft:enchantment]; Second: Not a json array: {"condition":"minecraft:random_chance_with_enchanted_bonus","enchanted_chance":{"type":"minecraft:linear","base":0.095,"per_level_above_first":0.01},"enchantment":"minecraft:looting","unenchanted_chance":0.085}; Not a json array: "minecraft:leather_helmet"; Failed to parse either. First: Can't access registry ResourceKey[minecraft:root / minecraft:enchantment]; Second: Not a json array: {"condition":"minecraft:random_chance_with_enchanted_bonus","enchanted_chance":{"type":"minecraft:linear","base":0.095,"per_level_above_first":0.01},"enchantment":"minecraft:looting","unenchanted_chance":0.085}; Not a json array: "minecraft:iron_sword"; Failed to parse either. First: Can't access registry ResourceKey[minecraft:root / minecraft:enchantment]; Second: Not a json array: {"condition":"minecraft:random_chance_with_enchanted_bonus","enchanted_chance":{"type":"minecraft:linear","base":0.095,"per_level_above_first":0.01},"enchantment":"minecraft:looting","unenchanted_chance":0.085}; Not a json array: "minecraft:iron_shovel"; Failed to parse either. First: Can't access registry ResourceKey[minecraft:root / minecraft:enchantment]; Second: Not a json array: {"condition":"minecraft:random_chance_with_enchanted_bonus","enchanted_chance":{"type":"minecraft:linear","base":0.095,"per_level_above_first":0.01},"enchantment":"minecraft:looting","unenchanted_chance":0.085}
[24Jun2026 11:52:33.442] [main/WARN] [com.yanny.ali.manager.FakeLootDataManager/]: Failed to parse fake loot table minecraft:entities/pillager: Not a json array: "minecraft:crossbow"; Failed to parse either. First: Can't access registry ResourceKey[minecraft:root / minecraft:enchantment]; Second: Not a json array: {"condition":"minecraft:random_chance_with_enchanted_bonus","enchanted_chance":{"type":"minecraft:linear","base":0.095,"per_level_above_first":0.01},"enchantment":"minecraft:looting","unenchanted_chance":0.085}
[24Jun2026 11:52:33.449] [main/WARN] [com.yanny.ali.manager.FakeLootDataManager/]: Failed to parse fake loot table minecraft:entities/skeleton: Not a json array: "minecraft:diamond_boots"; Failed to parse either. First: Can't access registry ResourceKey[minecraft:root / minecraft:enchantment]; Second: Not a json array: {"condition":"minecraft:random_chance_with_enchanted_bonus","enchanted_chance":{"type":"minecraft:linear","base":0.095,"per_level_above_first":0.01},"enchantment":"minecraft:looting","unenchanted_chance":0.085}; Not a json array: "minecraft:diamond_leggings"; Failed to parse either. First: Can't access registry ResourceKey[minecraft:root / minecraft:enchantment]; Second: Not a json array: {"condition":"minecraft:random_chance_with_enchanted_bonus","enchanted_chance":{"type":"minecraft:linear","base":0.095,"per_level_above_first":0.01},"enchantment":"minecraft:looting","unenchanted_chance":0.085}; Not a json array: "minecraft:diamond_chestplate"; Failed to parse either. First: Can't access registry ResourceKey[minecraft:root / minecraft:enchantment]; Second: Not a json array: {"condition":"minecraft:random_chance_with_enchanted_bonus","enchanted_chance":{"type":"minecraft:linear","base":0.095,"per_level_above_first":0.01},"enchantment":"minecraft:looting","unenchanted_chance":0.085}; Not a json array: "minecraft:diamond_helmet"; Failed to parse either. First: Can't access registry ResourceKey[minecraft:root / minecraft:enchantment]; Second: Not a json array: {"condition":"minecraft:random_chance_with_enchanted_bonus","enchanted_chance":{"type":"minecraft:linear","base":0.095,"per_level_above_first":0.01},"enchantment":"minecraft:looting","unenchanted_chance":0.085}; Not a json array: "minecraft:iron_boots"; Failed to parse either. First: Can't access registry ResourceKey[minecraft:root / minecraft:enchantment]; Second: Not a json array: {"condition":"minecraft:random_chance_with_enchanted_bonus","enchanted_chance":{"type":"minecraft:linear","base":0.095,"per_level_above_first":0.01},"enchantment":"minecraft:looting","unenchanted_chance":0.085}; Not a json array: "minecraft:iron_leggings"; Failed to parse either. First: Can't access registry ResourceKey[minecraft:root / minecraft:enchantment]; Second: Not a json array: {"condition":"minecraft:random_chance_with_enchanted_bonus","enchanted_chance":{"type":"minecraft:linear","base":0.095,"per_level_above_first":0.01},"enchantment":"minecraft:looting","unenchanted_chance":0.085}; Not a json array: "minecraft:iron_chestplate"; Failed to parse either. First: Can't access registry ResourceKey[minecraft:root / minecraft:enchantment]; Second: Not a json array: {"condition":"minecraft:random_chance_with_enchanted_bonus","enchanted_chance":{"type":"minecraft:linear","base":0.095,"per_level_above_first":0.01},"enchantment":"minecraft:looting","unenchanted_chance":0.085}; Not a json array: "minecraft:iron_helmet"; Failed to parse either. First: Can't access registry ResourceKey[minecraft:root / minecraft:enchantment]; Second: Not a json array: {"condition":"minecraft:random_chance_with_enchanted_bonus","enchanted_chance":{"type":"minecraft:linear","base":0.095,"per_level_above_first":0.01},"enchantment":"minecraft:looting","unenchanted_chance":0.085}; Not a json array: "minecraft:chainmail_boots"; Failed to parse either. First: Can't access registry ResourceKey[minecraft:root / minecraft:enchantment]; Second: Not a json array: {"condition":"minecraft:random_chance_with_enchanted_bonus","enchanted_chance":{"type":"minecraft:linear","base":0.095,"per_level_above_first":0.01},"enchantment":"minecraft:looting","unenchanted_chance":0.085}; Not a json array: "minecraft:chainmail_leggings"; Failed to parse either. First: Can't access registry ResourceKey[minecraft:root / minecraft:enchantment]; Second: Not a json array: {"condition":"minecraft:random_chance_with_enchanted_bonus","enchanted_chance":{"type":"minecraft:linear","base":0.095,"per_level_above_first":0.01},"enchantment":"minecraft:looting","unenchanted_chance":0.085}; Not a json array: "minecraft:chainmail_chestplate"; Failed to parse either. First: Can't access registry ResourceKey[minecraft:root / minecraft:enchantment]; Second: Not a json array: {"condition":"minecraft:random_chance_with_enchanted_bonus","enchanted_chance":{"type":"minecraft:linear","base":0.095,"per_level_above_first":0.01},"enchantment":"minecraft:looting","unenchanted_chance":0.085}; Not a json array: "minecraft:chainmail_helmet"; Failed to parse either. First: Can't access registry ResourceKey[minecraft:root / minecraft:enchantment]; Second: Not a json array: {"condition":"minecraft:random_chance_with_enchanted_bonus","enchanted_chance":{"type":"minecraft:linear","base":0.095,"per_level_above_first":0.01},"enchantment":"minecraft:looting","unenchanted_chance":0.085}; Not a json array: "minecraft:golden_boots"; Failed to parse either. First: Can't access registry ResourceKey[minecraft:root / minecraft:enchantment]; Second: Not a json array: {"condition":"minecraft:random_chance_with_enchanted_bonus","enchanted_chance":{"type":"minecraft:linear","base":0.095,"per_level_above_first":0.01},"enchantment":"minecraft:looting","unenchanted_chance":0.085}; Not a json array: "minecraft:golden_leggings"; Failed to parse either. First: Can't access registry ResourceKey[minecraft:root / minecraft:enchantment]; Second: Not a json array: {"condition":"minecraft:random_chance_with_enchanted_bonus","enchanted_chance":{"type":"minecraft:linear","base":0.095,"per_level_above_first":0.01},"enchantment":"minecraft:looting","unenchanted_chance":0.085}; Not a json array: "minecraft:golden_chestplate"; Failed to parse either. First: Can't access registry ResourceKey[minecraft:root / minecraft:enchantment]; Second: Not a json array: {"condition":"minecraft:random_chance_with_enchanted_bonus","enchanted_chance":{"type":"minecraft:linear","base":0.095,"per_level_above_first":0.01},"enchantment":"minecraft:looting","unenchanted_chance":0.085}; Not a json array: "minecraft:golden_helmet"; Failed to parse either. First: Can't access registry ResourceKey[minecraft:root / minecraft:enchantment]; Second: Not a json array: {"condition":"minecraft:random_chance_with_enchanted_bonus","enchanted_chance":{"type":"minecraft:linear","base":0.095,"per_level_above_first":0.01},"enchantment":"minecraft:looting","unenchanted_chance":0.085}; Not a json array: "minecraft:leather_boots"; Failed to parse either. First: Can't access registry ResourceKey[minecraft:root / minecraft:enchantment]; Second: Not a json array: {"condition":"minecraft:random_chance_with_enchanted_bonus","enchanted_chance":{"type":"minecraft:linear","base":0.095,"per_level_above_first":0.01},"enchantment":"minecraft:looting","unenchanted_chance":0.085}; Not a json array: "minecraft:leather_leggings"; Failed to parse either. First: Can't access registry ResourceKey[minecraft:root / minecraft:enchantment]; Second: Not a json array: {"condition":"minecraft:random_chance_with_enchanted_bonus","enchanted_chance":{"type":"minecraft:linear","base":0.095,"per_level_above_first":0.01},"enchantment":"minecraft:looting","unenchanted_chance":0.085}; Not a json array: "minecraft:leather_chestplate"; Failed to parse either. First: Can't access registry ResourceKey[minecraft:root / minecraft:enchantment]; Second: Not a json array: {"condition":"minecraft:random_chance_with_enchanted_bonus","enchanted_chance":{"type":"minecraft:linear","base":0.095,"per_level_above_first":0.01},"enchantment":"minecraft:looting","unenchanted_chance":0.085}; Not a json array: "minecraft:leather_helmet"; Failed to parse either. First: Can't access registry ResourceKey[minecraft:root / minecraft:enchantment]; Second: Not a json array: {"condition":"minecraft:random_chance_with_enchanted_bonus","enchanted_chance":{"type":"minecraft:linear","base":0.095,"per_level_above_first":0.01},"enchantment":"minecraft:looting","unenchanted_chance":0.085}; Not a json array: "minecraft:bow"; Failed to parse either. First: Can't access registry ResourceKey[minecraft:root / minecraft:enchantment]; Second: Not a json array: {"condition":"minecraft:random_chance_with_enchanted_bonus","enchanted_chance":{"type":"minecraft:linear","base":0.095,"per_level_above_first":0.01},"enchantment":"minecraft:looting","unenchanted_chance":0.085}; Not a json array: "minecraft:creeper"
[24Jun2026 11:52:33.454] [main/WARN] [com.yanny.ali.manager.FakeLootDataManager/]: Failed to parse fake loot table minecraft:entities/piglin: Not a json array: "minecraft:golden_boots"; Failed to parse either. First: Can't access registry ResourceKey[minecraft:root / minecraft:enchantment]; Second: Not a json array: {"condition":"minecraft:random_chance_with_enchanted_bonus","enchanted_chance":{"type":"minecraft:linear","base":0.095,"per_level_above_first":0.01},"enchantment":"minecraft:looting","unenchanted_chance":0.085}; Not a json array: "minecraft:golden_leggings"; Failed to parse either. First: Can't access registry ResourceKey[minecraft:root / minecraft:enchantment]; Second: Not a json array: {"condition":"minecraft:random_chance_with_enchanted_bonus","enchanted_chance":{"type":"minecraft:linear","base":0.095,"per_level_above_first":0.01},"enchantment":"minecraft:looting","unenchanted_chance":0.085}; Not a json array: "minecraft:golden_chestplate"; Failed to parse either. First: Can't access registry ResourceKey[minecraft:root / minecraft:enchantment]; Second: Not a json array: {"condition":"minecraft:random_chance_with_enchanted_bonus","enchanted_chance":{"type":"minecraft:linear","base":0.095,"per_level_above_first":0.01},"enchantment":"minecraft:looting","unenchanted_chance":0.085}; Not a json array: "minecraft:golden_helmet"; Failed to parse either. First: Can't access registry ResourceKey[minecraft:root / minecraft:enchantment]; Second: Not a json array: {"condition":"minecraft:random_chance_with_enchanted_bonus","enchanted_chance":{"type":"minecraft:linear","base":0.095,"per_level_above_first":0.01},"enchantment":"minecraft:looting","unenchanted_chance":0.085}; Not a json array: "minecraft:crossbow"; Failed to parse either. First: Can't access registry ResourceKey[minecraft:root / minecraft:enchantment]; Second: Not a json array: {"condition":"minecraft:random_chance_with_enchanted_bonus","enchanted_chance":{"type":"minecraft:linear","base":0.095,"per_level_above_first":0.01},"enchantment":"minecraft:looting","unenchanted_chance":0.085}; Not a json array: "minecraft:golden_sword"; Failed to parse either. First: Can't access registry ResourceKey[minecraft:root / minecraft:enchantment]; Second: Not a json array: {"condition":"minecraft:random_chance_with_enchanted_bonus","enchanted_chance":{"type":"minecraft:linear","base":0.095,"per_level_above_first":0.01},"enchantment":"minecraft:looting","unenchanted_chance":0.085}; Not a json array: "minecraft:creeper"
[24Jun2026 11:52:33.460] [main/WARN] [com.yanny.ali.manager.FakeLootDataManager/]: Failed to parse fake loot table minecraft:entities/stray: Not a json array: "minecraft:diamond_boots"; Failed to parse either. First: Can't access registry ResourceKey[minecraft:root / minecraft:enchantment]; Second: Not a json array: {"condition":"minecraft:random_chance_with_enchanted_bonus","enchanted_chance":{"type":"minecraft:linear","base":0.095,"per_level_above_first":0.01},"enchantment":"minecraft:looting","unenchanted_chance":0.085}; Not a json array: "minecraft:diamond_leggings"; Failed to parse either. First: Can't access registry ResourceKey[minecraft:root / minecraft:enchantment]; Second: Not a json array: {"condition":"minecraft:random_chance_with_enchanted_bonus","enchanted_chance":{"type":"minecraft:linear","base":0.095,"per_level_above_first":0.01},"enchantment":"minecraft:looting","unenchanted_chance":0.085}; Not a json array: "minecraft:diamond_chestplate"; Failed to parse either. First: Can't access registry ResourceKey[minecraft:root / minecraft:enchantment]; Second: Not a json array: {"condition":"minecraft:random_chance_with_enchanted_bonus","enchanted_chance":{"type":"minecraft:linear","base":0.095,"per_level_above_first":0.01},"enchantment":"minecraft:looting","unenchanted_chance":0.085}; Not a json array: "minecraft:diamond_helmet"; Failed to parse either. First: Can't access registry ResourceKey[minecraft:root / minecraft:enchantment]; Second: Not a json array: {"condition":"minecraft:random_chance_with_enchanted_bonus","enchanted_chance":{"type":"minecraft:linear","base":0.095,"per_level_above_first":0.01},"enchantment":"minecraft:looting","unenchanted_chance":0.085}; Not a json array: "minecraft:iron_boots"; Failed to parse either. First: Can't access registry ResourceKey[minecraft:root / minecraft:enchantment]; Second: Not a json array: {"condition":"minecraft:random_chance_with_enchanted_bonus","enchanted_chance":{"type":"minecraft:linear","base":0.095,"per_level_above_first":0.01},"enchantment":"minecraft:looting","unenchanted_chance":0.085}; Not a json array: "minecraft:iron_leggings"; Failed to parse either. First: Can't access registry ResourceKey[minecraft:root / minecraft:enchantment]; Second: Not a json array: {"condition":"minecraft:random_chance_with_enchanted_bonus","enchanted_chance":{"type":"minecraft:linear","base":0.095,"per_level_above_first":0.01},"enchantment":"minecraft:looting","unenchanted_chance":0.085}; Not a json array: "minecraft:iron_chestplate"; Failed to parse either. First: Can't access registry ResourceKey[minecraft:root / minecraft:enchantment]; Second: Not a json array: {"condition":"minecraft:random_chance_with_enchanted_bonus","enchanted_chance":{"type":"minecraft:linear","base":0.095,"per_level_above_first":0.01},"enchantment":"minecraft:looting","unenchanted_chance":0.085}; Not a json array: "minecraft:iron_helmet"; Failed to parse either. First: Can't access registry ResourceKey[minecraft:root / minecraft:enchantment]; Second: Not a json array: {"condition":"minecraft:random_chance_with_enchanted_bonus","enchanted_chance":{"type":"minecraft:linear","base":0.095,"per_level_above_first":0.01},"enchantment":"minecraft:looting","unenchanted_chance":0.085}; Not a json array: "minecraft:chainmail_boots"; Failed to parse either. First: Can't access registry ResourceKey[minecraft:root / minecraft:enchantment]; Second: Not a json array: {"condition":"minecraft:random_chance_with_enchanted_bonus","enchanted_chance":{"type":"minecraft:linear","base":0.095,"per_level_above_first":0.01},"enchantment":"minecraft:looting","unenchanted_chance":0.085}; Not a json array: "minecraft:chainmail_leggings"; Failed to parse either. First: Can't access registry ResourceKey[minecraft:root / minecraft:enchantment]; Second: Not a json array: {"condition":"minecraft:random_chance_with_enchanted_bonus","enchanted_chance":{"type":"minecraft:linear","base":0.095,"per_level_above_first":0.01},"enchantment":"minecraft:looting","unenchanted_chance":0.085}; Not a json array: "minecraft:chainmail_chestplate"; Failed to parse either. First: Can't access registry ResourceKey[minecraft:root / minecraft:enchantment]; Second: Not a json array: {"condition":"minecraft:random_chance_with_enchanted_bonus","enchanted_chance":{"type":"minecraft:linear","base":0.095,"per_level_above_first":0.01},"enchantment":"minecraft:looting","unenchanted_chance":0.085}; Not a json array: "minecraft:chainmail_helmet"; Failed to parse either. First: Can't access registry ResourceKey[minecraft:root / minecraft:enchantment]; Second: Not a json array: {"condition":"minecraft:random_chance_with_enchanted_bonus","enchanted_chance":{"type":"minecraft:linear","base":0.095,"per_level_above_first":0.01},"enchantment":"minecraft:looting","unenchanted_chance":0.085}; Not a json array: "minecraft:golden_boots"; Failed to parse either. First: Can't access registry ResourceKey[minecraft:root / minecraft:enchantment]; Second: Not a json array: {"condition":"minecraft:random_chance_with_enchanted_bonus","enchanted_chance":{"type":"minecraft:linear","base":0.095,"per_level_above_first":0.01},"enchantment":"minecraft:looting","unenchanted_chance":0.085}; Not a json array: "minecraft:golden_leggings"; Failed to parse either. First: Can't access registry ResourceKey[minecraft:root / minecraft:enchantment]; Second: Not a json array: {"condition":"minecraft:random_chance_with_enchanted_bonus","enchanted_chance":{"type":"minecraft:linear","base":0.095,"per_level_above_first":0.01},"enchantment":"minecraft:looting","unenchanted_chance":0.085}; Not a json array: "minecraft:golden_chestplate"; Failed to parse either. First: Can't access registry ResourceKey[minecraft:root / minecraft:enchantment]; Second: Not a json array: {"condition":"minecraft:random_chance_with_enchanted_bonus","enchanted_chance":{"type":"minecraft:linear","base":0.095,"per_level_above_first":0.01},"enchantment":"minecraft:looting","unenchanted_chance":0.085}; Not a json array: "minecraft:golden_helmet"; Failed to parse either. First: Can't access registry ResourceKey[minecraft:root / minecraft:enchantment]; Second: Not a json array: {"condition":"minecraft:random_chance_with_enchanted_bonus","enchanted_chance":{"type":"minecraft:linear","base":0.095,"per_level_above_first":0.01},"enchantment":"minecraft:looting","unenchanted_chance":0.085}; Not a json array: "minecraft:leather_boots"; Failed to parse either. First: Can't access registry ResourceKey[minecraft:root / minecraft:enchantment]; Second: Not a json array: {"condition":"minecraft:random_chance_with_enchanted_bonus","enchanted_chance":{"type":"minecraft:linear","base":0.095,"per_level_above_first":0.01},"enchantment":"minecraft:looting","unenchanted_chance":0.085}; Not a json array: "minecraft:leather_leggings"; Failed to parse either. First: Can't access registry ResourceKey[minecraft:root / minecraft:enchantment]; Second: Not a json array: {"condition":"minecraft:random_chance_with_enchanted_bonus","enchanted_chance":{"type":"minecraft:linear","base":0.095,"per_level_above_first":0.01},"enchantment":"minecraft:looting","unenchanted_chance":0.085}; Not a json array: "minecraft:leather_chestplate"; Failed to parse either. First: Can't access registry ResourceKey[minecraft:root / minecraft:enchantment]; Second: Not a json array: {"condition":"minecraft:random_chance_with_enchanted_bonus","enchanted_chance":{"type":"minecraft:linear","base":0.095,"per_level_above_first":0.01},"enchantment":"minecraft:looting","unenchanted_chance":0.085}; Not a json array: "minecraft:leather_helmet"; Failed to parse either. First: Can't access registry ResourceKey[minecraft:root / minecraft:enchantment]; Second: Not a json array: {"condition":"minecraft:random_chance_with_enchanted_bonus","enchanted_chance":{"type":"minecraft:linear","base":0.095,"per_level_above_first":0.01},"enchantment":"minecraft:looting","unenchanted_chance":0.085}; Not a json array: "minecraft:bow"; Failed to parse either. First: Can't access registry ResourceKey[minecraft:root / minecraft:enchantment]; Second: Not a json array: {"condition":"minecraft:random_chance_with_enchanted_bonus","enchanted_chance":{"type":"minecraft:linear","base":0.095,"per_level_above_first":0.01},"enchantment":"minecraft:looting","unenchanted_chance":0.085}
[24Jun2026 11:52:33.465] [main/WARN] [com.yanny.ali.manager.FakeLootDataManager/]: Failed to parse fake loot table minecraft:entities/zombie: Not a json array: "minecraft:diamond_boots"; Failed to parse either. First: Can't access registry ResourceKey[minecraft:root / minecraft:enchantment]; Second: Not a json array: {"condition":"minecraft:random_chance_with_enchanted_bonus","enchanted_chance":{"type":"minecraft:linear","base":0.095,"per_level_above_first":0.01},"enchantment":"minecraft:looting","unenchanted_chance":0.085}; Not a json array: "minecraft:diamond_leggings"; Failed to parse either. First: Can't access registry ResourceKey[minecraft:root / minecraft:enchantment]; Second: Not a json array: {"condition":"minecraft:random_chance_with_enchanted_bonus","enchanted_chance":{"type":"minecraft:linear","base":0.095,"per_level_above_first":0.01},"enchantment":"minecraft:looting","unenchanted_chance":0.085}; Not a json array: "minecraft:diamond_chestplate"; Failed to parse either. First: Can't access registry ResourceKey[minecraft:root / minecraft:enchantment]; Second: Not a json array: {"condition":"minecraft:random_chance_with_enchanted_bonus","enchanted_chance":{"type":"minecraft:linear","base":0.095,"per_level_above_first":0.01},"enchantment":"minecraft:looting","unenchanted_chance":0.085}; Not a json array: "minecraft:diamond_helmet"; Failed to parse either. First: Can't access registry ResourceKey[minecraft:root / minecraft:enchantment]; Second: Not a json array: {"condition":"minecraft:random_chance_with_enchanted_bonus","enchanted_chance":{"type":"minecraft:linear","base":0.095,"per_level_above_first":0.01},"enchantment":"minecraft:looting","unenchanted_chance":0.085}; Not a json array: "minecraft:iron_boots"; Failed to parse either. First: Can't access registry ResourceKey[minecraft:root / minecraft:enchantment]; Second: Not a json array: {"condition":"minecraft:random_chance_with_enchanted_bonus","enchanted_chance":{"type":"minecraft:linear","base":0.095,"per_level_above_first":0.01},"enchantment":"minecraft:looting","unenchanted_chance":0.085}; Not a json array: "minecraft:iron_leggings"; Failed to parse either. First: Can't access registry ResourceKey[minecraft:root / minecraft:enchantment]; Second: Not a json array: {"condition":"minecraft:random_chance_with_enchanted_bonus","enchanted_chance":{"type":"minecraft:linear","base":0.095,"per_level_above_first":0.01},"enchantment":"minecraft:looting","unenchanted_chance":0.085}; Not a json array: "minecraft:iron_chestplate"; Failed to parse either. First: Can't access registry ResourceKey[minecraft:root / minecraft:enchantment]; Second: Not a json array: {"condition":"minecraft:random_chance_with_enchanted_bonus","enchanted_chance":{"type":"minecraft:linear","base":0.095,"per_level_above_first":0.01},"enchantment":"minecraft:looting","unenchanted_chance":0.085}; Not a json array: "minecraft:iron_helmet"; Failed to parse either. First: Can't access registry ResourceKey[minecraft:root / minecraft:enchantment]; Second: Not a json array: {"condition":"minecraft:random_chance_with_enchanted_bonus","enchanted_chance":{"type":"minecraft:linear","base":0.095,"per_level_above_first":0.01},"enchantment":"minecraft:looting","unenchanted_chance":0.085}; Not a json array: "minecraft:chainmail_boots"; Failed to parse either. First: Can't access registry ResourceKey[minecraft:root / minecraft:enchantment]; Second: Not a json array: {"condition":"minecraft:random_chance_with_enchanted_bonus","enchanted_chance":{"type":"minecraft:linear","base":0.095,"per_level_above_first":0.01},"enchantment":"minecraft:looting","unenchanted_chance":0.085}; Not a json array: "minecraft:chainmail_leggings"; Failed to parse either. First: Can't access registry ResourceKey[minecraft:root / minecraft:enchantment]; Second: Not a json array: {"condition":"minecraft:random_chance_with_enchanted_bonus","enchanted_chance":{"type":"minecraft:linear","base":0.095,"per_level_above_first":0.01},"enchantment":"minecraft:looting","unenchanted_chance":0.085}; Not a json array: "minecraft:chainmail_chestplate"; Failed to parse either. First: Can't access registry ResourceKey[minecraft:root / minecraft:enchantment]; Second: Not a json array: {"condition":"minecraft:random_chance_with_enchanted_bonus","enchanted_chance":{"type":"minecraft:linear","base":0.095,"per_level_above_first":0.01},"enchantment":"minecraft:looting","unenchanted_chance":0.085}; Not a json array: "minecraft:chainmail_helmet"; Failed to parse either. First: Can't access registry ResourceKey[minecraft:root / minecraft:enchantment]; Second: Not a json array: {"condition":"minecraft:random_chance_with_enchanted_bonus","enchanted_chance":{"type":"minecraft:linear","base":0.095,"per_level_above_first":0.01},"enchantment":"minecraft:looting","unenchanted_chance":0.085}; Not a json array: "minecraft:golden_boots"; Failed to parse either. First: Can't access registry ResourceKey[minecraft:root / minecraft:enchantment]; Second: Not a json array: {"condition":"minecraft:random_chance_with_enchanted_bonus","enchanted_chance":{"type":"minecraft:linear","base":0.095,"per_level_above_first":0.01},"enchantment":"minecraft:looting","unenchanted_chance":0.085}; Not a json array: "minecraft:golden_leggings"; Failed to parse either. First: Can't access registry ResourceKey[minecraft:root / minecraft:enchantment]; Second: Not a json array: {"condition":"minecraft:random_chance_with_enchanted_bonus","enchanted_chance":{"type":"minecraft:linear","base":0.095,"per_level_above_first":0.01},"enchantment":"minecraft:looting","unenchanted_chance":0.085}; Not a json array: "minecraft:golden_chestplate"; Failed to parse either. First: Can't access registry ResourceKey[minecraft:root / minecraft:enchantment]; Second: Not a json array: {"condition":"minecraft:random_chance_with_enchanted_bonus","enchanted_chance":{"type":"minecraft:linear","base":0.095,"per_level_above_first":0.01},"enchantment":"minecraft:looting","unenchanted_chance":0.085}; Not a json array: "minecraft:golden_helmet"; Failed to parse either. First: Can't access registry ResourceKey[minecraft:root / minecraft:enchantment]; Second: Not a json array: {"condition":"minecraft:random_chance_with_enchanted_bonus","enchanted_chance":{"type":"minecraft:linear","base":0.095,"per_level_above_first":0.01},"enchantment":"minecraft:looting","unenchanted_chance":0.085}; Not a json array: "minecraft:leather_boots"; Failed to parse either. First: Can't access registry ResourceKey[minecraft:root / minecraft:enchantment]; Second: Not a json array: {"condition":"minecraft:random_chance_with_enchanted_bonus","enchanted_chance":{"type":"minecraft:linear","base":0.095,"per_level_above_first":0.01},"enchantment":"minecraft:looting","unenchanted_chance":0.085}; Not a json array: "minecraft:leather_leggings"; Failed to parse either. First: Can't access registry ResourceKey[minecraft:root / minecraft:enchantment]; Second: Not a json array: {"condition":"minecraft:random_chance_with_enchanted_bonus","enchanted_chance":{"type":"minecraft:linear","base":0.095,"per_level_above_first":0.01},"enchantment":"minecraft:looting","unenchanted_chance":0.085}; Not a json array: "minecraft:leather_chestplate"; Failed to parse either. First: Can't access registry ResourceKey[minecraft:root / minecraft:enchantment]; Second: Not a json array: {"condition":"minecraft:random_chance_with_enchanted_bonus","enchanted_chance":{"type":"minecraft:linear","base":0.095,"per_level_above_first":0.01},"enchantment":"minecraft:looting","unenchanted_chance":0.085}; Not a json array: "minecraft:leather_helmet"; Failed to parse either. First: Can't access registry ResourceKey[minecraft:root / minecraft:enchantment]; Second: Not a json array: {"condition":"minecraft:random_chance_with_enchanted_bonus","enchanted_chance":{"type":"minecraft:linear","base":0.095,"per_level_above_first":0.01},"enchantment":"minecraft:looting","unenchanted_chance":0.085}; Not a json array: "minecraft:iron_sword"; Failed to parse either. First: Can't access registry ResourceKey[minecraft:root / minecraft:enchantment]; Second: Not a json array: {"condition":"minecraft:random_chance_with_enchanted_bonus","enchanted_chance":{"type":"minecraft:linear","base":0.095,"per_level_above_first":0.01},"enchantment":"minecraft:looting","unenchanted_chance":0.085}; Not a json array: "minecraft:iron_shovel"; Failed to parse either. First: Can't access registry ResourceKey[minecraft:root / minecraft:enchantment]; Second: Not a json array: {"condition":"minecraft:random_chance_with_enchanted_bonus","enchanted_chance":{"type":"minecraft:linear","base":0.095,"per_level_above_first":0.01},"enchantment":"minecraft:looting","unenchanted_chance":0.085}; Not a json array: "minecraft:creeper"
[24Jun2026 11:52:33.472] [main/WARN] [com.yanny.ali.manager.FakeLootDataManager/]: Failed to parse fake loot table minecraft:entities/bogged: Not a json array: "minecraft:diamond_boots"; Failed to parse either. First: Can't access registry ResourceKey[minecraft:root / minecraft:enchantment]; Second: Not a json array: {"condition":"minecraft:random_chance_with_enchanted_bonus","enchanted_chance":{"type":"minecraft:linear","base":0.095,"per_level_above_first":0.01},"enchantment":"minecraft:looting","unenchanted_chance":0.085}; Not a json array: "minecraft:diamond_leggings"; Failed to parse either. First: Can't access registry ResourceKey[minecraft:root / minecraft:enchantment]; Second: Not a json array: {"condition":"minecraft:random_chance_with_enchanted_bonus","enchanted_chance":{"type":"minecraft:linear","base":0.095,"per_level_above_first":0.01},"enchantment":"minecraft:looting","unenchanted_chance":0.085}; Not a json array: "minecraft:diamond_chestplate"; Failed to parse either. First: Can't access registry ResourceKey[minecraft:root / minecraft:enchantment]; Second: Not a json array: {"condition":"minecraft:random_chance_with_enchanted_bonus","enchanted_chance":{"type":"minecraft:linear","base":0.095,"per_level_above_first":0.01},"enchantment":"minecraft:looting","unenchanted_chance":0.085}; Not a json array: "minecraft:diamond_helmet"; Failed to parse either. First: Can't access registry ResourceKey[minecraft:root / minecraft:enchantment]; Second: Not a json array: {"condition":"minecraft:random_chance_with_enchanted_bonus","enchanted_chance":{"type":"minecraft:linear","base":0.095,"per_level_above_first":0.01},"enchantment":"minecraft:looting","unenchanted_chance":0.085}; Not a json array: "minecraft:iron_boots"; Failed to parse either. First: Can't access registry ResourceKey[minecraft:root / minecraft:enchantment]; Second: Not a json array: {"condition":"minecraft:random_chance_with_enchanted_bonus","enchanted_chance":{"type":"minecraft:linear","base":0.095,"per_level_above_first":0.01},"enchantment":"minecraft:looting","unenchanted_chance":0.085}; Not a json array: "minecraft:iron_leggings"; Failed to parse either. First: Can't access registry ResourceKey[minecraft:root / minecraft:enchantment]; Second: Not a json array: {"condition":"minecraft:random_chance_with_enchanted_bonus","enchanted_chance":{"type":"minecraft:linear","base":0.095,"per_level_above_first":0.01},"enchantment":"minecraft:looting","unenchanted_chance":0.085}; Not a json array: "minecraft:iron_chestplate"; Failed to parse either. First: Can't access registry ResourceKey[minecraft:root / minecraft:enchantment]; Second: Not a json array: {"condition":"minecraft:random_chance_with_enchanted_bonus","enchanted_chance":{"type":"minecraft:linear","base":0.095,"per_level_above_first":0.01},"enchantment":"minecraft:looting","unenchanted_chance":0.085}; Not a json array: "minecraft:iron_helmet"; Failed to parse either. First: Can't access registry ResourceKey[minecraft:root / minecraft:enchantment]; Second: Not a json array: {"condition":"minecraft:random_chance_with_enchanted_bonus","enchanted_chance":{"type":"minecraft:linear","base":0.095,"per_level_above_first":0.01},"enchantment":"minecraft:looting","unenchanted_chance":0.085}; Not a json array: "minecraft:chainmail_boots"; Failed to parse either. First: Can't access registry ResourceKey[minecraft:root / minecraft:enchantment]; Second: Not a json array: {"condition":"minecraft:random_chance_with_enchanted_bonus","enchanted_chance":{"type":"minecraft:linear","base":0.095,"per_level_above_first":0.01},"enchantment":"minecraft:looting","unenchanted_chance":0.085}; Not a json array: "minecraft:chainmail_leggings"; Failed to parse either. First: Can't access registry ResourceKey[minecraft:root / minecraft:enchantment]; Second: Not a json array: {"condition":"minecraft:random_chance_with_enchanted_bonus","enchanted_chance":{"type":"minecraft:linear","base":0.095,"per_level_above_first":0.01},"enchantment":"minecraft:looting","unenchanted_chance":0.085}; Not a json array: "minecraft:chainmail_chestplate"; Failed to parse either. First: Can't access registry ResourceKey[minecraft:root / minecraft:enchantment]; Second: Not a json array: {"condition":"minecraft:random_chance_with_enchanted_bonus","enchanted_chance":{"type":"minecraft:linear","base":0.095,"per_level_above_first":0.01},"enchantment":"minecraft:looting","unenchanted_chance":0.085}; Not a json array: "minecraft:chainmail_helmet"; Failed to parse either. First: Can't access registry ResourceKey[minecraft:root / minecraft:enchantment]; Second: Not a json array: {"condition":"minecraft:random_chance_with_enchanted_bonus","enchanted_chance":{"type":"minecraft:linear","base":0.095,"per_level_above_first":0.01},"enchantment":"minecraft:looting","unenchanted_chance":0.085}; Not a json array: "minecraft:golden_boots"; Failed to parse either. First: Can't access registry ResourceKey[minecraft:root / minecraft:enchantment]; Second: Not a json array: {"condition":"minecraft:random_chance_with_enchanted_bonus","enchanted_chance":{"type":"minecraft:linear","base":0.095,"per_level_above_first":0.01},"enchantment":"minecraft:looting","unenchanted_chance":0.085}; Not a json array: "minecraft:golden_leggings"; Failed to parse either. First: Can't access registry ResourceKey[minecraft:root / minecraft:enchantment]; Second: Not a json array: {"condition":"minecraft:random_chance_with_enchanted_bonus","enchanted_chance":{"type":"minecraft:linear","base":0.095,"per_level_above_first":0.01},"enchantment":"minecraft:looting","unenchanted_chance":0.085}; Not a json array: "minecraft:golden_chestplate"; Failed to parse either. First: Can't access registry ResourceKey[minecraft:root / minecraft:enchantment]; Second: Not a json array: {"condition":"minecraft:random_chance_with_enchanted_bonus","enchanted_chance":{"type":"minecraft:linear","base":0.095,"per_level_above_first":0.01},"enchantment":"minecraft:looting","unenchanted_chance":0.085}; Not a json array: "minecraft:golden_helmet"; Failed to parse either. First: Can't access registry ResourceKey[minecraft:root / minecraft:enchantment]; Second: Not a json array: {"condition":"minecraft:random_chance_with_enchanted_bonus","enchanted_chance":{"type":"minecraft:linear","base":0.095,"per_level_above_first":0.01},"enchantment":"minecraft:looting","unenchanted_chance":0.085}; Not a json array: "minecraft:leather_boots"; Failed to parse either. First: Can't access registry ResourceKey[minecraft:root / minecraft:enchantment]; Second: Not a json array: {"condition":"minecraft:random_chance_with_enchanted_bonus","enchanted_chance":{"type":"minecraft:linear","base":0.095,"per_level_above_first":0.01},"enchantment":"minecraft:looting","unenchanted_chance":0.085}; Not a json array: "minecraft:leather_leggings"; Failed to parse either. First: Can't access registry ResourceKey[minecraft:root / minecraft:enchantment]; Second: Not a json array: {"condition":"minecraft:random_chance_with_enchanted_bonus","enchanted_chance":{"type":"minecraft:linear","base":0.095,"per_level_above_first":0.01},"enchantment":"minecraft:looting","unenchanted_chance":0.085}; Not a json array: "minecraft:leather_chestplate"; Failed to parse either. First: Can't access registry ResourceKey[minecraft:root / minecraft:enchantment]; Second: Not a json array: {"condition":"minecraft:random_chance_with_enchanted_bonus","enchanted_chance":{"type":"minecraft:linear","base":0.095,"per_level_above_first":0.01},"enchantment":"minecraft:looting","unenchanted_chance":0.085}; Not a json array: "minecraft:leather_helmet"; Failed to parse either. First: Can't access registry ResourceKey[minecraft:root / minecraft:enchantment]; Second: Not a json array: {"condition":"minecraft:random_chance_with_enchanted_bonus","enchanted_chance":{"type":"minecraft:linear","base":0.095,"per_level_above_first":0.01},"enchantment":"minecraft:looting","unenchanted_chance":0.085}; Not a json array: "minecraft:bow"; Failed to parse either. First: Can't access registry ResourceKey[minecraft:root / minecraft:enchantment]; Second: Not a json array: {"condition":"minecraft:random_chance_with_enchanted_bonus","enchanted_chance":{"type":"minecraft:linear","base":0.095,"per_level_above_first":0.01},"enchantment":"minecraft:looting","unenchanted_chance":0.085}
[24Jun2026 11:52:33.475] [main/WARN] [com.yanny.ali.manager.FakeLootDataManager/]: Failed to parse fake loot table minecraft:entities/drowned: Not a json array: "minecraft:nautilus_shell"; Not a json array: "minecraft:fishing_rod"; Failed to parse either. First: Can't access registry ResourceKey[minecraft:root / minecraft:enchantment]; Second: Not a json array: {"condition":"minecraft:random_chance_with_enchanted_bonus","enchanted_chance":{"type":"minecraft:linear","base":0.095,"per_level_above_first":0.01},"enchantment":"minecraft:looting","unenchanted_chance":0.085}; Not a json array: "minecraft:trident"; Failed to parse either. First: Can't access registry ResourceKey[minecraft:root / minecraft:enchantment]; Second: Not a json array: {"condition":"minecraft:random_chance_with_enchanted_bonus","enchanted_chance":{"type":"minecraft:linear","base":0.095,"per_level_above_first":0.01},"enchantment":"minecraft:looting","unenchanted_chance":0.085}
[24Jun2026 11:52:33.476] [main/WARN] [com.yanny.ali.manager.FakeLootDataManager/]: Failed to parse fake loot table minecraft:entities/fox: Not a json array: "minecraft:feather"; Not a json array: "minecraft:leather"; Not a json array: "minecraft:wheat"; Not a json array: "minecraft:egg"; Not a json array: "minecraft:rabbit_hide"; Not a json array: "minecraft:rabbit_foot"; Not a json array: "minecraft:emerald"
[24Jun2026 11:52:33.476] [main/WARN] [com.yanny.ali.manager.FakeLootDataManager/]: Failed to parse fake loot table minecraft:entities/vindicator: Not a json array: "minecraft:iron_axe"; Failed to parse either. First: Can't access registry ResourceKey[minecraft:root / minecraft:enchantment]; Second: Not a json array: {"condition":"minecraft:random_chance_with_enchanted_bonus","enchanted_chance":{"type":"minecraft:linear","base":0.095,"per_level_above_first":0.01},"enchantment":"minecraft:looting","unenchanted_chance":0.085}
[24Jun2026 11:52:33.479] [main/WARN] [com.yanny.ali.manager.FakeLootDataManager/]: Failed to parse fake loot table minecraft:entities/witch: Not a json array: "minecraft:potion"; Failed to parse either. First: Can't access registry ResourceKey[minecraft:root / minecraft:enchantment]; Second: Not a json array: {"condition":"minecraft:random_chance_with_enchanted_bonus","enchanted_chance":{"type":"minecraft:linear","base":0.095,"per_level_above_first":0.01},"enchantment":"minecraft:looting","unenchanted_chance":0.085}; Not a json array: "minecraft:potion"; Failed to parse either. First: Can't access registry ResourceKey[minecraft:root / minecraft:enchantment]; Second: Not a json array: {"condition":"minecraft:random_chance_with_enchanted_bonus","enchanted_chance":{"type":"minecraft:linear","base":0.095,"per_level_above_first":0.01},"enchantment":"minecraft:looting","unenchanted_chance":0.085}; Not a json array: "minecraft:potion"; Failed to parse either. First: Can't access registry ResourceKey[minecraft:root / minecraft:enchantment]; Second: Not a json array: {"condition":"minecraft:random_chance_with_enchanted_bonus","enchanted_chance":{"type":"minecraft:linear","base":0.095,"per_level_above_first":0.01},"enchantment":"minecraft:looting","unenchanted_chance":0.085}; Not a json array: "minecraft:potion"; Failed to parse either. First: Can't access registry ResourceKey[minecraft:root / minecraft:enchantment]; Second: Not a json array: {"condition":"minecraft:random_chance_with_enchanted_bonus","enchanted_chance":{"type":"minecraft:linear","base":0.095,"per_level_above_first":0.01},"enchantment":"minecraft:looting","unenchanted_chance":0.085}
[24Jun2026 11:52:33.484] [main/WARN] [com.yanny.ali.manager.FakeLootDataManager/]: Failed to parse fake loot table minecraft:entities/husk: Not a json array: "minecraft:diamond_boots"; Failed to parse either. First: Can't access registry ResourceKey[minecraft:root / minecraft:enchantment]; Second: Not a json array: {"condition":"minecraft:random_chance_with_enchanted_bonus","enchanted_chance":{"type":"minecraft:linear","base":0.095,"per_level_above_first":0.01},"enchantment":"minecraft:looting","unenchanted_chance":0.085}; Not a json array: "minecraft:diamond_leggings"; Failed to parse either. First: Can't access registry ResourceKey[minecraft:root / minecraft:enchantment]; Second: Not a json array: {"condition":"minecraft:random_chance_with_enchanted_bonus","enchanted_chance":{"type":"minecraft:linear","base":0.095,"per_level_above_first":0.01},"enchantment":"minecraft:looting","unenchanted_chance":0.085}; Not a json array: "minecraft:diamond_chestplate"; Failed to parse either. First: Can't access registry ResourceKey[minecraft:root / minecraft:enchantment]; Second: Not a json array: {"condition":"minecraft:random_chance_with_enchanted_bonus","enchanted_chance":{"type":"minecraft:linear","base":0.095,"per_level_above_first":0.01},"enchantment":"minecraft:looting","unenchanted_chance":0.085}; Not a json array: "minecraft:diamond_helmet"; Failed to parse either. First: Can't access registry ResourceKey[minecraft:root / minecraft:enchantment]; Second: Not a json array: {"condition":"minecraft:random_chance_with_enchanted_bonus","enchanted_chance":{"type":"minecraft:linear","base":0.095,"per_level_above_first":0.01},"enchantment":"minecraft:looting","unenchanted_chance":0.085}; Not a json array: "minecraft:iron_boots"; Failed to parse either. First: Can't access registry ResourceKey[minecraft:root / minecraft:enchantment]; Second: Not a json array: {"condition":"minecraft:random_chance_with_enchanted_bonus","enchanted_chance":{"type":"minecraft:linear","base":0.095,"per_level_above_first":0.01},"enchantment":"minecraft:looting","unenchanted_chance":0.085}; Not a json array: "minecraft:iron_leggings"; Failed to parse either. First: Can't access registry ResourceKey[minecraft:root / minecraft:enchantment]; Second: Not a json array: {"condition":"minecraft:random_chance_with_enchanted_bonus","enchanted_chance":{"type":"minecraft:linear","base":0.095,"per_level_above_first":0.01},"enchantment":"minecraft:looting","unenchanted_chance":0.085}; Not a json array: "minecraft:iron_chestplate"; Failed to parse either. First: Can't access registry ResourceKey[minecraft:root / minecraft:enchantment]; Second: Not a json array: {"condition":"minecraft:random_chance_with_enchanted_bonus","enchanted_chance":{"type":"minecraft:linear","base":0.095,"per_level_above_first":0.01},"enchantment":"minecraft:looting","unenchanted_chance":0.085}; Not a json array: "minecraft:iron_helmet"; Failed to parse either. First: Can't access registry ResourceKey[minecraft:root / minecraft:enchantment]; Second: Not a json array: {"condition":"minecraft:random_chance_with_enchanted_bonus","enchanted_chance":{"type":"minecraft:linear","base":0.095,"per_level_above_first":0.01},"enchantment":"minecraft:looting","unenchanted_chance":0.085}; Not a json array: "minecraft:chainmail_boots"; Failed to parse either. First: Can't access registry ResourceKey[minecraft:root / minecraft:enchantment]; Second: Not a json array: {"condition":"minecraft:random_chance_with_enchanted_bonus","enchanted_chance":{"type":"minecraft:linear","base":0.095,"per_level_above_first":0.01},"enchantment":"minecraft:looting","unenchanted_chance":0.085}; Not a json array: "minecraft:chainmail_leggings"; Failed to parse either. First: Can't access registry ResourceKey[minecraft:root / minecraft:enchantment]; Second: Not a json array: {"condition":"minecraft:random_chance_with_enchanted_bonus","enchanted_chance":{"type":"minecraft:linear","base":0.095,"per_level_above_first":0.01},"enchantment":"minecraft:looting","unenchanted_chance":0.085}; Not a json array: "minecraft:chainmail_chestplate"; Failed to parse either. First: Can't access registry ResourceKey[minecraft:root / minecraft:enchantment]; Second: Not a json array: {"condition":"minecraft:random_chance_with_enchanted_bonus","enchanted_chance":{"type":"minecraft:linear","base":0.095,"per_level_above_first":0.01},"enchantment":"minecraft:looting","unenchanted_chance":0.085}; Not a json array: "minecraft:chainmail_helmet"; Failed to parse either. First: Can't access registry ResourceKey[minecraft:root / minecraft:enchantment]; Second: Not a json array: {"condition":"minecraft:random_chance_with_enchanted_bonus","enchanted_chance":{"type":"minecraft:linear","base":0.095,"per_level_above_first":0.01},"enchantment":"minecraft:looting","unenchanted_chance":0.085}; Not a json array: "minecraft:golden_boots"; Failed to parse either. First: Can't access registry ResourceKey[minecraft:root / minecraft:enchantment]; Second: Not a json array: {"condition":"minecraft:random_chance_with_enchanted_bonus","enchanted_chance":{"type":"minecraft:linear","base":0.095,"per_level_above_first":0.01},"enchantment":"minecraft:looting","unenchanted_chance":0.085}; Not a json array: "minecraft:golden_leggings"; Failed to parse either. First: Can't access registry ResourceKey[minecraft:root / minecraft:enchantment]; Second: Not a json array: {"condition":"minecraft:random_chance_with_enchanted_bonus","enchanted_chance":{"type":"minecraft:linear","base":0.095,"per_level_above_first":0.01},"enchantment":"minecraft:looting","unenchanted_chance":0.085}; Not a json array: "minecraft:golden_chestplate"; Failed to parse either. First: Can't access registry ResourceKey[minecraft:root / minecraft:enchantment]; Second: Not a json array: {"condition":"minecraft:random_chance_with_enchanted_bonus","enchanted_chance":{"type":"minecraft:linear","base":0.095,"per_level_above_first":0.01},"enchantment":"minecraft:looting","unenchanted_chance":0.085}; Not a json array: "minecraft:golden_helmet"; Failed to parse either. First: Can't access registry ResourceKey[minecraft:root / minecraft:enchantment]; Second: Not a json array: {"condition":"minecraft:random_chance_with_enchanted_bonus","enchanted_chance":{"type":"minecraft:linear","base":0.095,"per_level_above_first":0.01},"enchantment":"minecraft:looting","unenchanted_chance":0.085}; Not a json array: "minecraft:leather_boots"; Failed to parse either. First: Can't access registry ResourceKey[minecraft:root / minecraft:enchantment]; Second: Not a json array: {"condition":"minecraft:random_chance_with_enchanted_bonus","enchanted_chance":{"type":"minecraft:linear","base":0.095,"per_level_above_first":0.01},"enchantment":"minecraft:looting","unenchanted_chance":0.085}; Not a json array: "minecraft:leather_leggings"; Failed to parse either. First: Can't access registry ResourceKey[minecraft:root / minecraft:enchantment]; Second: Not a json array: {"condition":"minecraft:random_chance_with_enchanted_bonus","enchanted_chance":{"type":"minecraft:linear","base":0.095,"per_level_above_first":0.01},"enchantment":"minecraft:looting","unenchanted_chance":0.085}; Not a json array: "minecraft:leather_chestplate"; Failed to parse either. First: Can't access registry ResourceKey[minecraft:root / minecraft:enchantment]; Second: Not a json array: {"condition":"minecraft:random_chance_with_enchanted_bonus","enchanted_chance":{"type":"minecraft:linear","base":0.095,"per_level_above_first":0.01},"enchantment":"minecraft:looting","unenchanted_chance":0.085}; Not a json array: "minecraft:leather_helmet"; Failed to parse either. First: Can't access registry ResourceKey[minecraft:root / minecraft:enchantment]; Second: Not a json array: {"condition":"minecraft:random_chance_with_enchanted_bonus","enchanted_chance":{"type":"minecraft:linear","base":0.095,"per_level_above_first":0.01},"enchantment":"minecraft:looting","unenchanted_chance":0.085}; Not a json array: "minecraft:iron_sword"; Failed to parse either. First: Can't access registry ResourceKey[minecraft:root / minecraft:enchantment]; Second: Not a json array: {"condition":"minecraft:random_chance_with_enchanted_bonus","enchanted_chance":{"type":"minecraft:linear","base":0.095,"per_level_above_first":0.01},"enchantment":"minecraft:looting","unenchanted_chance":0.085}; Not a json array: "minecraft:iron_shovel"; Failed to parse either. First: Can't access registry ResourceKey[minecraft:root / minecraft:enchantment]; Second: Not a json array: {"condition":"minecraft:random_chance_with_enchanted_bonus","enchanted_chance":{"type":"minecraft:linear","base":0.095,"per_level_above_first":0.01},"enchantment":"minecraft:looting","unenchanted_chance":0.085}
[24Jun2026 11:52:33.485] [main/WARN] [com.yanny.ali.manager.FakeLootDataManager/]: Failed to parse fake loot table minecraft:entities/wandering_trader: Not a json array: "minecraft:potion"; Failed to parse either. First: Can't access registry ResourceKey[minecraft:root / minecraft:enchantment]; Second: Not a json array: {"condition":"minecraft:random_chance_with_enchanted_bonus","enchanted_chance":{"type":"minecraft:linear","base":0.095,"per_level_above_first":0.01},"enchantment":"minecraft:looting","unenchanted_chance":0.085}; Not a json array: "minecraft:milk_bucket"; Failed to parse either. First: Can't access registry ResourceKey[minecraft:root / minecraft:enchantment]; Second: Not a json array: {"condition":"minecraft:random_chance_with_enchanted_bonus","enchanted_chance":{"type":"minecraft:linear","base":0.095,"per_level_above_first":0.01},"enchantment":"minecraft:looting","unenchanted_chance":0.085}
[24Jun2026 11:52:33.488] [main/WARN] [com.yanny.ali.manager.FakeLootDataManager/]: Failed to parse fake loot table minecraft:entities/zombified_piglin: Not a json array: "minecraft:golden_boots"; Failed to parse either. First: Can't access registry ResourceKey[minecraft:root / minecraft:enchantment]; Second: Not a json array: {"condition":"minecraft:random_chance_with_enchanted_bonus","enchanted_chance":{"type":"minecraft:linear","base":0.095,"per_level_above_first":0.01},"enchantment":"minecraft:looting","unenchanted_chance":0.085}; Not a json array: "minecraft:golden_leggings"; Failed to parse either. First: Can't access registry ResourceKey[minecraft:root / minecraft:enchantment]; Second: Not a json array: {"condition":"minecraft:random_chance_with_enchanted_bonus","enchanted_chance":{"type":"minecraft:linear","base":0.095,"per_level_above_first":0.01},"enchantment":"minecraft:looting","unenchanted_chance":0.085}; Not a json array: "minecraft:golden_chestplate"; Failed to parse either. First: Can't access registry ResourceKey[minecraft:root / minecraft:enchantment]; Second: Not a json array: {"condition":"minecraft:random_chance_with_enchanted_bonus","enchanted_chance":{"type":"minecraft:linear","base":0.095,"per_level_above_first":0.01},"enchantment":"minecraft:looting","unenchanted_chance":0.085}; Not a json array: "minecraft:golden_helmet"; Failed to parse either. First: Can't access registry ResourceKey[minecraft:root / minecraft:enchantment]; Second: Not a json array: {"condition":"minecraft:random_chance_with_enchanted_bonus","enchanted_chance":{"type":"minecraft:linear","base":0.095,"per_level_above_first":0.01},"enchantment":"minecraft:looting","unenchanted_chance":0.085}; Not a json array: "minecraft:warped_fungus_on_a_stick"; Failed to parse either. First: Can't access registry ResourceKey[minecraft:root / minecraft:enchantment]; Second: Not a json array: {"condition":"minecraft:random_chance_with_enchanted_bonus","enchanted_chance":{"type":"minecraft:linear","base":0.095,"per_level_above_first":0.01},"enchantment":"minecraft:looting","unenchanted_chance":0.085}; Not a json array: "minecraft:crossbow"; Failed to parse either. First: Can't access registry ResourceKey[minecraft:root / minecraft:enchantment]; Second: Not a json array: {"condition":"minecraft:random_chance_with_enchanted_bonus","enchanted_chance":{"type":"minecraft:linear","base":0.095,"per_level_above_first":0.01},"enchantment":"minecraft:looting","unenchanted_chance":0.085}; Not a json array: "minecraft:golden_axe"; Failed to parse either. First: Can't access registry ResourceKey[minecraft:root / minecraft:enchantment]; Second: Not a json array: {"condition":"minecraft:random_chance_with_enchanted_bonus","enchanted_chance":{"type":"minecraft:linear","base":0.095,"per_level_above_first":0.01},"enchantment":"minecraft:looting","unenchanted_chance":0.085}; Not a json array: "minecraft:golden_sword"; Failed to parse either. First: Can't access registry ResourceKey[minecraft:root / minecraft:enchantment]; Second: Not a json array: {"condition":"minecraft:random_chance_with_enchanted_bonus","enchanted_chance":{"type":"minecraft:linear","base":0.095,"per_level_above_first":0.01},"enchantment":"minecraft:looting","unenchanted_chance":0.085}
[24Jun2026 11:52:33.488] [main/WARN] [com.yanny.ali.manager.FakeLootDataManager/]: Failed to parse fake loot table minecraft:entities/creeper: Not a json array: "minecraft:creeper"
[24Jun2026 11:52:33.489] [main/WARN] [com.yanny.ali.manager.FakeLootDataManager/]: Failed to parse fake loot table minecraft:entities/wither_skeleton: Not a json array: "minecraft:stone_sword"; Failed to parse either. First: Can't access registry ResourceKey[minecraft:root / minecraft:enchantment]; Second: Not a json array: {"condition":"minecraft:random_chance_with_enchanted_bonus","enchanted_chance":{"type":"minecraft:linear","base":0.095,"per_level_above_first":0.01},"enchantment":"minecraft:looting","unenchanted_chance":0.085}
[24Jun2026 11:52:33.531] [main/INFO] [com.cupboard.Cupboard/]: Loaded config for: lootintegrations.json
[24Jun2026 11:52:33.619] [main/INFO] [villagerapi/]: Added 11 custom villager type(s) to Fisherman level 5 trade with PLAINS fallback
[24Jun2026 11:52:33.641] [main/INFO] [Moonlight/]: Applied 31 data villager trades
[24Jun2026 11:52:33.651] [main/INFO] [Moonlight/]: Failed to load custom color set definition {"id":"quark:rune","colors":{"default":"quark:blank_rune"},"replace":false}. Ignoring
[24Jun2026 11:52:33.654] [main/INFO] [Moonlight/]: Failed to load custom color set definition {"id":"quark:shard","colors":{"default":"quark:clear_shard"},"replace":false}. Ignoring
[24Jun2026 11:52:33.660] [main/INFO] [friendsandfoes/]: Loaded 1 moobloom variants
[24Jun2026 11:52:33.768] [main/INFO] [friendsandfoes/]: Loaded 32 entity animations
[24Jun2026 11:52:33.769] [main/INFO] [com.b1n_ry.yigd.Yigd/]: Reloading grave shape (server)
[24Jun2026 11:52:33.769] [main/INFO] [com.b1n_ry.yigd.Yigd/]: Grave model and shape reload successful (server)
[24Jun2026 11:52:33.772] [main/INFO] [com.b1n_ry.yigd.Yigd/]: Reloading YIGD graveyard data (server)
[24Jun2026 11:52:33.777] [main/INFO] [com.b1n_ry.yigd.Yigd/]: Graveyard data successfully reloaded (server)
[24Jun2026 11:52:33.777] [main/INFO] [com.b1n_ry.yigd.Yigd/]: Reloading YIGD grave area overrides (server)
[24Jun2026 11:52:33.781] [main/INFO] [com.b1n_ry.yigd.Yigd/]: Grave area overrides successfully reloaded (server)
[24Jun2026 11:52:33.842] [main/WARN] [net.minecraft.core.MappedRegistry/]: Not all defined tags for registry ResourceKey[minecraft:root / minecraft:block] are present in data pack: cataclysm:needs_black_steel_tool, cataclysm:needs_monstrosity_tool
[24Jun2026 11:52:33.882] [main/WARN] [net.minecraft.core.MappedRegistry/]: Not all defined tags for registry ResourceKey[minecraft:root / minecraft:item] are present in data pack: wetland_whimsy:flammable
[24Jun2026 11:52:35.071] [main/INFO] [Supplementaries/]: Registering custom dispenser behaviors
[24Jun2026 11:52:35.230] [main/WARN] [ModernFix/]: Initial datapack load took 13.59 s
[24Jun2026 11:52:35.454] [Server thread/INFO] [net.minecraft.server.dedicated.DedicatedServer/]: Starting minecraft server version 1.21.1
[24Jun2026 11:52:35.456] [Server thread/INFO] [net.minecraft.server.dedicated.DedicatedServer/]: Loading properties
[24Jun2026 11:52:35.456] [Server thread/INFO] [net.minecraft.server.dedicated.DedicatedServer/]: Default game type: SURVIVAL
[24Jun2026 11:52:35.457] [Server thread/INFO] [net.minecraft.server.MinecraftServer/]: Generating keypair
[24Jun2026 11:52:35.646] [Server thread/INFO] [net.minecraft.server.dedicated.DedicatedServer/]: Starting Minecraft server on *:25565
[24Jun2026 11:52:35.740] [Server thread/INFO] [net.minecraft.server.network.ServerConnectionListener/]: Using epoll channel type
[24Jun2026 11:52:35.792] [Server thread/INFO] [net.minecraft.server.network.ServerConnectionListener/]: Using epoll channel type
[24Jun2026 11:52:35.839] [Server thread/INFO] [Puzzles Lib/]: Dispatching loading event for config easyanvils-server.toml
[24Jun2026 11:52:35.844] [Server thread/INFO] [Puzzles Lib/]: Dispatching loading event for config leavesbegone-server.toml
[24Jun2026 11:52:35.848] [Server thread/INFO] [Puzzles Lib/]: Dispatching loading event for config netherchested-server.toml
[24Jun2026 11:52:35.850] [Server thread/INFO] [com.tom.storagemod.StorageMod/]: Loaded Tom's Simple Storage config file toms_storage-server.toml
[24Jun2026 11:52:35.852] [Server thread/INFO] [Puzzles Lib/]: Dispatching loading event for config convenienteffects-server.toml
[24Jun2026 11:52:35.856] [Server thread/INFO] [dmr/]: Loading server config
[24Jun2026 11:52:35.862] [Server thread/INFO] [Puzzles Lib/]: Dispatching loading event for config illagerinvasion-server.toml
[24Jun2026 11:52:35.867] [Server thread/INFO] [Puzzles Lib/]: Dispatching loading event for config tradingpost-server.toml
[24Jun2026 11:52:35.869] [Server thread/INFO] [Puzzles Lib/]: Dispatching loading event for config easymagic-server.toml
[24Jun2026 11:52:35.872] [Server thread/INFO] [Puzzles Lib/]: Dispatching loading event for config skeletonaifix-server.toml
[24Jun2026 11:52:35.876] [Server thread/INFO] [Puzzles Lib/]: Dispatching loading event for config magnumtorch-server.toml
[24Jun2026 11:52:35.890] [Server thread/INFO] [Puzzles Lib/]: Dispatching loading event for config barteringstation-server.toml
[24Jun2026 11:52:35.970] [Server thread/WARN] [net.neoforged.neoforge.server.ServerLifecycleHooks/]: Detected alexsmobs:skreecher that was registered with CREATURE mob category but was added under MONSTER mob category for deeperdarker:blooming_caverns biome! Mobs should be added to biomes under the same mob category that the mob was registered as to prevent mob cap spawning issues.
[24Jun2026 11:52:35.982] [luna_minecraft-init/INFO] [luna_minecraft/]: request to 'us.mc.lunapixel.gg' took 218656330 ns
[24Jun2026 11:52:35.983] [luna_minecraft-init/INFO] [luna_minecraft/]: choosing 'us.mc.lunapixel.gg' as the best relay candidate
[24Jun2026 11:52:36.018] [luna_minecraft-init/INFO] [luna_minecraft/]: request to 'eu.mc.lunapixel.gg' took 32791803 ns
[24Jun2026 11:52:36.020] [luna_minecraft-init/INFO] [luna_minecraft/]: choosing 'eu.mc.lunapixel.gg' as the best relay candidate
[24Jun2026 11:52:36.022] [luna_minecraft-init/INFO] [luna_minecraft/]: using relay custom
[24Jun2026 11:52:36.038] [Server thread/WARN] [net.neoforged.neoforge.server.ServerLifecycleHooks/]: Detected alexsmobs:skreecher that was registered with CREATURE mob category but was added under MONSTER mob category for deeperdarker:deeplands biome! Mobs should be added to biomes under the same mob category that the mob was registered as to prevent mob cap spawning issues.
[24Jun2026 11:52:36.053] [Server thread/WARN] [net.neoforged.neoforge.server.ServerLifecycleHooks/]: Detected alexsmobs:skreecher that was registered with CREATURE mob category but was added under MONSTER mob category for deeperdarker:echoing_forest biome! Mobs should be added to biomes under the same mob category that the mob was registered as to prevent mob cap spawning issues.
[24Jun2026 11:52:36.345] [Server thread/INFO] [FTB Teams/]: loaded team data: 2 known players, 2 teams total
[24Jun2026 11:52:36.354] [Server thread/INFO] [Sawmill/]: Injecting Carpenter Village Houses
[24Jun2026 11:52:36.361] [Server thread/INFO] [Explorations/]: Config 'explorations.json' was successfully loaded.
[24Jun2026 11:52:36.366] [Server thread/INFO] [Explorations/]: Added statues to vanilla villages
[24Jun2026 11:52:36.480] [nioEventLoopGroup-2-1/INFO] [luna_minecraft/]: control channel open: [id: 0xa83683f6, QuicStreamAddress{streamId=0}]
[24Jun2026 11:52:36.485] [nioEventLoopGroup-2-1/INFO] [luna_minecraft/]: control channel write complete
[24Jun2026 11:52:36.527] [nioEventLoopGroup-2-1/WARN] [luna_minecraft/]: Luna running on Dedicated Server; This works, but isn't recommended as Luna is designed for short-lived LAN servers
[24Jun2026 11:52:36.530] [nioEventLoopGroup-2-1/INFO] [luna_minecraft/]: Domain assigned: bell-rare.eu.mc.lunapixel.gg
[24Jun2026 11:52:36.629] [Server thread/INFO] [spark/]: Starting background profiler...
[24Jun2026 11:52:37.026] [Server thread/INFO] [villagerapi/]: Validating POI types and professions...
[24Jun2026 11:52:37.031] [Server thread/INFO] [villagerapi/]: POI type validation: 10 valid, 0 invalid
[24Jun2026 11:52:37.034] [Server thread/INFO] [villagerapi/]: Profession validation: 10 valid, 0 invalid
[24Jun2026 11:52:37.035] [Server thread/INFO] [villagerapi/]: Cleared biome mappings cache
[24Jun2026 11:52:37.051] [Server thread/INFO] [villagerapi/]: Registered 3 biome-to-villager-type mappings from villagerpacks
[24Jun2026 11:52:37.051] [Server thread/INFO] [villagerapi/]: Registering trades for 10 professions from packs
[24Jun2026 11:52:37.054] [Server thread/INFO] [villagerapi/]: Registered trades from pack: woodworker
[24Jun2026 11:52:37.054] [Server thread/INFO] [villagerapi/]: Registered trades from pack: oceanographer
[24Jun2026 11:52:37.055] [Server thread/INFO] [villagerapi/]: Registered trades from pack: netherian
[24Jun2026 11:52:37.055] [Server thread/INFO] [villagerapi/]: Registered trades from pack: miner
[24Jun2026 11:52:37.056] [Server thread/INFO] [villagerapi/]: Registered trades from pack: iceman
[24Jun2026 11:52:37.056] [Server thread/INFO] [villagerapi/]: Registered trades from pack: hunter
[24Jun2026 11:52:37.056] [Server thread/INFO] [villagerapi/]: Registered trades from pack: florist
[24Jun2026 11:52:37.062] [Server thread/INFO] [villagerapi/]: Registered trades from pack: explorer
[24Jun2026 11:52:37.063] [Server thread/INFO] [villagerapi/]: Registered trades from pack: engineer
[24Jun2026 11:52:37.064] [Server thread/INFO] [villagerapi/]: Registered trades from pack: enderian
[24Jun2026 11:52:37.064] [Server thread/INFO] [villagerapi/]: Server starting initialization complete
[24Jun2026 11:52:37.071] [Server thread/INFO] [Framework/]: Loading server configs...
[24Jun2026 11:52:37.084] [Server thread/INFO] [xaero.pac.OpenPartiesAndClaims/]: Initializing Open Parties and Claims for the server...
[24Jun2026 11:52:37.101] [Server thread/INFO] [xaero.pac.OpenPartiesAndClaims/]: Loading server info!
[24Jun2026 11:52:37.201] [Server thread/INFO] [xaero.pac.OpenPartiesAndClaims/]: Loading player configs...
[24Jun2026 11:52:37.248] [Server thread/INFO] [xaero.pac.OpenPartiesAndClaims/]: Loaded player configs!
[24Jun2026 11:52:37.249] [Server thread/INFO] [xaero.pac.OpenPartiesAndClaims/]: Loading parties...
[24Jun2026 11:52:37.250] [Server thread/INFO] [xaero.pac.OpenPartiesAndClaims/]: Loaded parties!
[24Jun2026 11:52:37.251] [Server thread/INFO] [xaero.pac.OpenPartiesAndClaims/]: Fixing party inconsistencies...
[24Jun2026 11:52:37.302] [Server thread/INFO] [xaero.pac.OpenPartiesAndClaims/]: Registered party system for OPAC: default
[24Jun2026 11:52:37.303] [Server thread/INFO] [xaero.pac.OpenPartiesAndClaims/]: Registered party system for OPAC: ftb_teams
[24Jun2026 11:52:37.304] [Server thread/INFO] [xaero.pac.OpenPartiesAndClaims/]: Registered permission system for OPAC: permission_api
[24Jun2026 11:52:37.305] [Server thread/INFO] [xaero.pac.OpenPartiesAndClaims/]: Loading claims...
[24Jun2026 11:52:37.307] [Server thread/INFO] [xaero.pac.OpenPartiesAndClaims/]: Loaded claims in 2ms
[24Jun2026 11:52:37.308] [Server thread/WARN] [xaero.pac.OpenPartiesAndClaims/]: The configured permission system "prometheus" isn't registered!
[24Jun2026 11:52:37.308] [Server thread/INFO] [xaero.pac.OpenPartiesAndClaims/]: Configured OPAC to use the following permission system: permission_api
[24Jun2026 11:52:37.309] [Server thread/WARN] [xaero.pac.OpenPartiesAndClaims/]: The configured primary party system "argonauts_guilds" isn't registered!
[24Jun2026 11:52:37.309] [Server thread/INFO] [xaero.pac.OpenPartiesAndClaims/]: Configured OPAC to use the following party system as primary: default
[24Jun2026 11:52:37.330] [Server thread/INFO] [terrablender/]: Initialized TerraBlender biomes for level stem aether:the_aether
[24Jun2026 11:52:37.337] [Server thread/INFO] [terrablender/]: Initialized TerraBlender biomes for level stem minecraft:the_nether
[24Jun2026 11:52:38.524] [Server thread/INFO] [terrablender/]: Initialized TerraBlender biomes for level stem minecraft:overworld
[24Jun2026 11:52:38.528] [Server thread/INFO] [citadel/]: [Citadel] SurfaceRuleInitializer: Starting initialization...
[24Jun2026 11:52:38.530] [Server thread/INFO] [citadel/]: [Citadel] OVERWORLD rules registered: false
[24Jun2026 11:52:38.531] [Server thread/INFO] [citadel/]: [Citadel] Processing dimension: aether:the_aether
[24Jun2026 11:52:38.531] [Server thread/INFO] [citadel/]: [Citadel] Processing dimension: deeperdarker:otherside
[24Jun2026 11:52:38.531] [Server thread/INFO] [citadel/]: [Citadel] Processing dimension: minecraft:the_end
[24Jun2026 11:52:38.532] [Server thread/INFO] [citadel/]: [Citadel] Processing dimension: minecraft:the_nether
[24Jun2026 11:52:38.532] [Server thread/INFO] [citadel/]: [Citadel] Processing dimension: twilightforest:twilight_forest
[24Jun2026 11:52:38.534] [Server thread/INFO] [citadel/]: [Citadel] Processing dimension: minecraft:overworld
[24Jun2026 11:52:38.534] [Server thread/INFO] [citadel/]: [Citadel] SurfaceRuleInitializer: Initialization complete.
[24Jun2026 11:52:38.534] [Server thread/INFO] [net.minecraft.server.dedicated.DedicatedServer/]: Preparing level "world"
[24Jun2026 11:52:38.591] [Server thread/INFO] [CheckedThreadLocalRandom/]: Enforcing safe world random access
[24Jun2026 11:52:39.647] [Server thread/INFO] [TheSpeedyObjectFactory/]: Using TheSpeedyObjectFactory with Unsafe
[24Jun2026 11:52:49.063] [Netty Epoll Server IO #3/WARN] [mixin/]: @ModifyConstant conflict. Skipping packetfixer.v1_20_5.neoforge.mixins.json:v1_20_5_neoforge.ServerLoginPacketListenerImplMixin from mod packetfixer->@ModifyConstant::packetfixer$tick(I)I with priority 1000, already redirected by connectivity.mixins.json:ServerLoginNetHandlerMixin from mod connectivity->@ModifyConstant::loginTimeout(I)I with priority 1001
[24Jun2026 11:52:49.630] [User Authenticator #1/INFO] [net.minecraft.server.network.ServerLoginPacketListenerImpl/]: UUID of player kurama9410 is c41031bc-2c05-49a1-b2ab-0796f416d66a
[24Jun2026 11:52:50.891] [Server thread/INFO] [biolith/]: Ignoring world 'aether:the_aether'; unknown dimension type: aether:the_aether
[24Jun2026 11:52:50.924] [Server thread/INFO] [biolith/]: Ignoring world 'deeperdarker:otherside'; unknown dimension type: deeperdarker:otherside
[24Jun2026 11:52:51.040] [Server thread/INFO] [biolith/]: Ignoring world 'twilightforest:twilight_forest'; unknown dimension type: twilightforest:twilight_forest_type
[24Jun2026 11:52:51.055] [Server thread/WARN] [com.structureessentials.StructureEssentials/]: Non-unique structure_set salt:0 potentially creating overlapping structures detected. Structure sets: [twilightforest:dark_tower, minecraft:mineshafts, twilightforest:final_castle, twilightforest:large_hollow_hill, twilightforest:hedge_maze, minecraft:buried_treasures, twilightforest:giant_house, twilightforest:aurora_palace, twilightforest:lich_tower, twilightforest:labyrinth, twilightforest:naga_courtyard, twilightforest:yeti_cave, twilightforest:quest_grove, twilightforest:small_hollow_hill, minecraft:strongholds, twilightforest:troll_cave, twilightforest:medium_hollow_hill, twilightforest:knight_stronghold, twilightforest:hydra_lair]
[24Jun2026 11:52:51.057] [Server thread/WARN] [com.structureessentials.StructureEssentials/]: Non-unique structure_set salt:100922847 potentially creating overlapping structures detected. Structure sets: [mns:medium_house, mns:medium_house_2]
[24Jun2026 11:52:51.058] [Server thread/WARN] [com.structureessentials.StructureEssentials/]: Non-unique structure_set salt:10387313 potentially creating overlapping structures detected. Structure sets: [minecraft:ocean_monuments, minecraft:end_cities]
[24Jun2026 11:52:51.059] [Server thread/WARN] [com.structureessentials.StructureEssentials/]: Non-unique structure_set salt:298952413 potentially creating overlapping structures detected. Structure sets: [mvs:nether_well, mvs:warped_house]
[24Jun2026 11:52:51.060] [Server thread/WARN] [com.structureessentials.StructureEssentials/]: Non-unique structure_set salt:474578 potentially creating overlapping structures detected. Structure sets: [mns:bridge_4, mns:bridge_1]
[24Jun2026 11:52:51.061] [Server thread/WARN] [com.structureessentials.StructureEssentials/]: Non-unique structure_set salt:411702122 potentially creating overlapping structures detected. Structure sets: [repurposed_structures:outposts_overworld, repurposed_structures:outposts_ocean]
[24Jun2026 11:52:51.062] [Server thread/WARN] [com.structureessentials.StructureEssentials/]: Non-unique structure_set salt:429454167 potentially creating overlapping structures detected. Structure sets: [farmers_structures:honey_cake_farms_with_all, farmers_structures:ratatouilles_with_all, farmers_structures:afterdark_farms_with_all, farmers_structures:flesh_farms_with_all, farmers_structures:squids_with_all]
[24Jun2026 11:52:51.063] [Server thread/WARN] [com.structureessentials.StructureEssentials/]: Non-unique structure_set salt:784827271 potentially creating overlapping structures detected. Structure sets: [betterfortresses:fortress, betteroceanmonuments:ocean_monument]
[24Jun2026 11:52:51.064] [Server thread/WARN] [com.structureessentials.StructureEssentials/]: Non-unique structure_set salt:420699602 potentially creating overlapping structures detected. Structure sets: [structory_towers:ultra_rare_towers, structory_towers:towers, structory_towers:end_towers]
[24Jun2026 11:52:51.065] [Server thread/WARN] [com.structureessentials.StructureEssentials/]: Non-unique structure_set salt:10387319 potentially creating overlapping structures detected. Structure sets: [minecraft:illager_manor, minecraft:woodland_mansions]
[24Jun2026 11:52:51.487] [Server thread/WARN] [com.structureessentials.StructureEssentials/]: Adding Biomes to structure: adorabuild_structures:acacia_house_medium_1 tag:adorabuild_structures:has_structure/acacia_house mins:0.686 biomes: [minecraft:savanna_plateau:0.715]
[24Jun2026 11:52:51.489] [Server thread/WARN] [com.structureessentials.StructureEssentials/]: Adding Biomes to structure: adorabuild_structures:acacia_house_medium_2 tag:adorabuild_structures:has_structure/acacia_house mins:0.686 biomes: [minecraft:savanna_plateau:0.715]
[24Jun2026 11:52:51.491] [Server thread/WARN] [com.structureessentials.StructureEssentials/]: Adding Biomes to structure: adorabuild_structures:acacia_house_medium_3 tag:adorabuild_structures:has_structure/acacia_house mins:0.686 biomes: [minecraft:savanna_plateau:0.715]
[24Jun2026 11:52:51.493] [Server thread/WARN] [com.structureessentials.StructureEssentials/]: Adding Biomes to structure: adorabuild_structures:acacia_house_small_1 tag:adorabuild_structures:has_structure/acacia_house mins:0.686 biomes: [minecraft:savanna_plateau:0.715]
[24Jun2026 11:52:51.495] [Server thread/WARN] [com.structureessentials.StructureEssentials/]: Adding Biomes to structure: adorabuild_structures:acacia_house_small_2 tag:adorabuild_structures:has_structure/acacia_house mins:0.686 biomes: [minecraft:savanna_plateau:0.715]
[24Jun2026 11:52:51.501] [Server thread/WARN] [com.structureessentials.StructureEssentials/]: Adding Biomes to structure: adorabuild_structures:acacia_well_1 tag:adorabuild_structures:has_structure/acacia_house mins:0.686 biomes: [minecraft:savanna_plateau:0.715]
[24Jun2026 11:52:51.506] [Server thread/WARN] [com.structureessentials.StructureEssentials/]: Adding Biomes to structure: cataclysm:acropolis tag:cataclysm:has_structure/acropolis_biomes mins:1.032 biomes: [minecraft:lukewarm_ocean:1.075]
[24Jun2026 11:52:51.905] [Server thread/WARN] [com.structureessentials.StructureEssentials/]: Adding Biomes to structure: explorify:badlands_pyramid tag:explorify:has_structure/badlands_pyramid mins:1.307 biomes: [minecraft:eroded_badlands:1.361]
[24Jun2026 11:52:51.937] [Server thread/WARN] [com.structureessentials.StructureEssentials/]: Adding Biomes to structure: repurposed_structures:bastion_underground tag:repurposed_structures:has_structure/bastions/underground mins:0.53 biomes: [biomeswevegone:maple_taiga:0.552]
[24Jun2026 11:52:51.939] [Server thread/WARN] [com.structureessentials.StructureEssentials/]: Adding Biomes to structure: dungeons_arise:bathhouse tag:dungeons_arise:has_structure/bathhouse_biomes mins:0.54 biomes: [minecraft:old_growth_birch_forest:0.543]
[24Jun2026 11:52:51.941] [Server thread/WARN] [com.structureessentials.StructureEssentials/]: Adding Biomes to structure: mvs:bee_dome tag:c:is_birch_forest mins:0.872 biomes: [minecraft:forest:0.909, minecraft:dark_forest:0.887]
[24Jun2026 11:52:51.951] [Server thread/WARN] [com.structureessentials.StructureEssentials/]: Adding Biomes to structure: mvs:birch_log_pile tag:c:is_birch_forest mins:0.872 biomes: [minecraft:forest:0.909, minecraft:dark_forest:0.887]
[24Jun2026 11:52:51.952] [Server thread/WARN] [com.structureessentials.StructureEssentials/]: Adding Biomes to structure: mvs:birch_tree tag:c:is_birch_forest mins:0.872 biomes: [minecraft:forest:0.909, minecraft:dark_forest:0.887]
[24Jun2026 11:52:51.955] [Server thread/WARN] [com.structureessentials.StructureEssentials/]: Adding Biomes to structure: mvs:birch_well tag:c:is_birch_forest mins:0.872 biomes: [minecraft:forest:0.909, minecraft:dark_forest:0.887]
[24Jun2026 11:52:52.001] [Server thread/WARN] [com.structureessentials.StructureEssentials/]: Adding Biomes to structure: adventuredungeons:bygonedungeon tag:adventuredungeons:bygonedungeon mins:0.756 biomes: [minecraft:dark_forest:0.788]
[24Jun2026 11:52:52.048] [Server thread/WARN] [com.structureessentials.StructureEssentials/]: Adding Biomes to structure: formationsoverworld:copper_spire tag:formationsoverworld:has_structure/copper_spire mins:0.524 biomes: [minecraft:sunflower_plains:0.531]
[24Jun2026 11:52:52.062] [Server thread/WARN] [com.structureessentials.StructureEssentials/]: Adding Biomes to structure: adorabuild_structures:dark_oak_ship_1 tag:adorabuild_structures:ocean/any mins:0.67 biomes: [minecraft:deep_frozen_ocean:0.697]
[24Jun2026 11:52:52.073] [Server thread/WARN] [com.structureessentials.StructureEssentials/]: Adding Biomes to structure: mvs:dead_tree_birch tag:c:is_birch_forest mins:0.872 biomes: [minecraft:forest:0.909, minecraft:dark_forest:0.887]
[24Jun2026 11:52:52.084] [Server thread/WARN] [com.structureessentials.StructureEssentials/]: Adding Biomes to structure: structory:dense_forest_ruin tag:structory:has_structure/old_manor mins:0.695 biomes: [minecraft:old_growth_birch_forest:0.697]
[24Jun2026 11:52:52.121] [Server thread/WARN] [com.structureessentials.StructureEssentials/]: Adding Biomes to structure: formationsoverworld:farmland_field tag:formationsoverworld:has_structure/farmland_field mins:0.683 biomes: [minecraft:sunflower_plains:0.711]
[24Jun2026 11:52:52.123] [Server thread/WARN] [com.structureessentials.StructureEssentials/]: Adding Biomes to structure: explorify:farmstead tag:explorify:has_structure/farmstead mins:0.693 biomes: [minecraft:sunflower_plains:0.722]
[24Jun2026 11:52:52.129] [Server thread/WARN] [com.structureessentials.StructureEssentials/]: Adding Biomes to structure: structory:firetower tag:structory:has_structure/firetower mins:0.606 biomes: [minecraft:birch_forest:0.631]
[24Jun2026 11:52:52.137] [Server thread/WARN] [com.structureessentials.StructureEssentials/]: Adding Biomes to structure: structory_towers:foraging_outpost tag:structory_towers:dense_forests mins:0.738 biomes: [minecraft:birch_forest:0.769]
[24Jun2026 11:52:52.174] [Server thread/WARN] [com.structureessentials.StructureEssentials/]: Adding Biomes to structure: formationsoverworld:hobbit_hole tag:formationsoverworld:has_structure/hobbit_hole mins:0.524 biomes: [minecraft:sunflower_plains:0.531]
[24Jun2026 11:52:52.192] [Server thread/WARN] [com.structureessentials.StructureEssentials/]: Adding Biomes to structure: formationsoverworld:ice_castle tag:formationsoverworld:has_structure/ice_castle mins:0.772 biomes: [minecraft:deep_cold_ocean:0.804]
[24Jun2026 11:52:52.210] [Server thread/WARN] [com.structureessentials.StructureEssentials/]: Adding Biomes to structure: illagerinvasion:illusioner_tower tag:illagerinvasion:has_structure/illusioner_tower mins:0.642 biomes: [minecraft:old_growth_birch_forest:0.654]
[24Jun2026 11:52:52.215] [Server thread/WARN] [com.structureessentials.StructureEssentials/]: Adding Biomes to structure: adorabuild_structures:jungle_house_small_1 tag:adorabuild_structures:has_structure/jungle_house mins:0.711 biomes: [biomeswevegone:tropical_rainforest:0.741]
[24Jun2026 11:52:52.224] [Server thread/WARN] [com.structureessentials.StructureEssentials/]: Adding Biomes to structure: adorabuild_structures:jungle_tree_house_1 tag:adorabuild_structures:has_structure/jungle_house mins:0.711 biomes: [biomeswevegone:tropical_rainforest:0.741]
[24Jun2026 11:52:52.272] [Server thread/WARN] [com.structureessentials.StructureEssentials/]: Adding Biomes to structure: adorabuild_structures:mangrove_ship_1 tag:adorabuild_structures:ocean/cold mins:0.77 biomes: [minecraft:deep_frozen_ocean:0.802]
[24Jun2026 11:52:52.276] [Server thread/WARN] [com.structureessentials.StructureEssentials/]: Adding Biomes to structure: repurposed_structures:mansion_birch tag:repurposed_structures:has_structure/mansions/birch mins:0.872 biomes: [minecraft:forest:0.909, minecraft:dark_forest:0.887]
[24Jun2026 11:52:52.285] [Server thread/WARN] [com.structureessentials.StructureEssentials/]: Adding Biomes to structure: explorify:mausoleum tag:explorify:has_structure/mausoleum mins:0.588 biomes: [biomeswevegone:maple_taiga:0.612, minecraft:old_growth_spruce_taiga:0.592]
[24Jun2026 11:52:52.311] [Server thread/WARN] [com.structureessentials.StructureEssentials/]: Adding Biomes to structure: minecraft:mineshaft tag:minecraft:has_structure/mineshaft mins:0.503 biomes: [biomeswevegone:cypress_swamplands:0.521, biomeswevegone:bayou:0.512, biomeswevegone:cypress_wetlands:0.517, biomeswevegone:white_mangrove_marshes:0.513]
[24Jun2026 11:52:52.316] [Server thread/WARN] [com.structureessentials.StructureEssentials/]: Adding Biomes to structure: repurposed_structures:mineshaft_birch tag:repurposed_structures:has_structure/mineshafts/birch mins:0.872 biomes: [minecraft:forest:0.909, minecraft:dark_forest:0.887]
[24Jun2026 11:52:52.339] [Server thread/WARN] [com.structureessentials.StructureEssentials/]: Adding Biomes to structure: repurposed_structures:mineshaft_taiga tag:repurposed_structures:has_structure/mineshafts/taiga mins:0.69 biomes: [biomeswevegone:maple_taiga:0.719]
[24Jun2026 11:52:52.355] [Server thread/WARN] [com.structureessentials.StructureEssentials/]: Adding Biomes to structure: adventuredungeons:murkydungeon tag:adventuredungeons:murkydungeon mins:0.927 biomes: [biomeswevegone:cypress_swamplands:0.966]
[24Jun2026 11:52:52.410] [Server thread/WARN] [com.structureessentials.StructureEssentials/]: Adding Biomes to structure: structory:old_manor tag:structory:has_structure/old_manor mins:0.695 biomes: [minecraft:old_growth_birch_forest:0.697]
[24Jun2026 11:52:52.418] [Server thread/WARN] [com.structureessentials.StructureEssentials/]: Adding Biomes to structure: structory:outcast_villager_grassy tag:structory:has_structure/outcast_villager_grassy mins:0.635 biomes: [minecraft:dark_forest:0.661]
[24Jun2026 11:52:52.421] [Server thread/WARN] [com.structureessentials.StructureEssentials/]: Adding Biomes to structure: repurposed_structures:outpost_birch tag:repurposed_structures:has_structure/outposts/birch mins:0.872 biomes: [minecraft:forest:0.909, minecraft:dark_forest:0.887]
[24Jun2026 11:52:52.445] [Server thread/WARN] [com.structureessentials.StructureEssentials/]: Adding Biomes to structure: structory_towers:pillager_lookout tag:minecraft:has_structure/pillager_outpost mins:0.537 biomes: [minecraft:old_growth_spruce_taiga:0.538]
[24Jun2026 11:52:52.447] [Server thread/WARN] [com.structureessentials.StructureEssentials/]: Adding Biomes to structure: minecraft:pillager_outpost tag:minecraft:has_structure/pillager_outpost mins:0.537 biomes: [minecraft:old_growth_spruce_taiga:0.538]
[24Jun2026 11:52:52.457] [Server thread/WARN] [com.structureessentials.StructureEssentials/]: Adding Biomes to structure: adorabuild_structures:prison_large_1 tag:adorabuild_structures:has_structure/prison mins:0.592 biomes: [biomeswevegone:zelkova_forest:0.603]
[24Jun2026 11:52:52.459] [Server thread/WARN] [com.structureessentials.StructureEssentials/]: Adding Biomes to structure: adorabuild_structures:prison_small_1 tag:adorabuild_structures:has_structure/prison mins:0.592 biomes: [biomeswevegone:zelkova_forest:0.603]
[24Jun2026 11:52:52.491] [Server thread/WARN] [com.structureessentials.StructureEssentials/]: Adding Biomes to structure: structory:ruin_grassy tag:structory:has_structure/outcast_villager_grassy mins:0.635 biomes: [minecraft:dark_forest:0.661]
[24Jun2026 11:52:52.504] [Server thread/WARN] [com.structureessentials.StructureEssentials/]: Adding Biomes to structure: minecraft:ruined_portal_swamp tag:minecraft:has_structure/ruined_portal_swamp mins:0.871 biomes: [biomeswevegone:cypress_swamplands:0.891, biomeswevegone:white_mangrove_marshes:0.907]
[24Jun2026 11:52:52.508] [Server thread/WARN] [com.structureessentials.StructureEssentials/]: Adding Biomes to structure: repurposed_structures:ruins_land_cold tag:repurposed_structures:has_structure/ruins/land_cold mins:0.721 biomes: [minecraft:old_growth_pine_taiga:0.727]
[24Jun2026 11:52:52.513] [Server thread/WARN] [com.structureessentials.StructureEssentials/]: Adding Biomes to structure: adventuredungeons:ruins_standard tag:adventuredungeons:ruins_standard mins:0.683 biomes: [minecraft:birch_forest:0.694]
[24Jun2026 11:52:52.537] [Server thread/WARN] [com.structureessentials.StructureEssentials/]: Adding Biomes to structure: betterdungeons:skeleton_dungeon tag:betterdungeons:has_structure/skeleton_dungeon mins:0.5 biomes: [biomeswevegone:cypress_swamplands:0.506, minecraft:mangrove_swamp:0.509]
[24Jun2026 11:52:52.543] [Server thread/WARN] [com.structureessentials.StructureEssentials/]: Adding Biomes to structure: mvs:small_birch_lantern tag:c:is_birch_forest mins:0.872 biomes: [minecraft:forest:0.909, minecraft:dark_forest:0.887]
[24Jun2026 11:52:52.550] [Server thread/WARN] [com.structureessentials.StructureEssentials/]: Adding Biomes to structure: betterdungeons:small_dungeon tag:betterdungeons:has_structure/small_dungeon mins:0.5 biomes: [biomeswevegone:cypress_swamplands:0.506, minecraft:mangrove_swamp:0.509]
[24Jun2026 11:52:52.552] [Server thread/WARN] [com.structureessentials.StructureEssentials/]: Adding Biomes to structure: structory_towers:small_firetower tag:structory_towers:birch_biomes mins:0.872 biomes: [minecraft:forest:0.909, minecraft:dark_forest:0.887]
[24Jun2026 11:52:52.556] [Server thread/WARN] [com.structureessentials.StructureEssentials/]: Adding Biomes to structure: formationsoverworld:small_house tag:formationsoverworld:has_structure/small_house mins:0.513 biomes: [minecraft:sunflower_plains:0.534]
[24Jun2026 11:52:52.573] [Server thread/WARN] [com.structureessentials.StructureEssentials/]: Adding Biomes to structure: formationsoverworld:small_statue tag:formationsoverworld:has_structure/small_statue mins:0.524 biomes: [minecraft:sunflower_plains:0.531]
[24Jun2026 11:52:52.579] [Server thread/WARN] [com.structureessentials.StructureEssentials/]: Adding Biomes to structure: ivp:small_village_plains tag:minecraft:has_structure/village_plains mins:0.693 biomes: [minecraft:sunflower_plains:0.722]
[24Jun2026 11:52:52.581] [Server thread/WARN] [com.structureessentials.StructureEssentials/]: Adding Biomes to structure: ivp:small_village_savanna tag:minecraft:has_structure/village_savanna mins:0.686 biomes: [minecraft:savanna_plateau:0.715]
[24Jun2026 11:52:52.583] [Server thread/WARN] [com.structureessentials.StructureEssentials/]: Adding Biomes to structure: ivp:small_village_taiga tag:minecraft:has_structure/village_taiga mins:0.712 biomes: [minecraft:old_growth_spruce_taiga:0.718]
[24Jun2026 11:52:52.594] [Server thread/WARN] [com.structureessentials.StructureEssentials/]: Adding Biomes to structure: betterdungeons:spider_dungeon tag:betterdungeons:has_structure/spider_dungeon mins:0.5 biomes: [biomeswevegone:cypress_swamplands:0.506, minecraft:mangrove_swamp:0.509]
[24Jun2026 11:52:52.601] [Server thread/WARN] [com.structureessentials.StructureEssentials/]: Adding Biomes to structure: adorabuild_structures:spruce_ship_1 tag:adorabuild_structures:ocean/cold mins:0.77 biomes: [minecraft:deep_frozen_ocean:0.802]
[24Jun2026 11:52:52.605] [Server thread/WARN] [com.structureessentials.StructureEssentials/]: Adding Biomes to structure: farmers_structures:squids tag:farmers_structures:is_squid_spawn mins:0.588 biomes: [minecraft:old_growth_birch_forest:0.604]
[24Jun2026 11:52:52.612] [Server thread/WARN] [com.structureessentials.StructureEssentials/]: Adding Biomes to structure: formationsoverworld:stone_ore_spikes tag:formationsoverworld:has_structure/stone_ore_spikes mins:0.528 biomes: [minecraft:sunflower_plains:0.54]
[24Jun2026 11:52:52.620] [Server thread/WARN] [com.structureessentials.StructureEssentials/]: Adding Biomes to structure: betterstrongholds:stronghold tag:betterstrongholds:has_structure/better_stronghold mins:0.5 biomes: [biomeswevegone:cypress_swamplands:0.506, minecraft:mangrove_swamp:0.509]
[24Jun2026 11:52:52.628] [Server thread/WARN] [com.structureessentials.StructureEssentials/]: Adding Biomes to structure: explorify:supply_cache/birch tag:explorify:has_structure/supply_cache/birch mins:0.872 biomes: [minecraft:forest:0.909, minecraft:dark_forest:0.887]
[24Jun2026 11:52:52.632] [Server thread/WARN] [com.structureessentials.StructureEssentials/]: Adding Biomes to structure: explorify:supply_cache/jungle tag:explorify:has_structure/supply_cache/jungle mins:0.966 biomes: [minecraft:bamboo_jungle:1.007]
[24Jun2026 11:52:52.635] [Server thread/WARN] [com.structureessentials.StructureEssentials/]: Adding Biomes to structure: explorify:supply_cache/taiga tag:explorify:has_structure/supply_cache/taiga mins:0.625 biomes: [biomeswevegone:maple_taiga:0.651]
[24Jun2026 11:52:52.639] [Server thread/WARN] [com.structureessentials.StructureEssentials/]: Adding Biomes to structure: minecraft:swamp_hut tag:minecraft:has_structure/swamp_hut mins:0.851 biomes: [minecraft:mangrove_swamp:0.887]
[24Jun2026 11:52:52.647] [Server thread/WARN] [com.structureessentials.StructureEssentials/]: Adding Biomes to structure: explorify:tavern tag:explorify:has_structure/tavern mins:0.702 biomes: [minecraft:dark_forest:0.732]
[24Jun2026 11:52:52.655] [Server thread/WARN] [com.structureessentials.StructureEssentials/]: Adding Biomes to structure: formationsoverworld:tiny_house tag:formationsoverworld:has_structure/tiny_house mins:0.513 biomes: [minecraft:sunflower_plains:0.534]
[24Jun2026 11:52:52.657] [Server thread/WARN] [com.structureessentials.StructureEssentials/]: Adding Biomes to structure: formationsoverworld:tower_remnant tag:formationsoverworld:has_structure/tower_remnant mins:0.524 biomes: [minecraft:sunflower_plains:0.531]
[24Jun2026 11:52:52.659] [Server thread/WARN] [com.structureessentials.StructureEssentials/]: Adding Biomes to structure: minecraft:trail_ruins tag:minecraft:has_structure/trail_ruins mins:0.577 biomes: [minecraft:birch_forest:0.601]
[24Jun2026 11:52:52.674] [Server thread/WARN] [com.structureessentials.StructureEssentials/]: Adding Biomes to structure: adventuredungeons:underground_camp tag:minecraft:has_structure/pillager_outpost mins:0.537 biomes: [minecraft:old_growth_spruce_taiga:0.538]
[24Jun2026 11:52:52.684] [Server thread/WARN] [com.structureessentials.StructureEssentials/]: Adding Biomes to structure: biomeswevegone:village/red_rock tag:biomeswevegone:has_structure/village_red_rock mins:0.905 biomes: [biomeswevegone:red_rock_peaks:0.942]
[24Jun2026 11:52:52.685] [Server thread/WARN] [com.structureessentials.StructureEssentials/]: Adding Biomes to structure: biomeswevegone:village/salem tag:biomeswevegone:has_structure/village_salem mins:0.847 biomes: [biomeswevegone:zelkova_forest:0.882]
[24Jun2026 11:52:52.686] [Server thread/WARN] [com.structureessentials.StructureEssentials/]: Adding Biomes to structure: biomeswevegone:village/skyris tag:biomeswevegone:has_structure/village_skyris mins:0.847 biomes: [biomeswevegone:dacite_ridges:0.882, biomeswevegone:coniferous_forest:0.874, biomeswevegone:weeping_witch_forest:0.882, biomeswevegone:zelkova_forest:0.874]
[24Jun2026 11:52:52.688] [Server thread/WARN] [com.structureessentials.StructureEssentials/]: Adding Biomes to structure: biomeswevegone:village/swamp tag:biomeswevegone:has_structure/village_swamp mins:1.003 biomes: [biomeswevegone:white_mangrove_marshes:1.033, biomeswevegone:bayou:1.044]
[24Jun2026 11:52:52.691] [Server thread/WARN] [com.structureessentials.StructureEssentials/]: Adding Biomes to structure: repurposed_structures:village_birch tag:repurposed_structures:has_structure/villages/birch mins:0.872 biomes: [minecraft:forest:0.909, minecraft:dark_forest:0.887]
[24Jun2026 11:52:52.701] [Server thread/WARN] [com.structureessentials.StructureEssentials/]: Adding Biomes to structure: minecraft:village_plains tag:minecraft:has_structure/village_plains mins:0.693 biomes: [minecraft:sunflower_plains:0.722]
[24Jun2026 11:52:52.702] [Server thread/WARN] [com.structureessentials.StructureEssentials/]: Adding Biomes to structure: minecraft:village_savanna tag:minecraft:has_structure/village_savanna mins:0.686 biomes: [minecraft:savanna_plateau:0.715]
[24Jun2026 11:52:52.706] [Server thread/WARN] [com.structureessentials.StructureEssentials/]: Adding Biomes to structure: minecraft:village_taiga tag:minecraft:has_structure/village_taiga mins:0.712 biomes: [minecraft:old_growth_spruce_taiga:0.718]
[24Jun2026 11:52:52.708] [Server thread/WARN] [com.structureessentials.StructureEssentials/]: Adding Biomes to structure: villagesandpillages:village_witch tag:villagesandpillages:has_structure/village_witch mins:0.927 biomes: [biomeswevegone:cypress_swamplands:0.966]
[24Jun2026 11:52:52.721] [Server thread/WARN] [com.structureessentials.StructureEssentials/]: Adding Biomes to structure: explorify:watchtower/plains tag:explorify:has_structure/watchtower_plains mins:0.693 biomes: [minecraft:sunflower_plains:0.722]
[24Jun2026 11:52:52.725] [Server thread/WARN] [com.structureessentials.StructureEssentials/]: Adding Biomes to structure: explorify:watchtower/savanna tag:explorify:has_structure/watchtower_savanna mins:0.686 biomes: [minecraft:savanna_plateau:0.715]
[24Jun2026 11:52:52.728] [Server thread/WARN] [com.structureessentials.StructureEssentials/]: Adding Biomes to structure: formationsoverworld:well tag:formationsoverworld:has_structure/well mins:0.524 biomes: [minecraft:sunflower_plains:0.531]
[24Jun2026 11:52:52.738] [Server thread/WARN] [com.structureessentials.StructureEssentials/]: Adding Biomes to structure: betterwitchhuts:witch_hut tag:betterwitchhuts:has_structure/better_witch_hut mins:0.871 biomes: [biomeswevegone:cypress_swamplands:0.891, biomeswevegone:white_mangrove_marshes:0.907]
[24Jun2026 11:52:52.739] [Server thread/WARN] [com.structureessentials.StructureEssentials/]: Adding Biomes to structure: wetland_whimsy:witch_hut tag:minecraft:has_structure/swamp_hut mins:0.851 biomes: [minecraft:mangrove_swamp:0.887]
[24Jun2026 11:52:52.740] [Server thread/WARN] [com.structureessentials.StructureEssentials/]: Adding Biomes to structure: repurposed_structures:witch_hut_birch tag:repurposed_structures:has_structure/witch_huts/birch mins:0.872 biomes: [minecraft:forest:0.909, minecraft:dark_forest:0.887]
[24Jun2026 11:52:52.763] [Server thread/WARN] [com.structureessentials.StructureEssentials/]: Adding Biomes to structure: betterdungeons:zombie_dungeon tag:betterdungeons:has_structure/zombie_dungeon mins:0.5 biomes: [biomeswevegone:cypress_swamplands:0.506, minecraft:mangrove_swamp:0.509]
[24Jun2026 11:52:52.764] [Server thread/INFO] [net.minecraft.server.MinecraftServer/]: Preparing start region for dimension minecraft:overworld
[24Jun2026 11:52:54.408] [c2me-worker-0/INFO] [net.minecraft.server.level.progress.LoggerChunkProgressListener/]: Preparing spawn area: 0%
[24Jun2026 11:52:54.413] [c2me-worker-0/INFO] [net.minecraft.server.level.progress.LoggerChunkProgressListener/]: Preparing spawn area: 0%
[24Jun2026 11:52:54.414] [c2me-worker-0/INFO] [net.minecraft.server.level.progress.LoggerChunkProgressListener/]: Preparing spawn area: 0%
[24Jun2026 11:52:54.416] [c2me-worker-0/INFO] [net.minecraft.server.level.progress.LoggerChunkProgressListener/]: Preparing spawn area: 0%
[24Jun2026 11:52:55.963] [c2me-worker-0/INFO] [net.minecraft.server.level.progress.LoggerChunkProgressListener/]: Preparing spawn area: 2%
[24Jun2026 11:52:55.964] [c2me-worker-0/INFO] [net.minecraft.server.level.progress.LoggerChunkProgressListener/]: Preparing spawn area: 2%
[24Jun2026 11:52:55.965] [c2me-worker-0/INFO] [net.minecraft.server.level.progress.LoggerChunkProgressListener/]: Preparing spawn area: 2%
[24Jun2026 11:52:56.271] [c2me-worker-0/INFO] [net.minecraft.server.level.progress.LoggerChunkProgressListener/]: Preparing spawn area: 16%
[24Jun2026 11:52:56.733] [User Authenticator #2/INFO] [net.minecraft.server.network.ServerLoginPacketListenerImpl/]: UUID of player SaniMati is 6a5c0dae-9a72-4de6-a5cb-949d92d62a09
[24Jun2026 11:52:57.093] [c2me-worker-0/INFO] [net.minecraft.server.level.progress.LoggerChunkProgressListener/]: Preparing spawn area: 44%
[24Jun2026 11:52:57.268] [Server thread/INFO] [net.minecraft.server.level.progress.LoggerChunkProgressListener/]: Preparing spawn area: 65%
[24Jun2026 11:52:57.794] [c2me-worker-0/INFO] [net.minecraft.server.level.progress.LoggerChunkProgressListener/]: Preparing spawn area: 91%
[24Jun2026 11:52:58.142] [Server thread/INFO] [net.minecraft.server.level.progress.LoggerChunkProgressListener/]: Time elapsed: 5378 ms
[24Jun2026 11:52:58.145] [Server thread/INFO] [net.minecraft.server.dedicated.DedicatedServer/]: Done (22.309s)! For help, type "help"
[24Jun2026 11:52:58.447] [Server thread/INFO] [net.neoforged.neoforge.server.permission.PermissionAPI/]: Successfully initialized permission handler neoforge:default_handler
[24Jun2026 11:52:58.448] [Server thread/INFO] [nanny/]: Scouting a NaNny...
[24Jun2026 11:52:58.455] [Server thread/INFO] [xaero.hud.minimap.MinimapLogs/]: Registered synced player tracker system: ftb_teams
[24Jun2026 11:52:58.462] [Server thread/INFO] [com.yanny.aci.manager.CorePluginManager/]: Registering server plugin data...
[24Jun2026 11:52:58.491] [Server thread/WARN] [com.yanny.ali.plugin.mods.PluginUtils/]: Failed to register item listing for net.mehvahdjukaar.sawmill.CarpenterTrades$LogStrippingListing with error net.mehvahdjukaar.sawmill.CarpenterTrades$LogStrippingListing
java.lang.ClassNotFoundException: net.mehvahdjukaar.sawmill.CarpenterTrades$LogStrippingListing
	at cpw.mods.securejarhandler/cpw.mods.cl.ModuleClassLoader.loadClass(ModuleClassLoader.java:220) ~[securejarhandler-3.0.8.jar:?]
	at java.base/java.lang.ClassLoader.loadClass(ClassLoader.java:526) ~[?:?]
	at java.base/java.lang.Class.forName0(Native Method) ~[?:?]
	at java.base/java.lang.Class.forName(Class.java:421) ~[?:?]
	at java.base/java.lang.Class.forName(Class.java:412) ~[?:?]
	at TRANSFORMER/ali@1.9.1/com.yanny.ali.plugin.mods.PluginUtils.registerItemListing(PluginUtils.java:247) ~[AdvancedLootInfo-neoforge-1.21.1-1.10.0.jar%23416!/:?]
	at TRANSFORMER/ali@1.9.1/com.yanny.ali.plugin.mods.sawmill.Plugin.registerServer(Plugin.java:19) ~[AdvancedLootInfo-neoforge-1.21.1-1.10.0.jar%23416!/:?]
	at TRANSFORMER/ali@1.9.1/com.yanny.ali.plugin.mods.sawmill.Plugin.registerServer(Plugin.java:9) ~[AdvancedLootInfo-neoforge-1.21.1-1.10.0.jar%23416!/:?]
	at TRANSFORMER/ali@1.9.1/com.yanny.aci.manager.CorePluginManager.registerServerData(CorePluginManager.java:121) ~[AdvancedLootInfo-neoforge-1.21.1-1.10.0.jar%23416!/:?]
	at TRANSFORMER/ali@1.9.1/com.yanny.aci.manager.CorePluginManager.registerServerEvent(CorePluginManager.java:70) ~[AdvancedLootInfo-neoforge-1.21.1-1.10.0.jar%23416!/:?]
	at TRANSFORMER/ali@1.9.1/com.yanny.ali.neoforge.NeoForgeCommonBusSubscriber.onServerStarting(NeoForgeCommonBusSubscriber.java:15) ~[AdvancedLootInfo-neoforge-1.21.1-1.10.0.jar%23416!/:?]
	at MC-BOOTSTRAP/net.neoforged.bus/net.neoforged.bus.EventBus.post(EventBus.java:360) ~[bus-8.0.5.jar%2362!/:?]
	at MC-BOOTSTRAP/net.neoforged.bus/net.neoforged.bus.EventBus.post(EventBus.java:328) ~[bus-8.0.5.jar%2362!/:?]
	at TRANSFORMER/neoforge@21.1.228/net.neoforged.neoforge.server.ServerLifecycleHooks.handleServerStarting(ServerLifecycleHooks.java:109) ~[neoforge-21.1.228-universal.jar%23409!/:?]
	at TRANSFORMER/minecraft@1.21.1/net.minecraft.server.dedicated.DedicatedServer.initServer(DedicatedServer.java:230) ~[server-1.21.1-20240808.144430-srg.jar%23408!/:?]
	at TRANSFORMER/minecraft@1.21.1/net.minecraft.server.MinecraftServer.runServer(MinecraftServer.java:670) ~[server-1.21.1-20240808.144430-srg.jar%23408!/:?]
	at TRANSFORMER/minecraft@1.21.1/net.minecraft.server.MinecraftServer.lambda$spin$2(MinecraftServer.java:267) ~[server-1.21.1-20240808.144430-srg.jar%23408!/:?]
	at java.base/java.lang.Thread.run(Thread.java:1583) [?:?]
[24Jun2026 11:52:58.502] [Server thread/WARN] [com.yanny.ali.plugin.mods.PluginUtils/]: Failed to register item listing for net.mehvahdjukaar.sawmill.CarpenterTrades$WoodToItemListing with error net.mehvahdjukaar.sawmill.CarpenterTrades$WoodToItemListing
java.lang.ClassNotFoundException: net.mehvahdjukaar.sawmill.CarpenterTrades$WoodToItemListing
	at cpw.mods.securejarhandler/cpw.mods.cl.ModuleClassLoader.loadClass(ModuleClassLoader.java:220) ~[securejarhandler-3.0.8.jar:?]
	at java.base/java.lang.ClassLoader.loadClass(ClassLoader.java:526) ~[?:?]
	at java.base/java.lang.Class.forName0(Native Method) ~[?:?]
	at java.base/java.lang.Class.forName(Class.java:421) ~[?:?]
	at java.base/java.lang.Class.forName(Class.java:412) ~[?:?]
	at TRANSFORMER/ali@1.9.1/com.yanny.ali.plugin.mods.PluginUtils.registerItemListing(PluginUtils.java:247) ~[AdvancedLootInfo-neoforge-1.21.1-1.10.0.jar%23416!/:?]
	at TRANSFORMER/ali@1.9.1/com.yanny.ali.plugin.mods.sawmill.Plugin.registerServer(Plugin.java:20) ~[AdvancedLootInfo-neoforge-1.21.1-1.10.0.jar%23416!/:?]
	at TRANSFORMER/ali@1.9.1/com.yanny.ali.plugin.mods.sawmill.Plugin.registerServer(Plugin.java:9) ~[AdvancedLootInfo-neoforge-1.21.1-1.10.0.jar%23416!/:?]
	at TRANSFORMER/ali@1.9.1/com.yanny.aci.manager.CorePluginManager.registerServerData(CorePluginManager.java:121) ~[AdvancedLootInfo-neoforge-1.21.1-1.10.0.jar%23416!/:?]
	at TRANSFORMER/ali@1.9.1/com.yanny.aci.manager.CorePluginManager.registerServerEvent(CorePluginManager.java:70) ~[AdvancedLootInfo-neoforge-1.21.1-1.10.0.jar%23416!/:?]
	at TRANSFORMER/ali@1.9.1/com.yanny.ali.neoforge.NeoForgeCommonBusSubscriber.onServerStarting(NeoForgeCommonBusSubscriber.java:15) ~[AdvancedLootInfo-neoforge-1.21.1-1.10.0.jar%23416!/:?]
	at MC-BOOTSTRAP/net.neoforged.bus/net.neoforged.bus.EventBus.post(EventBus.java:360) ~[bus-8.0.5.jar%2362!/:?]
	at MC-BOOTSTRAP/net.neoforged.bus/net.neoforged.bus.EventBus.post(EventBus.java:328) ~[bus-8.0.5.jar%2362!/:?]
	at TRANSFORMER/neoforge@21.1.228/net.neoforged.neoforge.server.ServerLifecycleHooks.handleServerStarting(ServerLifecycleHooks.java:109) ~[neoforge-21.1.228-universal.jar%23409!/:?]
	at TRANSFORMER/minecraft@1.21.1/net.minecraft.server.dedicated.DedicatedServer.initServer(DedicatedServer.java:230) ~[server-1.21.1-20240808.144430-srg.jar%23408!/:?]
	at TRANSFORMER/minecraft@1.21.1/net.minecraft.server.MinecraftServer.runServer(MinecraftServer.java:670) ~[server-1.21.1-20240808.144430-srg.jar%23408!/:?]
	at TRANSFORMER/minecraft@1.21.1/net.minecraft.server.MinecraftServer.lambda$spin$2(MinecraftServer.java:267) ~[server-1.21.1-20240808.144430-srg.jar%23408!/:?]
	at java.base/java.lang.Thread.run(Thread.java:1583) [?:?]
[24Jun2026 11:52:58.509] [Server thread/WARN] [com.yanny.ali.plugin.mods.PluginUtils/]: Failed to register item listing collector for net.mehvahdjukaar.sawmill.CarpenterTrades$LogStrippingListing with error net.mehvahdjukaar.sawmill.CarpenterTrades$LogStrippingListing
java.lang.ClassNotFoundException: net.mehvahdjukaar.sawmill.CarpenterTrades$LogStrippingListing
	at cpw.mods.securejarhandler/cpw.mods.cl.ModuleClassLoader.loadClass(ModuleClassLoader.java:220) ~[securejarhandler-3.0.8.jar:?]
	at java.base/java.lang.ClassLoader.loadClass(ClassLoader.java:526) ~[?:?]
	at java.base/java.lang.Class.forName0(Native Method) ~[?:?]
	at java.base/java.lang.Class.forName(Class.java:421) ~[?:?]
	at java.base/java.lang.Class.forName(Class.java:412) ~[?:?]
	at TRANSFORMER/ali@1.9.1/com.yanny.ali.plugin.mods.PluginUtils.registerItemListingCollector(PluginUtils.java:263) ~[AdvancedLootInfo-neoforge-1.21.1-1.10.0.jar%23416!/:?]
	at TRANSFORMER/ali@1.9.1/com.yanny.ali.plugin.mods.sawmill.Plugin.registerServer(Plugin.java:22) ~[AdvancedLootInfo-neoforge-1.21.1-1.10.0.jar%23416!/:?]
	at TRANSFORMER/ali@1.9.1/com.yanny.ali.plugin.mods.sawmill.Plugin.registerServer(Plugin.java:9) ~[AdvancedLootInfo-neoforge-1.21.1-1.10.0.jar%23416!/:?]
	at TRANSFORMER/ali@1.9.1/com.yanny.aci.manager.CorePluginManager.registerServerData(CorePluginManager.java:121) ~[AdvancedLootInfo-neoforge-1.21.1-1.10.0.jar%23416!/:?]
	at TRANSFORMER/ali@1.9.1/com.yanny.aci.manager.CorePluginManager.registerServerEvent(CorePluginManager.java:70) ~[AdvancedLootInfo-neoforge-1.21.1-1.10.0.jar%23416!/:?]
	at TRANSFORMER/ali@1.9.1/com.yanny.ali.neoforge.NeoForgeCommonBusSubscriber.onServerStarting(NeoForgeCommonBusSubscriber.java:15) ~[AdvancedLootInfo-neoforge-1.21.1-1.10.0.jar%23416!/:?]
	at MC-BOOTSTRAP/net.neoforged.bus/net.neoforged.bus.EventBus.post(EventBus.java:360) ~[bus-8.0.5.jar%2362!/:?]
	at MC-BOOTSTRAP/net.neoforged.bus/net.neoforged.bus.EventBus.post(EventBus.java:328) ~[bus-8.0.5.jar%2362!/:?]
	at TRANSFORMER/neoforge@21.1.228/net.neoforged.neoforge.server.ServerLifecycleHooks.handleServerStarting(ServerLifecycleHooks.java:109) ~[neoforge-21.1.228-universal.jar%23409!/:?]
	at TRANSFORMER/minecraft@1.21.1/net.minecraft.server.dedicated.DedicatedServer.initServer(DedicatedServer.java:230) ~[server-1.21.1-20240808.144430-srg.jar%23408!/:?]
	at TRANSFORMER/minecraft@1.21.1/net.minecraft.server.MinecraftServer.runServer(MinecraftServer.java:670) ~[server-1.21.1-20240808.144430-srg.jar%23408!/:?]
	at TRANSFORMER/minecraft@1.21.1/net.minecraft.server.MinecraftServer.lambda$spin$2(MinecraftServer.java:267) ~[server-1.21.1-20240808.144430-srg.jar%23408!/:?]
	at java.base/java.lang.Thread.run(Thread.java:1583) [?:?]
[24Jun2026 11:52:58.513] [Server thread/WARN] [com.yanny.ali.plugin.mods.PluginUtils/]: Failed to register item listing collector for net.mehvahdjukaar.sawmill.CarpenterTrades$WoodToItemListing with error net.mehvahdjukaar.sawmill.CarpenterTrades$WoodToItemListing
java.lang.ClassNotFoundException: net.mehvahdjukaar.sawmill.CarpenterTrades$WoodToItemListing
	at cpw.mods.securejarhandler/cpw.mods.cl.ModuleClassLoader.loadClass(ModuleClassLoader.java:220) ~[securejarhandler-3.0.8.jar:?]
	at java.base/java.lang.ClassLoader.loadClass(ClassLoader.java:526) ~[?:?]
	at java.base/java.lang.Class.forName0(Native Method) ~[?:?]
	at java.base/java.lang.Class.forName(Class.java:421) ~[?:?]
	at java.base/java.lang.Class.forName(Class.java:412) ~[?:?]
	at TRANSFORMER/ali@1.9.1/com.yanny.ali.plugin.mods.PluginUtils.registerItemListingCollector(PluginUtils.java:263) ~[AdvancedLootInfo-neoforge-1.21.1-1.10.0.jar%23416!/:?]
	at TRANSFORMER/ali@1.9.1/com.yanny.ali.plugin.mods.sawmill.Plugin.registerServer(Plugin.java:23) ~[AdvancedLootInfo-neoforge-1.21.1-1.10.0.jar%23416!/:?]
	at TRANSFORMER/ali@1.9.1/com.yanny.ali.plugin.mods.sawmill.Plugin.registerServer(Plugin.java:9) ~[AdvancedLootInfo-neoforge-1.21.1-1.10.0.jar%23416!/:?]
	at TRANSFORMER/ali@1.9.1/com.yanny.aci.manager.CorePluginManager.registerServerData(CorePluginManager.java:121) ~[AdvancedLootInfo-neoforge-1.21.1-1.10.0.jar%23416!/:?]
	at TRANSFORMER/ali@1.9.1/com.yanny.aci.manager.CorePluginManager.registerServerEvent(CorePluginManager.java:70) ~[AdvancedLootInfo-neoforge-1.21.1-1.10.0.jar%23416!/:?]
	at TRANSFORMER/ali@1.9.1/com.yanny.ali.neoforge.NeoForgeCommonBusSubscriber.onServerStarting(NeoForgeCommonBusSubscriber.java:15) ~[AdvancedLootInfo-neoforge-1.21.1-1.10.0.jar%23416!/:?]
	at MC-BOOTSTRAP/net.neoforged.bus/net.neoforged.bus.EventBus.post(EventBus.java:360) ~[bus-8.0.5.jar%2362!/:?]
	at MC-BOOTSTRAP/net.neoforged.bus/net.neoforged.bus.EventBus.post(EventBus.java:328) ~[bus-8.0.5.jar%2362!/:?]
	at TRANSFORMER/neoforge@21.1.228/net.neoforged.neoforge.server.ServerLifecycleHooks.handleServerStarting(ServerLifecycleHooks.java:109) ~[neoforge-21.1.228-universal.jar%23409!/:?]
	at TRANSFORMER/minecraft@1.21.1/net.minecraft.server.dedicated.DedicatedServer.initServer(DedicatedServer.java:230) ~[server-1.21.1-20240808.144430-srg.jar%23408!/:?]
	at TRANSFORMER/minecraft@1.21.1/net.minecraft.server.MinecraftServer.runServer(MinecraftServer.java:670) ~[server-1.21.1-20240808.144430-srg.jar%23408!/:?]
	at TRANSFORMER/minecraft@1.21.1/net.minecraft.server.MinecraftServer.lambda$spin$2(MinecraftServer.java:267) ~[server-1.21.1-20240808.144430-srg.jar%23408!/:?]
	at java.base/java.lang.Thread.run(Thread.java:1583) [?:?]
[24Jun2026 11:52:58.524] [Server thread/WARN] [com.yanny.ali.plugin.mods.PluginUtils/]: Failed to register entry for net.mehvahdjukaar.moonlight.core.loot.OptionalItemPool with error net.mehvahdjukaar.moonlight.core.loot.OptionalItemPool
java.lang.ClassNotFoundException: net.mehvahdjukaar.moonlight.core.loot.OptionalItemPool
	at cpw.mods.securejarhandler/cpw.mods.cl.ModuleClassLoader.loadClass(ModuleClassLoader.java:220) ~[securejarhandler-3.0.8.jar:?]
	at java.base/java.lang.ClassLoader.loadClass(ClassLoader.java:526) ~[?:?]
	at java.base/java.lang.Class.forName0(Native Method) ~[?:?]
	at java.base/java.lang.Class.forName(Class.java:421) ~[?:?]
	at java.base/java.lang.Class.forName(Class.java:412) ~[?:?]
	at TRANSFORMER/ali@1.9.1/com.yanny.ali.plugin.mods.PluginUtils.registerEntry(PluginUtils.java:74) ~[AdvancedLootInfo-neoforge-1.21.1-1.10.0.jar%23416!/:?]
	at TRANSFORMER/ali@1.9.1/com.yanny.ali.plugin.mods.moonlight.Plugin.registerServer(Plugin.java:20) ~[AdvancedLootInfo-neoforge-1.21.1-1.10.0.jar%23416!/:?]
	at TRANSFORMER/ali@1.9.1/com.yanny.ali.plugin.mods.moonlight.Plugin.registerServer(Plugin.java:9) ~[AdvancedLootInfo-neoforge-1.21.1-1.10.0.jar%23416!/:?]
	at TRANSFORMER/ali@1.9.1/com.yanny.aci.manager.CorePluginManager.registerServerData(CorePluginManager.java:121) ~[AdvancedLootInfo-neoforge-1.21.1-1.10.0.jar%23416!/:?]
	at TRANSFORMER/ali@1.9.1/com.yanny.aci.manager.CorePluginManager.registerServerEvent(CorePluginManager.java:70) ~[AdvancedLootInfo-neoforge-1.21.1-1.10.0.jar%23416!/:?]
	at TRANSFORMER/ali@1.9.1/com.yanny.ali.neoforge.NeoForgeCommonBusSubscriber.onServerStarting(NeoForgeCommonBusSubscriber.java:15) ~[AdvancedLootInfo-neoforge-1.21.1-1.10.0.jar%23416!/:?]
	at MC-BOOTSTRAP/net.neoforged.bus/net.neoforged.bus.EventBus.post(EventBus.java:360) ~[bus-8.0.5.jar%2362!/:?]
	at MC-BOOTSTRAP/net.neoforged.bus/net.neoforged.bus.EventBus.post(EventBus.java:328) ~[bus-8.0.5.jar%2362!/:?]
	at TRANSFORMER/neoforge@21.1.228/net.neoforged.neoforge.server.ServerLifecycleHooks.handleServerStarting(ServerLifecycleHooks.java:109) ~[neoforge-21.1.228-universal.jar%23409!/:?]
	at TRANSFORMER/minecraft@1.21.1/net.minecraft.server.dedicated.DedicatedServer.initServer(DedicatedServer.java:230) ~[server-1.21.1-20240808.144430-srg.jar%23408!/:?]
	at TRANSFORMER/minecraft@1.21.1/net.minecraft.server.MinecraftServer.runServer(MinecraftServer.java:670) ~[server-1.21.1-20240808.144430-srg.jar%23408!/:?]
	at TRANSFORMER/minecraft@1.21.1/net.minecraft.server.MinecraftServer.lambda$spin$2(MinecraftServer.java:267) ~[server-1.21.1-20240808.144430-srg.jar%23408!/:?]
	at java.base/java.lang.Thread.run(Thread.java:1583) [?:?]
[24Jun2026 11:52:58.527] [Server thread/WARN] [com.yanny.ali.plugin.mods.PluginUtils/]: Failed to register function tooltip for com.kyanite.deeperdarker.util.SetPaintingVariantFunction with error com.kyanite.deeperdarker.util.SetPaintingVariantFunction
java.lang.ClassNotFoundException: com.kyanite.deeperdarker.util.SetPaintingVariantFunction
	at cpw.mods.securejarhandler/cpw.mods.cl.ModuleClassLoader.loadClass(ModuleClassLoader.java:220) ~[securejarhandler-3.0.8.jar:?]
	at java.base/java.lang.ClassLoader.loadClass(ClassLoader.java:526) ~[?:?]
	at java.base/java.lang.Class.forName0(Native Method) ~[?:?]
	at java.base/java.lang.Class.forName(Class.java:421) ~[?:?]
	at java.base/java.lang.Class.forName(Class.java:412) ~[?:?]
	at TRANSFORMER/ali@1.9.1/com.yanny.ali.plugin.mods.PluginUtils.registerFunctionTooltip(PluginUtils.java:90) ~[AdvancedLootInfo-neoforge-1.21.1-1.10.0.jar%23416!/:?]
	at TRANSFORMER/ali@1.9.1/com.yanny.ali.plugin.mods.deeper_and_darker.Plugin.registerServer(Plugin.java:19) ~[AdvancedLootInfo-neoforge-1.21.1-1.10.0.jar%23416!/:?]
	at TRANSFORMER/ali@1.9.1/com.yanny.ali.plugin.mods.deeper_and_darker.Plugin.registerServer(Plugin.java:9) ~[AdvancedLootInfo-neoforge-1.21.1-1.10.0.jar%23416!/:?]
	at TRANSFORMER/ali@1.9.1/com.yanny.aci.manager.CorePluginManager.registerServerData(CorePluginManager.java:121) ~[AdvancedLootInfo-neoforge-1.21.1-1.10.0.jar%23416!/:?]
	at TRANSFORMER/ali@1.9.1/com.yanny.aci.manager.CorePluginManager.registerServerEvent(CorePluginManager.java:70) ~[AdvancedLootInfo-neoforge-1.21.1-1.10.0.jar%23416!/:?]
	at TRANSFORMER/ali@1.9.1/com.yanny.ali.neoforge.NeoForgeCommonBusSubscriber.onServerStarting(NeoForgeCommonBusSubscriber.java:15) ~[AdvancedLootInfo-neoforge-1.21.1-1.10.0.jar%23416!/:?]
	at MC-BOOTSTRAP/net.neoforged.bus/net.neoforged.bus.EventBus.post(EventBus.java:360) ~[bus-8.0.5.jar%2362!/:?]
	at MC-BOOTSTRAP/net.neoforged.bus/net.neoforged.bus.EventBus.post(EventBus.java:328) ~[bus-8.0.5.jar%2362!/:?]
	at TRANSFORMER/neoforge@21.1.228/net.neoforged.neoforge.server.ServerLifecycleHooks.handleServerStarting(ServerLifecycleHooks.java:109) ~[neoforge-21.1.228-universal.jar%23409!/:?]
	at TRANSFORMER/minecraft@1.21.1/net.minecraft.server.dedicated.DedicatedServer.initServer(DedicatedServer.java:230) ~[server-1.21.1-20240808.144430-srg.jar%23408!/:?]
	at TRANSFORMER/minecraft@1.21.1/net.minecraft.server.MinecraftServer.runServer(MinecraftServer.java:670) ~[server-1.21.1-20240808.144430-srg.jar%23408!/:?]
	at TRANSFORMER/minecraft@1.21.1/net.minecraft.server.MinecraftServer.lambda$spin$2(MinecraftServer.java:267) ~[server-1.21.1-20240808.144430-srg.jar%23408!/:?]
	at java.base/java.lang.Thread.run(Thread.java:1583) [?:?]
[24Jun2026 11:52:58.609] [Server thread/INFO] [com.yanny.aci.manager.ManagedRegistry/]: Registered 9/14 entry factories
[24Jun2026 11:52:58.612] [Server thread/INFO] [com.yanny.aci.manager.ManagedRegistry/]: Registered 6/8 number converters
[24Jun2026 11:52:58.612] [Server thread/INFO] [com.yanny.aci.manager.ManagedRegistry/]: Registered 13 trade item listings
[24Jun2026 11:52:58.612] [Server thread/INFO] [com.yanny.aci.manager.ManagedRegistry/]: Registered 9 entry item collectors
[24Jun2026 11:52:58.612] [Server thread/INFO] [com.yanny.aci.manager.ManagedRegistry/]: Registered 2 function item collectors
[24Jun2026 11:52:58.612] [Server thread/INFO] [com.yanny.aci.manager.ManagedRegistry/]: Registered 13 trade item collectors
[24Jun2026 11:52:58.613] [Server thread/INFO] [com.yanny.aci.manager.ManagedRegistry/]: Registered 49/53 function tooltips
[24Jun2026 11:52:58.613] [Server thread/INFO] [com.yanny.aci.manager.ManagedRegistry/]: Registered 23/37 condition tooltips
[24Jun2026 11:52:58.614] [Server thread/INFO] [com.yanny.aci.manager.ManagedRegistry/]: Registered 1 ingredient tooltips
[24Jun2026 11:52:58.614] [Server thread/INFO] [com.yanny.aci.manager.ManagedRegistry/]: Registered 108 value tooltips
[24Jun2026 11:52:58.614] [Server thread/INFO] [com.yanny.aci.manager.ManagedRegistry/]: Registered 14/18 item sub predicate tooltips
[24Jun2026 11:52:58.615] [Server thread/INFO] [com.yanny.aci.manager.ManagedRegistry/]: Registered 19/23 entity sub predicate tooltips
[24Jun2026 11:52:58.615] [Server thread/INFO] [com.yanny.aci.manager.ManagedRegistry/]: Registered 57/204 data component type tooltips
[24Jun2026 11:52:58.615] [Server thread/INFO] [com.yanny.aci.manager.ManagedRegistry/]: Registered 3 chance modifiers
[24Jun2026 11:52:58.616] [Server thread/INFO] [com.yanny.aci.manager.ManagedRegistry/]: Registered 4 count modifiers
[24Jun2026 11:52:58.619] [Server thread/INFO] [com.yanny.aci.manager.ManagedRegistry/]: Registered 15 item stack modifiers
[24Jun2026 11:52:58.641] [Server thread/WARN] [com.yanny.ali.neoforge.plugin.NeoForgePlugin/]: Unable to locate destination for auto GLM hybrid-aquatic:ha_loot_modifier
[24Jun2026 11:52:58.644] [Server thread/WARN] [com.yanny.ali.neoforge.plugin.NeoForgePlugin/]: Unable to locate destination for auto GLM aether:pig_drops
[24Jun2026 11:52:58.648] [Server thread/WARN] [com.yanny.ali.neoforge.plugin.NeoForgePlugin/]: Unable to locate destination for auto GLM repurposed_structures:import_modded_loot
[24Jun2026 11:52:58.648] [Server thread/WARN] [com.yanny.ali.neoforge.plugin.NeoForgePlugin/]: Unable to locate destination for auto GLM advancednetherite:crop_drops_loot_modifier
[24Jun2026 11:52:58.648] [Server thread/WARN] [com.yanny.ali.neoforge.plugin.NeoForgePlugin/]: Unable to locate destination for auto GLM hybrid-aquatic:ha_loot_modifier
[24Jun2026 11:52:58.648] [Server thread/WARN] [com.yanny.ali.neoforge.plugin.NeoForgePlugin/]: Unable to locate destination for auto GLM null
[24Jun2026 11:52:58.649] [Server thread/WARN] [com.yanny.ali.neoforge.plugin.NeoForgePlugin/]: Unable to locate destination for auto GLM mynethersdelight:remplace_item
[24Jun2026 11:52:58.649] [Server thread/WARN] [com.yanny.ali.neoforge.plugin.NeoForgePlugin/]: Unable to locate destination for auto GLM aether:gloves_loot
[24Jun2026 11:52:58.650] [Server thread/WARN] [com.yanny.ali.neoforge.plugin.NeoForgePlugin/]: Unable to locate destination for auto GLM aether:gloves_loot
[24Jun2026 11:52:58.650] [Server thread/WARN] [com.yanny.ali.neoforge.plugin.NeoForgePlugin/]: Unable to locate destination for auto GLM aether:gloves_loot
[24Jun2026 11:52:58.651] [Server thread/WARN] [com.yanny.ali.neoforge.plugin.NeoForgePlugin/]: Unable to locate destination for auto GLM twilightforest:fiery_pick_smelting
[24Jun2026 11:52:58.652] [Server thread/WARN] [com.yanny.ali.neoforge.plugin.NeoForgePlugin/]: Unable to locate destination for auto GLM twilightforest:giant_block_grouping
[24Jun2026 11:52:58.653] [Server thread/WARN] [com.yanny.ali.neoforge.plugin.NeoForgePlugin/]: Unable to locate destination for auto GLM null
[24Jun2026 11:52:58.657] [Server thread/WARN] [com.yanny.ali.neoforge.plugin.NeoForgePlugin/]: Unable to locate destination for auto GLM mynethersdelight:remplace_item
[24Jun2026 11:52:58.657] [Server thread/WARN] [com.yanny.ali.neoforge.plugin.NeoForgePlugin/]: Unable to locate destination for auto GLM supplementaries:replace_rope
[24Jun2026 11:52:58.657] [Server thread/WARN] [com.yanny.ali.neoforge.plugin.NeoForgePlugin/]: Unable to locate destination for auto GLM deep_aether:halloween_loot
[24Jun2026 11:52:58.658] [Server thread/WARN] [com.yanny.ali.neoforge.plugin.NeoForgePlugin/]: Unable to locate destination for auto GLM null
[24Jun2026 11:52:58.660] [Server thread/WARN] [com.yanny.ali.neoforge.plugin.NeoForgePlugin/]: Unable to locate destination for auto GLM advancednetherite:mob_drops_loot_modifier
[24Jun2026 11:52:58.661] [Server thread/WARN] [com.yanny.ali.neoforge.plugin.NeoForgePlugin/]: Unable to locate destination for auto GLM aether:gloves_loot
[24Jun2026 11:52:58.661] [Server thread/WARN] [com.yanny.ali.neoforge.plugin.NeoForgePlugin/]: Unable to locate destination for auto GLM advancednetherite:ore_drops_loot_modifier
[24Jun2026 11:52:58.664] [Server thread/WARN] [com.yanny.ali.neoforge.plugin.NeoForgePlugin/]: Unable to locate destination for auto GLM moonlight:add_item
[24Jun2026 11:52:58.666] [Server thread/WARN] [com.yanny.ali.neoforge.plugin.NeoForgePlugin/]: Unable to locate destination for auto GLM aether:gloves_loot
[24Jun2026 11:52:58.666] [Server thread/WARN] [com.yanny.ali.neoforge.plugin.NeoForgePlugin/]: Unable to locate destination for auto GLM null
[24Jun2026 11:52:58.666] [Server thread/WARN] [com.yanny.ali.neoforge.plugin.NeoForgePlugin/]: Unable to locate destination for auto GLM aether:gloves_loot
[24Jun2026 11:52:58.667] [Server thread/WARN] [com.yanny.ali.neoforge.plugin.NeoForgePlugin/]: Unable to locate destination for auto GLM aether:double_drops
[24Jun2026 11:52:58.670] [Server thread/WARN] [com.yanny.ali.neoforge.plugin.NeoForgePlugin/]: Missing GLM for com.aetherteam.aether.loot.modifiers.EnchantedGrassModifier
[24Jun2026 11:52:58.670] [Server thread/WARN] [com.yanny.ali.neoforge.plugin.NeoForgePlugin/]: Missing GLM for io.github.razordevs.deep_aether.datagen.loot.modifiers.DAHalloweenLootModifier
[24Jun2026 11:52:58.670] [Server thread/WARN] [com.yanny.ali.neoforge.plugin.NeoForgePlugin/]: Missing GLM for com.github.alexthe666.alexsmobs.misc.PigshoesLootModifier
[24Jun2026 11:52:58.671] [Server thread/WARN] [com.yanny.ali.neoforge.plugin.NeoForgePlugin/]: Missing GLM for net.mehvahdjukaar.moonlight.core.misc.neoforge.ModLootModifiers$AddItemModifier
[24Jun2026 11:52:58.671] [Server thread/WARN] [com.yanny.ali.neoforge.plugin.NeoForgePlugin/]: Missing GLM for io.github.razordevs.deep_aether.datagen.loot.modifiers.DAAddDungeonLootModifier
[24Jun2026 11:52:58.671] [Server thread/WARN] [com.yanny.ali.neoforge.plugin.NeoForgePlugin/]: Missing GLM for com.telepathicgrunt.repurposedstructures.misc.neoforge.lootmanager.StructureModdedLootImporterApplier
[24Jun2026 11:52:58.671] [Server thread/WARN] [com.yanny.ali.neoforge.plugin.NeoForgePlugin/]: Missing GLM for net.potionstudios.biomeswevegone.neoforge.loot.AddItemModifier
[24Jun2026 11:52:58.671] [Server thread/WARN] [com.yanny.ali.neoforge.plugin.NeoForgePlugin/]: Missing GLM for com.kyanite.deeperdarker.content.misc.AddItemModifier
[24Jun2026 11:52:58.672] [Server thread/WARN] [com.yanny.ali.neoforge.plugin.NeoForgePlugin/]: Missing GLM for com.github.alexthe666.alexsmobs.misc.BlossomLootModifier
[24Jun2026 11:52:58.672] [Server thread/WARN] [com.yanny.ali.neoforge.plugin.NeoForgePlugin/]: Missing GLM for net.mehvahdjukaar.supplementaries.neoforge.ReplaceRopeByConfigModifier
[24Jun2026 11:52:58.673] [Server thread/WARN] [com.yanny.ali.neoforge.plugin.NeoForgePlugin/]: Missing GLM for com.aetherteam.aether.loot.modifiers.RemoveSeedsModifier
[24Jun2026 11:52:58.677] [Server thread/WARN] [com.yanny.ali.neoforge.plugin.NeoForgePlugin/]: Missing GLM for tallestred.piglinproliferation.common.loot.BastionLootModifier
[24Jun2026 11:52:58.677] [Server thread/WARN] [com.yanny.ali.neoforge.plugin.NeoForgePlugin/]: Missing GLM for com.soytutta.mynethersdelight.common.loot.RemplaceLootModifier
[24Jun2026 11:52:58.677] [Server thread/WARN] [com.yanny.ali.neoforge.plugin.NeoForgePlugin/]: Missing GLM for com.aetherteam.aether.loot.modifiers.PigDropsModifier
[24Jun2026 11:52:58.677] [Server thread/WARN] [com.yanny.ali.neoforge.plugin.NeoForgePlugin/]: Missing GLM for com.autovw.advancednetherite.common.loot.CropDropsLootModifier
[24Jun2026 11:52:58.677] [Server thread/WARN] [com.yanny.ali.neoforge.plugin.NeoForgePlugin/]: Missing GLM for com.autovw.advancednetherite.common.loot.OreDropsLootModifier
[24Jun2026 11:52:58.677] [Server thread/WARN] [com.yanny.ali.neoforge.plugin.NeoForgePlugin/]: Missing GLM for twilightforest.loot.modifiers.GiantToolGroupingModifier
[24Jun2026 11:52:58.677] [Server thread/WARN] [com.yanny.ali.neoforge.plugin.NeoForgePlugin/]: Missing GLM for com.soytutta.mynethersdelight.common.loot.MNDEspecialLootModifier
[24Jun2026 11:52:58.677] [Server thread/WARN] [com.yanny.ali.neoforge.plugin.NeoForgePlugin/]: Missing GLM for com.autovw.advancednetherite.common.loot.MobDropsLootModifier
[24Jun2026 11:52:58.678] [Server thread/WARN] [com.yanny.ali.neoforge.plugin.NeoForgePlugin/]: Missing GLM for com.aetherteam.aether.loot.modifiers.DoubleDropsModifier
[24Jun2026 11:52:58.678] [Server thread/WARN] [com.yanny.ali.neoforge.plugin.NeoForgePlugin/]: Missing GLM for com.aetherteam.aether.loot.modifiers.GlovesLootModifier
[24Jun2026 11:52:58.678] [Server thread/WARN] [com.yanny.ali.neoforge.plugin.NeoForgePlugin/]: Missing GLM for com.github.alexthe666.alexsmobs.misc.BananaLootModifier
[24Jun2026 11:52:58.679] [Server thread/WARN] [com.yanny.ali.neoforge.plugin.NeoForgePlugin/]: Missing GLM for dev.hybridlabs.aquatic.loot.HAGlobalLootModifier
[24Jun2026 11:52:58.680] [Server thread/WARN] [com.yanny.ali.neoforge.plugin.NeoForgePlugin/]: Missing GLM for com.github.alexthe666.alexsmobs.misc.AncientDartLootModifier
[24Jun2026 11:52:58.680] [Server thread/WARN] [com.yanny.ali.neoforge.plugin.NeoForgePlugin/]: Missing GLM for com.aetherteam.nitrogen.loot.modifiers.AddDungeonLootModifier
[24Jun2026 11:52:58.681] [Server thread/WARN] [com.yanny.ali.neoforge.plugin.NeoForgePlugin/]: Missing GLM for io.github.razordevs.deep_aether.datagen.loot.modifiers.DAFishingLootModifier
[24Jun2026 11:52:58.681] [Server thread/WARN] [com.yanny.ali.neoforge.plugin.NeoForgePlugin/]: Missing GLM for twilightforest.loot.modifiers.FieryToolSmeltingModifier
[24Jun2026 11:52:58.681] [Server thread/INFO] [com.yanny.ali.manager.AliServerRegistry/]: Registered 95 loot modifiers
[24Jun2026 11:52:58.681] [Server thread/INFO] [com.yanny.aci.manager.CorePluginManager/]: Registering server plugin data finished
[24Jun2026 11:52:58.682] [Server thread/INFO] [com.yanny.ali.network.AbstractServer/]: Started reading loot info
[24Jun2026 11:53:03.266] [Server thread/WARN] [mixinsquared-canceller/]: Cancelled mixin top.theillusivec4.curios.mixin.core.MixinPiglinAi. Check debug logs for more information.
[24Jun2026 11:53:04.150] [Server thread/WARN] [com.yanny.ali.manager.AliCommonRegistry/]: Failed to create entity dragonloot:dragon_trident: Cannot invoke "net.minecraft.world.item.ItemStack.copy()" because "this.tridentStack" is null
[24Jun2026 11:53:06.412] [Server thread/WARN] [com.yanny.ali.network.AbstractServer/]: Failed to parse loot table aether:selectors/evil_whirlwind_junk with error java.lang.IllegalArgumentException: Can not set net.minecraft.world.entity.EntityType field com.yanny.ali.plugin.mods.aether.functions.WhirlwindSpawnEntity.entityType to net.minecraft.advancements.critereon.EntityTypePredicate
java.lang.IllegalStateException: java.lang.IllegalArgumentException: Can not set net.minecraft.world.entity.EntityType field com.yanny.ali.plugin.mods.aether.functions.WhirlwindSpawnEntity.entityType to net.minecraft.advancements.critereon.EntityTypePredicate
	at TRANSFORMER/ali@1.9.1/com.yanny.ali.plugin.mods.ReflectionUtils.copyClassData(ReflectionUtils.java:59) ~[AdvancedLootInfo-neoforge-1.21.1-1.10.0.jar%23416!/:?]
	at TRANSFORMER/ali@1.9.1/com.yanny.ali.plugin.mods.PluginUtils.lambda$registerFunctionTooltip$3(PluginUtils.java:91) ~[AdvancedLootInfo-neoforge-1.21.1-1.10.0.jar%23416!/:?]
	at TRANSFORMER/ali@1.9.1/com.yanny.ali.manager.AliServerRegistry.lambda$registerFunctionTooltip$2(AliServerRegistry.java:138) ~[AdvancedLootInfo-neoforge-1.21.1-1.10.0.jar%23416!/:?]
	at TRANSFORMER/ali@1.9.1/com.yanny.ali.manager.AliServerRegistry.lambda$getFunctionTooltip$19(AliServerRegistry.java:236) ~[AdvancedLootInfo-neoforge-1.21.1-1.10.0.jar%23416!/:?]
	at java.base/java.util.Optional.map(Optional.java:260) ~[?:?]
	at TRANSFORMER/ali@1.9.1/com.yanny.ali.manager.AliServerRegistry.getFunctionTooltip(AliServerRegistry.java:236) ~[AdvancedLootInfo-neoforge-1.21.1-1.10.0.jar%23416!/:?]
	at TRANSFORMER/ali@1.9.1/com.yanny.ali.plugin.server.GenericTooltipUtils.getFunctionListTooltip(GenericTooltipUtils.java:233) ~[AdvancedLootInfo-neoforge-1.21.1-1.10.0.jar%23416!/:?]
	at TRANSFORMER/ali@1.9.1/com.yanny.ali.plugin.server.GenericTooltipUtils.getFunctionsTooltip(GenericTooltipUtils.java:244) ~[AdvancedLootInfo-neoforge-1.21.1-1.10.0.jar%23416!/:?]
	at TRANSFORMER/ali@1.9.1/com.yanny.ali.plugin.server.EntryTooltipUtils.getTooltip(EntryTooltipUtils.java:93) ~[AdvancedLootInfo-neoforge-1.21.1-1.10.0.jar%23416!/:?]
	at TRANSFORMER/ali@1.9.1/com.yanny.ali.plugin.common.NodeUtils.getItemNode(NodeUtils.java:51) ~[AdvancedLootInfo-neoforge-1.21.1-1.10.0.jar%23416!/:?]
	at TRANSFORMER/ali@1.9.1/com.yanny.ali.plugin.common.NodeUtils.getItemNode(NodeUtils.java:35) ~[AdvancedLootInfo-neoforge-1.21.1-1.10.0.jar%23416!/:?]
	at TRANSFORMER/ali@1.9.1/com.yanny.ali.plugin.common.NodeUtils.lambda$getChildren$3(NodeUtils.java:198) ~[AdvancedLootInfo-neoforge-1.21.1-1.10.0.jar%23416!/:?]
	at java.base/java.util.stream.ReferencePipeline$3$1.accept(ReferencePipeline.java:197) ~[?:?]
	at java.base/java.util.AbstractList$RandomAccessSpliterator.forEachRemaining(AbstractList.java:722) ~[?:?]
	at java.base/java.util.stream.AbstractPipeline.copyInto(AbstractPipeline.java:509) ~[?:?]
	at java.base/java.util.stream.AbstractPipeline.wrapAndCopyInto(AbstractPipeline.java:499) ~[?:?]
	at java.base/java.util.stream.AbstractPipeline.evaluate(AbstractPipeline.java:575) ~[?:?]
	at java.base/java.util.stream.AbstractPipeline.evaluateToArrayNode(AbstractPipeline.java:260) ~[?:?]
	at java.base/java.util.stream.ReferencePipeline.toArray(ReferencePipeline.java:616) ~[?:?]
	at java.base/java.util.stream.ReferencePipeline.toArray(ReferencePipeline.java:622) ~[?:?]
	at java.base/java.util.stream.ReferencePipeline.toList(ReferencePipeline.java:627) ~[?:?]
	at TRANSFORMER/ali@1.9.1/com.yanny.ali.plugin.common.NodeUtils.getChildren(NodeUtils.java:198) ~[AdvancedLootInfo-neoforge-1.21.1-1.10.0.jar%23416!/:?]
	at TRANSFORMER/ali@1.9.1/com.yanny.ali.plugin.common.NodeUtils.getLootPoolNode(NodeUtils.java:147) ~[AdvancedLootInfo-neoforge-1.21.1-1.10.0.jar%23416!/:?]
	at TRANSFORMER/ali@1.9.1/com.yanny.ali.plugin.common.NodeUtils.lambda$getLootTableNode$2(NodeUtils.java:169) ~[AdvancedLootInfo-neoforge-1.21.1-1.10.0.jar%23416!/:?]
	at java.base/java.util.stream.ReferencePipeline$3$1.accept(ReferencePipeline.java:197) ~[?:?]
	at java.base/java.util.ArrayList$ArrayListSpliterator.forEachRemaining(ArrayList.java:1708) ~[?:?]
	at java.base/java.util.stream.AbstractPipeline.copyInto(AbstractPipeline.java:509) ~[?:?]
	at java.base/java.util.stream.AbstractPipeline.wrapAndCopyInto(AbstractPipeline.java:499) ~[?:?]
	at java.base/java.util.stream.AbstractPipeline.evaluate(AbstractPipeline.java:575) ~[?:?]
	at java.base/java.util.stream.AbstractPipeline.evaluateToArrayNode(AbstractPipeline.java:260) ~[?:?]
	at java.base/java.util.stream.ReferencePipeline.toArray(ReferencePipeline.java:616) ~[?:?]
	at java.base/java.util.stream.ReferencePipeline.toArray(ReferencePipeline.java:622) ~[?:?]
	at java.base/java.util.stream.ReferencePipeline.toList(ReferencePipeline.java:627) ~[?:?]
	at TRANSFORMER/ali@1.9.1/com.yanny.ali.plugin.common.NodeUtils.getLootTableNode(NodeUtils.java:169) ~[AdvancedLootInfo-neoforge-1.21.1-1.10.0.jar%23416!/:?]
	at TRANSFORMER/ali@1.9.1/com.yanny.ali.manager.AliServerRegistry.parseTable(AliServerRegistry.java:397) ~[AdvancedLootInfo-neoforge-1.21.1-1.10.0.jar%23416!/:?]
	at TRANSFORMER/ali@1.9.1/com.yanny.ali.network.AbstractServer.processLootTables(AbstractServer.java:346) ~[AdvancedLootInfo-neoforge-1.21.1-1.10.0.jar%23416!/:?]
	at TRANSFORMER/ali@1.9.1/com.yanny.ali.network.AbstractServer.readLootTables(AbstractServer.java:100) ~[AdvancedLootInfo-neoforge-1.21.1-1.10.0.jar%23416!/:?]
	at TRANSFORMER/ali@1.9.1/com.yanny.ali.neoforge.NeoForgeCommonBusSubscriber.onServerStarting(NeoForgeCommonBusSubscriber.java:16) ~[AdvancedLootInfo-neoforge-1.21.1-1.10.0.jar%23416!/:?]
	at MC-BOOTSTRAP/net.neoforged.bus/net.neoforged.bus.EventBus.post(EventBus.java:360) ~[bus-8.0.5.jar%2362!/:?]
	at MC-BOOTSTRAP/net.neoforged.bus/net.neoforged.bus.EventBus.post(EventBus.java:328) ~[bus-8.0.5.jar%2362!/:?]
	at TRANSFORMER/neoforge@21.1.228/net.neoforged.neoforge.server.ServerLifecycleHooks.handleServerStarting(ServerLifecycleHooks.java:109) ~[neoforge-21.1.228-universal.jar%23409!/:?]
	at TRANSFORMER/minecraft@1.21.1/net.minecraft.server.dedicated.DedicatedServer.initServer(DedicatedServer.java:230) ~[server-1.21.1-20240808.144430-srg.jar%23408!/:?]
	at TRANSFORMER/minecraft@1.21.1/net.minecraft.server.MinecraftServer.runServer(MinecraftServer.java:670) ~[server-1.21.1-20240808.144430-srg.jar%23408!/:?]
	at TRANSFORMER/minecraft@1.21.1/net.minecraft.server.MinecraftServer.lambda$spin$2(MinecraftServer.java:267) ~[server-1.21.1-20240808.144430-srg.jar%23408!/:?]
	at java.base/java.lang.Thread.run(Thread.java:1583) [?:?]
Caused by: java.lang.IllegalArgumentException: Can not set net.minecraft.world.entity.EntityType field com.yanny.ali.plugin.mods.aether.functions.WhirlwindSpawnEntity.entityType to net.minecraft.advancements.critereon.EntityTypePredicate
	at java.base/jdk.internal.reflect.FieldAccessorImpl.throwSetIllegalArgumentException(FieldAccessorImpl.java:228) ~[?:?]
	at java.base/jdk.internal.reflect.FieldAccessorImpl.throwSetIllegalArgumentException(FieldAccessorImpl.java:232) ~[?:?]
	at java.base/jdk.internal.reflect.MethodHandleObjectFieldAccessorImpl.set(MethodHandleObjectFieldAccessorImpl.java:115) ~[?:?]
	at java.base/java.lang.reflect.Field.set(Field.java:836) ~[?:?]
	at TRANSFORMER/ali@1.9.1/com.yanny.ali.plugin.mods.ReflectionUtils.copyClassData(ReflectionUtils.java:43) ~[AdvancedLootInfo-neoforge-1.21.1-1.10.0.jar%23416!/:?]
	... 44 more
[24Jun2026 11:53:09.117] [Server thread/INFO] [com.yanny.ali.network.AbstractServer/]: Skipped 177 empty or hidden loot tables and 59 injected loot tables
[24Jun2026 11:53:09.122] [Server thread/WARN] [com.yanny.ali.network.AbstractServer/]: Failed to parse trade for villager minecraft:fisherman with error class net.minecraft.resources.ResourceKey cannot be cast to class net.minecraft.world.entity.npc.VillagerType (net.minecraft.resources.ResourceKey and net.minecraft.world.entity.npc.VillagerType are in module minecraft@1.21.1 of loader 'TRANSFORMER' @192ecf8)
java.lang.ClassCastException: class net.minecraft.resources.ResourceKey cannot be cast to class net.minecraft.world.entity.npc.VillagerType (net.minecraft.resources.ResourceKey and net.minecraft.world.entity.npc.VillagerType are in module minecraft@1.21.1 of loader 'TRANSFORMER' @192ecf8)
	at TRANSFORMER/ali@1.9.1/com.yanny.ali.plugin.common.trades.EmeraldsForVillagerTypeItemNode.getSubTrades(EmeraldsForVillagerTypeItemNode.java:28) ~[AdvancedLootInfo-neoforge-1.21.1-1.10.0.jar%23416!/:?]
	at TRANSFORMER/ali@1.9.1/com.yanny.ali.plugin.common.trades.EmeraldsForVillagerTypeItemNode.getSubTrades(EmeraldsForVillagerTypeItemNode.java:18) ~[AdvancedLootInfo-neoforge-1.21.1-1.10.0.jar%23416!/:?]
	at TRANSFORMER/ali@1.9.1/com.yanny.ali.plugin.common.trades.SubTradesNode.<init>(SubTradesNode.java:19) ~[AdvancedLootInfo-neoforge-1.21.1-1.10.0.jar%23416!/:?]
	at TRANSFORMER/ali@1.9.1/com.yanny.ali.plugin.common.trades.EmeraldsForVillagerTypeItemNode.<init>(EmeraldsForVillagerTypeItemNode.java:20) ~[AdvancedLootInfo-neoforge-1.21.1-1.10.0.jar%23416!/:?]
	at TRANSFORMER/ali@1.9.1/com.yanny.ali.manager.AliServerRegistry.lambda$registerItemListing$13(AliServerRegistry.java:200) ~[AdvancedLootInfo-neoforge-1.21.1-1.10.0.jar%23416!/:?]
	at TRANSFORMER/ali@1.9.1/com.yanny.ali.manager.AliServerRegistry.lambda$getItemListing$36(AliServerRegistry.java:320) ~[AdvancedLootInfo-neoforge-1.21.1-1.10.0.jar%23416!/:?]
	at java.base/java.util.Optional.map(Optional.java:260) ~[?:?]
	at TRANSFORMER/ali@1.9.1/com.yanny.ali.manager.AliServerRegistry.getItemListing(AliServerRegistry.java:320) ~[AdvancedLootInfo-neoforge-1.21.1-1.10.0.jar%23416!/:?]
	at TRANSFORMER/ali@1.9.1/com.yanny.ali.plugin.common.trades.TradeLevelNode.<init>(TradeLevelNode.java:25) ~[AdvancedLootInfo-neoforge-1.21.1-1.10.0.jar%23416!/:?]
	at TRANSFORMER/ali@1.9.1/com.yanny.ali.plugin.common.trades.TradeNode.<init>(TradeNode.java:29) ~[AdvancedLootInfo-neoforge-1.21.1-1.10.0.jar%23416!/:?]
	at TRANSFORMER/ali@1.9.1/com.yanny.ali.manager.AliServerRegistry.parseTrade(AliServerRegistry.java:405) ~[AdvancedLootInfo-neoforge-1.21.1-1.10.0.jar%23416!/:?]
	at TRANSFORMER/ali@1.9.1/com.yanny.ali.network.AbstractServer.processTrades(AbstractServer.java:390) ~[AdvancedLootInfo-neoforge-1.21.1-1.10.0.jar%23416!/:?]
	at TRANSFORMER/ali@1.9.1/com.yanny.ali.network.AbstractServer.readLootTables(AbstractServer.java:104) ~[AdvancedLootInfo-neoforge-1.21.1-1.10.0.jar%23416!/:?]
	at TRANSFORMER/ali@1.9.1/com.yanny.ali.neoforge.NeoForgeCommonBusSubscriber.onServerStarting(NeoForgeCommonBusSubscriber.java:16) ~[AdvancedLootInfo-neoforge-1.21.1-1.10.0.jar%23416!/:?]
	at MC-BOOTSTRAP/net.neoforged.bus/net.neoforged.bus.EventBus.post(EventBus.java:360) ~[bus-8.0.5.jar%2362!/:?]
	at MC-BOOTSTRAP/net.neoforged.bus/net.neoforged.bus.EventBus.post(EventBus.java:328) ~[bus-8.0.5.jar%2362!/:?]
	at TRANSFORMER/neoforge@21.1.228/net.neoforged.neoforge.server.ServerLifecycleHooks.handleServerStarting(ServerLifecycleHooks.java:109) ~[neoforge-21.1.228-universal.jar%23409!/:?]
	at TRANSFORMER/minecraft@1.21.1/net.minecraft.server.dedicated.DedicatedServer.initServer(DedicatedServer.java:230) ~[server-1.21.1-20240808.144430-srg.jar%23408!/:?]
	at TRANSFORMER/minecraft@1.21.1/net.minecraft.server.MinecraftServer.runServer(MinecraftServer.java:670) ~[server-1.21.1-20240808.144430-srg.jar%23408!/:?]
	at TRANSFORMER/minecraft@1.21.1/net.minecraft.server.MinecraftServer.lambda$spin$2(MinecraftServer.java:267) ~[server-1.21.1-20240808.144430-srg.jar%23408!/:?]
	at java.base/java.lang.Thread.run(Thread.java:1583) [?:?]
[24Jun2026 11:53:09.146] [Server thread/WARN] [com.yanny.ali.network.AbstractServer/]: No trades defined for minecraft:nitwit
[24Jun2026 11:53:09.150] [Server thread/WARN] [com.yanny.ali.network.AbstractServer/]: No trades defined for minecraft:none
[24Jun2026 11:53:09.153] [Server thread/INFO] [com.yanny.ali.network.AbstractServer/]: Processing 6333 loot tables, 17 fake loot tables and 26 trades took 10471ms
[24Jun2026 11:53:11.029] [Server thread/INFO] [com.yanny.ali.network.AbstractServer/]: Compressed loot data (21.56 MB -> 1.23 MB) and stored in 40 chunk(s)
[24Jun2026 11:53:11.030] [Server thread/WARN] [com.yanny.aci.manager.ManagedRegistry/]: Missing entry factories for net.mehvahdjukaar.moonlight.core.loot.OptionalItemPoolEntry
[24Jun2026 11:53:11.031] [Server thread/WARN] [com.yanny.aci.manager.ManagedRegistry/]: Missing number converters for twilightforest.loot.MultiplayerBasedNumberProvider
[24Jun2026 11:53:11.031] [Server thread/WARN] [com.yanny.aci.manager.ManagedRegistry/]: Missing trade item listings for com.faboslav.friendsandfoes.common.util.BasicItemTrade
[24Jun2026 11:53:11.031] [Server thread/WARN] [com.yanny.aci.manager.ManagedRegistry/]: Missing trade item listings for net.mehvahdjukaar.sawmill.trades.LogStrippingListing
[24Jun2026 11:53:11.031] [Server thread/WARN] [com.yanny.aci.manager.ManagedRegistry/]: Missing trade item listings for net.neoforged.neoforge.common.BasicItemListing
[24Jun2026 11:53:11.031] [Server thread/WARN] [com.yanny.aci.manager.ManagedRegistry/]: Missing trade item listings for com.github.alexthe666.alexsmobs.misc.ItemsForEmeraldsTrade
[24Jun2026 11:53:11.031] [Server thread/WARN] [com.yanny.aci.manager.ManagedRegistry/]: Missing trade item listings for net.mehvahdjukaar.sawmill.trades.BiomeWoodToItemListing
[24Jun2026 11:53:11.031] [Server thread/WARN] [com.yanny.aci.manager.ManagedRegistry/]: Missing trade item listings for com.github.alexthe666.alexsmobs.misc.EmeraldsForItemsTrade
[24Jun2026 11:53:11.031] [Server thread/WARN] [com.yanny.aci.manager.ManagedRegistry/]: Missing trade item listings for net.mehvahdjukaar.sawmill.trades.RandomWoodToItemListing
[24Jun2026 11:53:11.032] [Server thread/WARN] [com.yanny.aci.manager.ManagedRegistry/]: Missing trade item listings for baguchan.revampedwolf.event.WolfTradeEvent$WolfArmorItemsForEmeralds
[24Jun2026 11:53:11.032] [Server thread/WARN] [com.yanny.aci.manager.ManagedRegistry/]: Missing trade item listings for net.mehvahdjukaar.moonlight.api.trades.SimpleItemListing
[24Jun2026 11:53:11.032] [Server thread/WARN] [com.yanny.aci.manager.ManagedRegistry/]: Missing trade item listings for com.frikinjay.villagerapi.villagerpack.VillagerPackCodecs$1
[24Jun2026 11:53:11.032] [Server thread/WARN] [com.yanny.aci.manager.ManagedRegistry/]: Missing function tooltips for tallestred.piglinproliferation.common.loot.AddLocationToCompassFunction
[24Jun2026 11:53:11.032] [Server thread/WARN] [com.yanny.aci.manager.ManagedRegistry/]: Missing function tooltips for twilightforest.loot.MultiplayerBasedAdditionLootFunction
[24Jun2026 11:53:11.032] [Server thread/WARN] [com.yanny.aci.manager.ManagedRegistry/]: Missing function tooltips for com.bobmowzie.mowziesmobs.server.loot.LootFunctionGrottolDeathType
[24Jun2026 11:53:11.032] [Server thread/WARN] [com.yanny.aci.manager.ManagedRegistry/]: Missing condition tooltips for twilightforest.loot.conditions.IsMinionCondition
[24Jun2026 11:53:11.032] [Server thread/WARN] [com.yanny.aci.manager.ManagedRegistry/]: Missing condition tooltips for com.bobmowzie.mowziesmobs.server.loot.LootConditionElokosaNightForm
[24Jun2026 11:53:11.033] [Server thread/WARN] [com.yanny.aci.manager.ManagedRegistry/]: Missing condition tooltips for tallestred.piglinproliferation.common.loot.CompassCanFindLocationCondition
[24Jun2026 11:53:11.033] [Server thread/WARN] [com.yanny.aci.manager.ManagedRegistry/]: Missing condition tooltips for twilightforest.loot.conditions.UncraftingTableEnabledCondition
[24Jun2026 11:53:11.038] [Server thread/WARN] [com.yanny.aci.manager.ManagedRegistry/]: Missing condition tooltips for net.mehvahdjukaar.moonlight.core.loot.ResourceLootItemCondition
[24Jun2026 11:53:11.038] [Server thread/WARN] [com.yanny.aci.manager.ManagedRegistry/]: Missing condition tooltips for gardensofthedead.loot.MatchShears
[24Jun2026 11:53:11.038] [Server thread/WARN] [com.yanny.aci.manager.ManagedRegistry/]: Missing condition tooltips for com.bobmowzie.mowziesmobs.server.loot.LootConditionMoonPhase
[24Jun2026 11:53:11.038] [Server thread/WARN] [com.yanny.aci.manager.ManagedRegistry/]: Missing condition tooltips for com.bobmowzie.mowziesmobs.server.loot.LootConditionFrostmawHasCrystal
[24Jun2026 11:53:11.038] [Server thread/WARN] [com.yanny.aci.manager.ManagedRegistry/]: Missing value tooltips for net.minecraft.world.item.trading.ItemCost
[24Jun2026 11:53:11.038] [Server thread/WARN] [com.yanny.aci.manager.ManagedRegistry/]: Missing value tooltips for com.mojang.datafixers.util.Either$Left
[24Jun2026 11:53:11.038] [Server thread/WARN] [com.yanny.aci.manager.ManagedRegistry/]: Missing value tooltips for net.mehvahdjukaar.sawmill.trades.BiomeToWoodList
[24Jun2026 11:53:11.039] [Server thread/WARN] [com.yanny.aci.manager.ManagedRegistry/]: Missing data component type tooltips for deep_aether:moa_fodder
[24Jun2026 11:53:11.043] [Server thread/INFO] [xaero.map.WorldMap/]: Registered synced player tracker system: ftb_teams
[24Jun2026 11:53:11.047] [Server thread/INFO] [com.axedgaming.endersdelight.EndersDelight/]: HELLO from server starting
[24Jun2026 11:53:11.117] [Server thread/INFO] [com.misterxycb.horsebreedingfix.HorseBreedingFix/]: Initialized horse-breeding-fix!
[24Jun2026 11:53:11.144] [Server thread/INFO] [FTB Quests/]: Loading quests from /home/ubuntu/bettermc/config/ftbquests/quests
[24Jun2026 11:53:11.170] [Server thread/INFO] [FTB Quests/]: loaded translation tables for 2 language(s)
[24Jun2026 11:53:11.399] [Server thread/INFO] [FTB Quests/]: Loaded 3 chapter groups, 12 chapters, 132 quests, 3 reward tables
[24Jun2026 11:53:11.412] [Server thread/INFO] [nanny/]: NaNny hired!
[24Jun2026 11:53:12.087] [Server thread/WARN] [biolith/]: More than one Overworld dimension world created; cowardly ignoring 'minecraft:server_faucet_test_level' in favor of 'minecraft:overworld'
[24Jun2026 11:53:12.466] [Server thread/INFO] [com.cupboard.Cupboard/]: Loaded config for: chunksending.json
[24Jun2026 11:53:12.550] [C2ME Storage #21/INFO] [C2ME Storage/]: Storage thread Thread[#138,C2ME Storage #21,5,SERVER] stopped
[24Jun2026 11:53:12.551] [C2ME Storage #20/INFO] [C2ME Storage/]: Storage thread Thread[#137,C2ME Storage #20,5,SERVER] stopped
[24Jun2026 11:53:12.551] [C2ME Storage #19/INFO] [C2ME Storage/]: Storage thread Thread[#136,C2ME Storage #19,5,SERVER] stopped
[24Jun2026 11:53:22.833] [Server thread/WARN] [biolith/]: More than one Overworld dimension world created; cowardly ignoring 'minecraft:server_projectile_test_level' in favor of 'minecraft:overworld'
[24Jun2026 11:53:22.836] [Server thread/INFO] [underlay/]: Loading overlays for world: minecraft:overworld
[24Jun2026 11:53:22.838] [Server thread/INFO] [underlay/]: No existing overlay save file found
[24Jun2026 11:53:22.838] [Server thread/INFO] [underlay/]: Loaded 0 overlays for dimension minecraft:overworld
[24Jun2026 11:53:22.841] [Server thread/INFO] [underlay/]: Loading overlays for world: aether:the_aether
[24Jun2026 11:53:22.842] [Server thread/INFO] [underlay/]: No existing overlay save file found
[24Jun2026 11:53:22.842] [Server thread/INFO] [underlay/]: Loaded 0 overlays for dimension aether:the_aether
[24Jun2026 11:53:22.843] [Server thread/INFO] [underlay/]: Loading overlays for world: deeperdarker:otherside
[24Jun2026 11:53:22.843] [Server thread/INFO] [underlay/]: No existing overlay save file found
[24Jun2026 11:53:22.843] [Server thread/INFO] [underlay/]: Loaded 0 overlays for dimension deeperdarker:otherside
[24Jun2026 11:53:22.844] [Server thread/INFO] [underlay/]: Loading overlays for world: minecraft:the_end
[24Jun2026 11:53:22.844] [Server thread/INFO] [underlay/]: No existing overlay save file found
[24Jun2026 11:53:22.845] [Server thread/INFO] [underlay/]: Loaded 0 overlays for dimension minecraft:the_end
[24Jun2026 11:53:22.845] [Server thread/INFO] [underlay/]: Loading overlays for world: minecraft:the_nether
[24Jun2026 11:53:22.845] [Server thread/INFO] [underlay/]: No existing overlay save file found
[24Jun2026 11:53:22.846] [Server thread/INFO] [underlay/]: Loaded 0 overlays for dimension minecraft:the_nether
[24Jun2026 11:53:22.846] [Server thread/INFO] [underlay/]: Loading overlays for world: twilightforest:twilight_forest
[24Jun2026 11:53:22.846] [Server thread/INFO] [underlay/]: No existing overlay save file found
[24Jun2026 11:53:22.847] [Server thread/INFO] [underlay/]: Loaded 0 overlays for dimension twilightforest:twilight_forest
[24Jun2026 11:53:22.849] [Server thread/INFO] [villagerapi/]: Applied 10 gifts from packs
[24Jun2026 11:53:22.849] [Server thread/INFO] [villagerapi/]: VillagerAPI initialization complete!
[24Jun2026 11:53:22.853] [Server thread/INFO] [com.cupboard.Cupboard/]: Loaded config for: smoothchunk.json
[24Jun2026 11:53:22.854] [Server thread/INFO] [com.cupboard.Cupboard/]: Loaded config for: biomemusic.json
[24Jun2026 11:53:22.868] [Server thread/INFO] [patchouli/]: Sending reload packet to clients
[24Jun2026 11:53:22.871] [Server thread/WARN] [ModernFix/]: Dedicated server took 123.549 seconds to load
[24Jun2026 11:53:23.056] [Server thread/INFO] [neruina/]: No blacklist files found, skipping blacklist loading
[24Jun2026 11:53:23.455] [Server thread/INFO] [Chunk Activity Tracker/]: Loading data for 15 chunks for filePath './world/chunk_activity_info/overworld.dat' took 9 milliseconds
[24Jun2026 11:53:23.464] [Server thread/INFO] [Chunk Activity Tracker/]: Saving data for 15 chunks for dimension 'overworld' took 4 milliseconds
[24Jun2026 11:53:23.507] [Server thread/INFO] [com.cupboard.Cupboard/]: Loaded config for: smoothmovement.json
[24Jun2026 11:53:27.582] [Server thread/INFO] [net.minecraft.server.players.PlayerList/]: SaniMati[/84.115.237.241:18473] logged in with entity id 901 at (0.5, 86.0, -3.5)
[24Jun2026 11:53:34.051] [Server thread/INFO] [net.minecraft.advancements.AdvancementTree/]: Loaded 6460 advancements
[24Jun2026 11:53:34.051] [Server thread/INFO] [net.minecraft.advancements.AdvancementTree/]: Loaded 6461 advancements
[24Jun2026 11:53:34.054] [Server thread/INFO] [net.minecraft.advancements.AdvancementTree/]: Loaded 6462 advancements
[24Jun2026 11:53:34.055] [Server thread/INFO] [net.minecraft.advancements.AdvancementTree/]: Loaded 6463 advancements
[24Jun2026 11:53:34.055] [Server thread/INFO] [net.minecraft.advancements.AdvancementTree/]: Loaded 6464 advancements
[24Jun2026 11:53:34.056] [Server thread/INFO] [net.minecraft.advancements.AdvancementTree/]: Loaded 6465 advancements
[24Jun2026 11:53:34.058] [Server thread/INFO] [net.minecraft.advancements.AdvancementTree/]: Loaded 6466 advancements
[24Jun2026 11:53:34.058] [Server thread/INFO] [net.minecraft.advancements.AdvancementTree/]: Loaded 6467 advancements
[24Jun2026 11:53:34.058] [Server thread/INFO] [net.minecraft.advancements.AdvancementTree/]: Loaded 6468 advancements
[24Jun2026 11:53:34.058] [Server thread/INFO] [net.minecraft.advancements.AdvancementTree/]: Loaded 6469 advancements
[24Jun2026 11:53:34.059] [Server thread/INFO] [net.minecraft.advancements.AdvancementTree/]: Loaded 6470 advancements
[24Jun2026 11:53:34.059] [Server thread/INFO] [net.minecraft.advancements.AdvancementTree/]: Loaded 6471 advancements
[24Jun2026 11:53:34.059] [Server thread/INFO] [net.minecraft.advancements.AdvancementTree/]: Loaded 6472 advancements
[24Jun2026 11:53:34.059] [Server thread/INFO] [net.minecraft.advancements.AdvancementTree/]: Loaded 6473 advancements
[24Jun2026 11:53:34.059] [Server thread/INFO] [net.minecraft.advancements.AdvancementTree/]: Loaded 6474 advancements
[24Jun2026 11:53:34.061] [Server thread/INFO] [net.minecraft.advancements.AdvancementTree/]: Loaded 6475 advancements
[24Jun2026 11:53:34.062] [Server thread/INFO] [net.minecraft.advancements.AdvancementTree/]: Loaded 6476 advancements
[24Jun2026 11:53:34.062] [Server thread/INFO] [net.minecraft.advancements.AdvancementTree/]: Loaded 6477 advancements
[24Jun2026 11:53:34.062] [Server thread/INFO] [net.minecraft.advancements.AdvancementTree/]: Loaded 6478 advancements
[24Jun2026 11:53:34.062] [Server thread/INFO] [net.minecraft.advancements.AdvancementTree/]: Loaded 6479 advancements
[24Jun2026 11:53:34.063] [Server thread/INFO] [net.minecraft.advancements.AdvancementTree/]: Loaded 6480 advancements
[24Jun2026 11:53:34.063] [Server thread/INFO] [net.minecraft.advancements.AdvancementTree/]: Loaded 6481 advancements
[24Jun2026 11:53:34.261] [Server thread/ERROR] [io.wispforest.lmft.LMFTCommon/]: [Load My F***ing Tags]: It seems that some tags are a bit cooked. Look at the Logs for more details on broken functions. 
[24Jun2026 11:53:34.326] [Server thread/INFO] [net.minecraft.server.MinecraftServer/]: SaniMati joined the game
[24Jun2026 11:53:34.378] [Server thread/INFO] [com.loadingprotection.LoadingProtectionMod/]: [LoadingProtection] onPlayerLogin event fired!
[24Jun2026 11:53:34.378] [Server thread/INFO] [com.loadingprotection.LoadingProtectionMod/]: [LoadingProtection] Player SaniMati logged in, protection active for 30 seconds
[24Jun2026 11:53:34.442] [Server thread/INFO] [xaero.pac.OpenPartiesAndClaims/]: Updating all forceload tickets for 6a5c0dae-9a72-4de6-a5cb-949d92d62a09
[24Jun2026 11:53:34.610] [Server thread/INFO] [com.yanny.ali.network.AbstractServer/]: Started syncing loot info to SaniMati
[24Jun2026 11:53:34.611] [Server thread/INFO] [com.yanny.ali.network.AbstractServer/]: Finished syncing loot info to SaniMati
[24Jun2026 11:53:34.615] [Server thread/INFO] [dmr/]: Player logged in, syncing server configs
[24Jun2026 11:53:34.694] [Server thread/WARN] [net.minecraft.server.MinecraftServer/]: Can't keep up! Is the server overloaded? Running 7418ms or 148 ticks behind
[24Jun2026 11:53:35.197] [Server thread/WARN] [mixin/]: @ModifyConstant conflict. Skipping packetfixer.v1_20_5.neoforge.mixins.json:v1_20_5_neoforge.ClientboundLevelChunkPacketDataMixin from mod packetfixer->@ModifyConstant::packetfixer$newSize(I)I with priority 1000, already redirected by connectivity.mixins.json:ClientBoundLevelChunkPacketDataLimitMixin from mod connectivity->@ModifyConstant::modifyLimit(I)I with priority 1000
[24Jun2026 11:53:35.269] [Server thread/INFO] [pingwheel/]: Channel update: SaniMati -> default
[24Jun2026 11:53:35.269] [Server thread/INFO] [com.b1n_ry.yigd.Yigd/]: Priority overwritten for player SaniMati. Claiming: GRAVE / Robbing: INVENTORY
[24Jun2026 11:53:35.516] [Server thread/INFO] [net.minecraft.server.players.PlayerList/]: kurama9410[/178.115.57.129:8126] logged in with entity id 902 at (-8.300299072112107, 90.0, 52.391915152721786)
[24Jun2026 11:53:35.608] [Server thread/INFO] [net.minecraft.advancements.AdvancementTree/]: Loaded 6481 advancements
[24Jun2026 11:53:35.611] [Server thread/INFO] [net.minecraft.advancements.AdvancementTree/]: Loaded 6481 advancements
[24Jun2026 11:53:35.611] [Server thread/INFO] [net.minecraft.advancements.AdvancementTree/]: Loaded 6481 advancements
[24Jun2026 11:53:35.611] [Server thread/INFO] [net.minecraft.advancements.AdvancementTree/]: Loaded 6481 advancements
[24Jun2026 11:53:35.612] [Server thread/INFO] [net.minecraft.advancements.AdvancementTree/]: Loaded 6481 advancements
[24Jun2026 11:53:35.614] [Server thread/INFO] [net.minecraft.advancements.AdvancementTree/]: Loaded 6481 advancements
[24Jun2026 11:53:35.615] [Server thread/INFO] [net.minecraft.advancements.AdvancementTree/]: Loaded 6481 advancements
[24Jun2026 11:53:35.615] [Server thread/INFO] [net.minecraft.advancements.AdvancementTree/]: Loaded 6481 advancements
[24Jun2026 11:53:35.615] [Server thread/INFO] [net.minecraft.advancements.AdvancementTree/]: Loaded 6481 advancements
[24Jun2026 11:53:35.617] [Server thread/INFO] [net.minecraft.advancements.AdvancementTree/]: Loaded 6481 advancements
[24Jun2026 11:53:35.617] [Server thread/INFO] [net.minecraft.advancements.AdvancementTree/]: Loaded 6481 advancements
[24Jun2026 11:53:35.617] [Server thread/INFO] [net.minecraft.advancements.AdvancementTree/]: Loaded 6481 advancements
[24Jun2026 11:53:35.617] [Server thread/INFO] [net.minecraft.advancements.AdvancementTree/]: Loaded 6481 advancements
[24Jun2026 11:53:35.618] [Server thread/INFO] [net.minecraft.advancements.AdvancementTree/]: Loaded 6481 advancements
[24Jun2026 11:53:35.618] [Server thread/INFO] [net.minecraft.advancements.AdvancementTree/]: Loaded 6481 advancements
[24Jun2026 11:53:35.620] [Server thread/INFO] [net.minecraft.advancements.AdvancementTree/]: Loaded 6481 advancements
[24Jun2026 11:53:35.620] [Server thread/INFO] [net.minecraft.advancements.AdvancementTree/]: Loaded 6481 advancements
[24Jun2026 11:53:35.623] [Server thread/INFO] [net.minecraft.advancements.AdvancementTree/]: Loaded 6481 advancements
[24Jun2026 11:53:35.623] [Server thread/INFO] [net.minecraft.advancements.AdvancementTree/]: Loaded 6481 advancements
[24Jun2026 11:53:35.623] [Server thread/INFO] [net.minecraft.advancements.AdvancementTree/]: Loaded 6481 advancements
[24Jun2026 11:53:35.623] [Server thread/INFO] [net.minecraft.advancements.AdvancementTree/]: Loaded 6481 advancements
[24Jun2026 11:53:35.624] [Server thread/INFO] [net.minecraft.advancements.AdvancementTree/]: Loaded 6481 advancements
[24Jun2026 11:53:35.923] [Server thread/ERROR] [io.wispforest.lmft.LMFTCommon/]: [Load My F***ing Tags]: It seems that some tags are a bit cooked. Look at the Logs for more details on broken functions. 
[24Jun2026 11:53:35.934] [Server thread/INFO] [net.minecraft.server.MinecraftServer/]: kurama9410 joined the game
[24Jun2026 11:53:35.948] [Server thread/INFO] [com.loadingprotection.LoadingProtectionMod/]: [LoadingProtection] onPlayerLogin event fired!
[24Jun2026 11:53:35.952] [Server thread/INFO] [com.loadingprotection.LoadingProtectionMod/]: [LoadingProtection] Player kurama9410 logged in, protection active for 30 seconds
[24Jun2026 11:53:35.988] [Server thread/INFO] [xaero.pac.OpenPartiesAndClaims/]: Updating all forceload tickets for c41031bc-2c05-49a1-b2ab-0796f416d66a
[24Jun2026 11:53:36.017] [Server thread/INFO] [com.yanny.ali.network.AbstractServer/]: Started syncing loot info to kurama9410
[24Jun2026 11:53:36.020] [Server thread/INFO] [com.yanny.ali.network.AbstractServer/]: Finished syncing loot info to kurama9410
[24Jun2026 11:53:36.022] [Server thread/INFO] [dmr/]: Player logged in, syncing server configs
[24Jun2026 11:53:36.292] [Server thread/INFO] [pingwheel/]: Channel update: kurama9410 -> default
[24Jun2026 11:53:36.296] [Server thread/INFO] [com.b1n_ry.yigd.Yigd/]: Priority overwritten for player kurama9410. Claiming: GRAVE / Robbing: INVENTORY
[24Jun2026 11:53:53.116] [Server thread/INFO] [com.loadingprotection.LoadingProtectionMod/]: Loading protection disabled because you moved. (player kurama9410)
[24Jun2026 11:53:54.228] [Server thread/WARN] [C2ME HookCompatibility/]: Certain optimizations may be disabled because ChunkDataEvent.Save is used by: [@SubscribeEvent: class dev.architectury.event.forge.EventHandlerImplCommon eventChunkDataEvent(Lnet/neoforged/neoforge/event/level/ChunkDataEvent$Save;)V]
[24Jun2026 11:53:58.472] [Server thread/INFO] [com.loadingprotection.LoadingProtectionMod/]: Loading protection disabled because you moved. (player SaniMati)
[24Jun2026 11:54:04.598] [Server thread/WARN] [net.minecraft.server.MinecraftServer/]: Can't keep up! Is the server overloaded? Running 14923ms or 298 ticks behind
[24Jun2026 11:54:07.702] [Server thread/INFO] [net.minecraft.server.network.ServerGamePacketListenerImpl/]: kurama9410 lost connection: Disconnected
[24Jun2026 11:54:07.703] [Server thread/INFO] [net.minecraft.server.MinecraftServer/]: kurama9410 left the game
[24Jun2026 11:54:07.707] [Server thread/INFO] [xaero.pac.OpenPartiesAndClaims/]: Updating all forceload tickets for c41031bc-2c05-49a1-b2ab-0796f416d66a
[24Jun2026 11:54:14.805] [User Authenticator #3/INFO] [net.minecraft.server.network.ServerLoginPacketListenerImpl/]: UUID of player kurama9410 is c41031bc-2c05-49a1-b2ab-0796f416d66a
[24Jun2026 11:54:19.741] [Server thread/INFO] [net.minecraft.server.players.PlayerList/]: kurama9410[/178.115.57.129:8072] logged in with entity id 1178 at (-5.663233459939634, 87.02442408821369, 18.280369177447355)
[24Jun2026 11:54:19.774] [Server thread/INFO] [net.minecraft.advancements.AdvancementTree/]: Loaded 6481 advancements
[24Jun2026 11:54:19.775] [Server thread/INFO] [net.minecraft.advancements.AdvancementTree/]: Loaded 6481 advancements
[24Jun2026 11:54:19.777] [Server thread/INFO] [net.minecraft.advancements.AdvancementTree/]: Loaded 6481 advancements
[24Jun2026 11:54:19.778] [Server thread/INFO] [net.minecraft.advancements.AdvancementTree/]: Loaded 6481 advancements
[24Jun2026 11:54:19.779] [Server thread/INFO] [net.minecraft.advancements.AdvancementTree/]: Loaded 6481 advancements
[24Jun2026 11:54:19.779] [Server thread/INFO] [net.minecraft.advancements.AdvancementTree/]: Loaded 6481 advancements
[24Jun2026 11:54:19.781] [Server thread/INFO] [net.minecraft.advancements.AdvancementTree/]: Loaded 6481 advancements
[24Jun2026 11:54:19.781] [Server thread/INFO] [net.minecraft.advancements.AdvancementTree/]: Loaded 6481 advancements
[24Jun2026 11:54:19.782] [Server thread/INFO] [net.minecraft.advancements.AdvancementTree/]: Loaded 6481 advancements
[24Jun2026 11:54:19.783] [Server thread/INFO] [net.minecraft.advancements.AdvancementTree/]: Loaded 6481 advancements
[24Jun2026 11:54:19.784] [Server thread/INFO] [net.minecraft.advancements.AdvancementTree/]: Loaded 6481 advancements
[24Jun2026 11:54:19.785] [Server thread/INFO] [net.minecraft.advancements.AdvancementTree/]: Loaded 6481 advancements
[24Jun2026 11:54:19.786] [Server thread/INFO] [net.minecraft.advancements.AdvancementTree/]: Loaded 6481 advancements
[24Jun2026 11:54:19.787] [Server thread/INFO] [net.minecraft.advancements.AdvancementTree/]: Loaded 6481 advancements
[24Jun2026 11:54:19.787] [Server thread/INFO] [net.minecraft.advancements.AdvancementTree/]: Loaded 6481 advancements
[24Jun2026 11:54:19.787] [Server thread/INFO] [net.minecraft.advancements.AdvancementTree/]: Loaded 6481 advancements
[24Jun2026 11:54:19.788] [Server thread/INFO] [net.minecraft.advancements.AdvancementTree/]: Loaded 6481 advancements
[24Jun2026 11:54:19.788] [Server thread/INFO] [net.minecraft.advancements.AdvancementTree/]: Loaded 6481 advancements
[24Jun2026 11:54:19.788] [Server thread/INFO] [net.minecraft.advancements.AdvancementTree/]: Loaded 6481 advancements
[24Jun2026 11:54:19.788] [Server thread/INFO] [net.minecraft.advancements.AdvancementTree/]: Loaded 6481 advancements
[24Jun2026 11:54:19.788] [Server thread/INFO] [net.minecraft.advancements.AdvancementTree/]: Loaded 6481 advancements
[24Jun2026 11:54:19.788] [Server thread/INFO] [net.minecraft.advancements.AdvancementTree/]: Loaded 6481 advancements
[24Jun2026 11:54:19.937] [Server thread/ERROR] [io.wispforest.lmft.LMFTCommon/]: [Load My F***ing Tags]: It seems that some tags are a bit cooked. Look at the Logs for more details on broken functions. 
[24Jun2026 11:54:19.950] [Server thread/INFO] [net.minecraft.server.MinecraftServer/]: kurama9410 joined the game
[24Jun2026 11:54:19.962] [Server thread/INFO] [com.loadingprotection.LoadingProtectionMod/]: [LoadingProtection] onPlayerLogin event fired!
[24Jun2026 11:54:19.962] [Server thread/INFO] [com.loadingprotection.LoadingProtectionMod/]: [LoadingProtection] Player kurama9410 logged in, protection active for 30 seconds
[24Jun2026 11:54:19.982] [Server thread/INFO] [xaero.pac.OpenPartiesAndClaims/]: Updating all forceload tickets for c41031bc-2c05-49a1-b2ab-0796f416d66a
[24Jun2026 11:54:20.002] [Server thread/INFO] [com.yanny.ali.network.AbstractServer/]: Started syncing loot info to kurama9410
[24Jun2026 11:54:20.002] [Server thread/INFO] [com.yanny.ali.network.AbstractServer/]: Finished syncing loot info to kurama9410
[24Jun2026 11:54:20.003] [Server thread/INFO] [dmr/]: Player logged in, syncing server configs
[24Jun2026 11:54:20.409] [Server thread/INFO] [pingwheel/]: Channel update: kurama9410 -> default
[24Jun2026 11:54:20.410] [Server thread/INFO] [com.b1n_ry.yigd.Yigd/]: Priority overwritten for player kurama9410. Claiming: GRAVE / Robbing: INVENTORY
[24Jun2026 11:54:28.216] [Server thread/INFO] [com.loadingprotection.LoadingProtectionMod/]: Loading protection disabled because you moved. (player kurama9410)
[24Jun2026 11:55:47.839] [c2me-worker-0/ERROR] [net.minecraft.world.item.ItemStack/]: Tried to load invalid item: 'Unknown registry key in ResourceKey[minecraft:root / minecraft:item]: aquaculture:box_turtle'
[24Jun2026 11:55:47.840] [c2me-worker-0/ERROR] [net.minecraft.world.item.ItemStack/]: Tried to load invalid item: 'Unknown registry key in ResourceKey[minecraft:root / minecraft:item]: aquaculture:turtle_soup'
[24Jun2026 11:55:47.845] [c2me-worker-0/ERROR] [net.minecraft.world.item.ItemStack/]: Tried to load invalid item: 'Unknown registry key in ResourceKey[minecraft:root / minecraft:item]: aquaculture:box_turtle'
[24Jun2026 11:55:47.851] [c2me-worker-0/WARN] [net.minecraft.world.entity.EntityType/]: Skipping Entity with id aquaculture:arrau_turtle
[24Jun2026 11:55:47.855] [c2me-worker-0/ERROR] [net.minecraft.world.item.ItemStack/]: Tried to load invalid item: 'Unknown registry key in ResourceKey[minecraft:root / minecraft:item]: aquaculture:box_turtle'
[24Jun2026 11:55:47.855] [c2me-worker-0/ERROR] [net.minecraft.world.item.ItemStack/]: Tried to load invalid item: 'Unknown registry key in ResourceKey[minecraft:root / minecraft:item]: aquaculture:starshell_turtle'
[24Jun2026 11:55:47.856] [c2me-worker-0/ERROR] [net.minecraft.world.item.ItemStack/]: Tried to load invalid item: 'Unknown registry key in ResourceKey[minecraft:root / minecraft:item]: aquaculture:arrau_turtle'
[24Jun2026 11:55:47.858] [c2me-worker-0/WARN] [net.minecraft.world.entity.EntityType/]: Skipping Entity with id aquaculture:box_turtle
[24Jun2026 11:55:47.858] [c2me-worker-0/WARN] [net.minecraft.world.entity.EntityType/]: Skipping Entity with id aquaculture:box_turtle
[24Jun2026 11:55:47.859] [c2me-worker-0/WARN] [net.minecraft.world.entity.EntityType/]: Skipping Entity with id aquaculture:box_turtle
[24Jun2026 11:55:47.859] [c2me-worker-0/WARN] [net.minecraft.world.entity.EntityType/]: Skipping Entity with id aquaculture:box_turtle
[24Jun2026 11:55:47.859] [c2me-worker-0/WARN] [net.minecraft.world.entity.EntityType/]: Skipping Entity with id aquaculture:box_turtle
[24Jun2026 11:55:47.859] [c2me-worker-0/WARN] [net.minecraft.world.entity.EntityType/]: Skipping Entity with id aquaculture:box_turtle
[24Jun2026 11:55:47.859] [c2me-worker-0/WARN] [net.minecraft.world.entity.EntityType/]: Skipping Entity with id aquaculture:box_turtle
[24Jun2026 11:55:47.859] [c2me-worker-0/WARN] [net.minecraft.world.entity.EntityType/]: Skipping Entity with id aquaculture:arrau_turtle
[24Jun2026 11:55:47.859] [c2me-worker-0/WARN] [net.minecraft.world.entity.EntityType/]: Skipping Entity with id aquaculture:arrau_turtle
[24Jun2026 11:55:47.859] [c2me-worker-0/WARN] [net.minecraft.world.entity.EntityType/]: Skipping Entity with id aquaculture:arrau_turtle
[24Jun2026 11:55:47.864] [c2me-worker-0/WARN] [net.minecraft.world.entity.EntityType/]: Skipping Entity with id aquaculture:arrau_turtle
[24Jun2026 11:56:45.952] [Server thread/INFO] [net.minecraft.server.MinecraftServer/]: SaniMati has made the advancement [Suit Up]
[24Jun2026 11:58:41.396] [Server thread/INFO] [net.minecraft.server.MinecraftServer/]: SaniMati has made the advancement [Monster Hunter]
[24Jun2026 11:58:45.280] [Server thread/INFO] [Chunk Activity Tracker/]: Saving data for 24 chunks for dimension 'overworld' took 1 milliseconds
[24Jun2026 11:59:17.247] [Server thread/INFO] [net.minecraft.server.MinecraftServer/]: SaniMati has made the advancement [Crops of the Wild]
[24Jun2026 11:59:38.514] [Server thread/INFO] [net.minecraft.server.MinecraftServer/]: SaniMati has made the advancement [Find a Weird-Looking Egg]
[24Jun2026 11:59:38.515] [Server thread/INFO] [net.minecraft.server.MinecraftServer/]: SaniMati has made the advancement [Find a Ghost Dragon Egg!]
[24Jun2026 12:00:01.320] [Server thread/INFO] [net.minecraft.server.MinecraftServer/]: kurama9410 was slain by Zombie
[24Jun2026 12:00:25.454] [Server thread/INFO] [com.b1n_ry.yigd.Yigd/]: kurama9410 claimed a grave belonging to kurama9410 at 7, 88, 59, minecraft:overworld
[24Jun2026 12:00:42.587] [Server thread/INFO] [net.minecraft.server.MinecraftServer/]: kurama9410 was slain by Zombie
[24Jun2026 12:00:54.053] [Server thread/INFO] [net.minecraft.server.MinecraftServer/]: SaniMati fell from a high place
[24Jun2026 12:01:01.785] [Server thread/INFO] [net.minecraft.server.network.ServerGamePacketListenerImpl/]: SaniMati lost connection: Disconnected
[24Jun2026 12:01:01.785] [Server thread/INFO] [net.minecraft.server.MinecraftServer/]: SaniMati left the game
[24Jun2026 12:01:01.786] [Server thread/INFO] [xaero.pac.OpenPartiesAndClaims/]: Updating all forceload tickets for 6a5c0dae-9a72-4de6-a5cb-949d92d62a09
[24Jun2026 12:01:04.104] [Server thread/INFO] [net.minecraft.server.MinecraftServer/]: kurama9410 has made the advancement [Monster Hunter]
[24Jun2026 12:01:07.149] [Server thread/INFO] [com.b1n_ry.yigd.Yigd/]: kurama9410 claimed a grave belonging to kurama9410 at 9, 85, 73, minecraft:overworld
[24Jun2026 12:01:52.284] [Server thread/INFO] [net.minecraft.server.network.ServerGamePacketListenerImpl/]: kurama9410 lost connection: Disconnected
[24Jun2026 12:01:52.284] [Server thread/INFO] [net.minecraft.server.MinecraftServer/]: kurama9410 left the game
[24Jun2026 12:01:52.285] [Server thread/INFO] [xaero.pac.OpenPartiesAndClaims/]: Updating all forceload tickets for c41031bc-2c05-49a1-b2ab-0796f416d66a
[24Jun2026 12:03:45.153] [Server thread/INFO] [Chunk Activity Tracker/]: Saving data for 29 chunks for dimension 'overworld' took 5 milliseconds
[24Jun2026 12:03:45.177] [Server thread/INFO] [AllTheLeaks/]: Listing events...
[24Jun2026 12:03:45.177] [Server thread/INFO] [AllTheLeaks/]: Server Player Clone: 2
[24Jun2026 12:03:45.179] [Server thread/INFO] [AllTheLeaks/]: Server Player Logout: 3
[24Jun2026 12:03:45.179] [Server thread/INFO] [AllTheLeaks/]: Listing memory leaks so far...
[24Jun2026 12:03:45.181] [Server thread/INFO] [AllTheLeaks/]: Waiting to stabilize [0/10]
[24Jun2026 12:03:45.181] [Server thread/INFO] [AllTheLeaks/]: Memory Leaks detected: (/atl force_refresh to update)
[24Jun2026 12:03:45.181] [Server thread/INFO] [AllTheLeaks/]: | Player:
[24Jun2026 12:03:45.181] [Server thread/INFO] [AllTheLeaks/]: |- ServerPlayer (minecraft): 4
[24Jun2026 12:03:45.181] [Server thread/INFO] [AllTheLeaks/]: | ChunkAccess:
[24Jun2026 12:03:45.182] [Server thread/INFO] [AllTheLeaks/]: |- LevelChunk (minecraft): 164
[24Jun2026 12:08:45.138] [Server thread/INFO] [Chunk Activity Tracker/]: Saving data for 29 chunks for dimension 'overworld' took 3 milliseconds
[24Jun2026 12:13:45.136] [Server thread/INFO] [Chunk Activity Tracker/]: Saving data for 29 chunks for dimension 'overworld' took 0 milliseconds
[24Jun2026 12:13:45.226] [Server thread/INFO] [AllTheLeaks/]: Listing events...
[24Jun2026 12:13:45.226] [Server thread/INFO] [AllTheLeaks/]: Server Player Clone: 2
[24Jun2026 12:13:45.227] [Server thread/INFO] [AllTheLeaks/]: Server Player Logout: 3
[24Jun2026 12:13:45.227] [Server thread/INFO] [AllTheLeaks/]: Listing memory leaks so far...
[24Jun2026 12:13:45.227] [Server thread/INFO] [AllTheLeaks/]: Waiting to stabilize [0/10]
[24Jun2026 12:13:45.227] [Server thread/INFO] [AllTheLeaks/]: Memory Leaks detected: (/atl force_refresh to update)
[24Jun2026 12:13:45.227] [Server thread/INFO] [AllTheLeaks/]: | Player:
[24Jun2026 12:13:45.227] [Server thread/INFO] [AllTheLeaks/]: |- ServerPlayer (minecraft): 4
[24Jun2026 12:13:45.227] [Server thread/INFO] [AllTheLeaks/]: | ChunkAccess:
[24Jun2026 12:13:45.228] [Server thread/INFO] [AllTheLeaks/]: |- LevelChunk (minecraft): 164
[24Jun2026 12:18:45.135] [Server thread/INFO] [Chunk Activity Tracker/]: Saving data for 29 chunks for dimension 'overworld' took 1 milliseconds
[24Jun2026 12:23:45.134] [Server thread/INFO] [Chunk Activity Tracker/]: Saving data for 29 chunks for dimension 'overworld' took 1 milliseconds
[24Jun2026 12:23:45.276] [Server thread/INFO] [AllTheLeaks/]: Listing events...
[24Jun2026 12:23:45.276] [Server thread/INFO] [AllTheLeaks/]: Server Player Clone: 2
[24Jun2026 12:23:45.276] [Server thread/INFO] [AllTheLeaks/]: Server Player Logout: 3
[24Jun2026 12:23:45.277] [Server thread/INFO] [AllTheLeaks/]: Listing memory leaks so far...
[24Jun2026 12:23:45.277] [Server thread/INFO] [AllTheLeaks/]: Waiting to stabilize [0/10]
[24Jun2026 12:23:45.277] [Server thread/INFO] [AllTheLeaks/]: Memory Leaks detected: (/atl force_refresh to update)
[24Jun2026 12:23:45.277] [Server thread/INFO] [AllTheLeaks/]: | Player:
[24Jun2026 12:23:45.277] [Server thread/INFO] [AllTheLeaks/]: |- ServerPlayer (minecraft): 4
[24Jun2026 12:23:45.277] [Server thread/INFO] [AllTheLeaks/]: | ChunkAccess:
[24Jun2026 12:23:45.278] [Server thread/INFO] [AllTheLeaks/]: |- LevelChunk (minecraft): 164
[24Jun2026 12:24:45.308] [User Authenticator #4/INFO] [net.minecraft.server.network.ServerLoginPacketListenerImpl/]: UUID of player SkibidiMaster61 is 3ef18cef-0018-48a0-8dbb-e21de1f6e9db
[24Jun2026 12:24:49.782] [Server thread/INFO] [net.minecraft.server.players.PlayerList/]: SkibidiMaster61[/91.141.32.135:14083] logged in with entity id 2223 at (-17.246692595132213, 91.0, 54.861090221636275)
[24Jun2026 12:24:49.799] [Server thread/INFO] [net.minecraft.advancements.AdvancementTree/]: Loaded 6481 advancements
[24Jun2026 12:24:49.799] [Server thread/INFO] [net.minecraft.advancements.AdvancementTree/]: Loaded 6481 advancements
[24Jun2026 12:24:49.800] [Server thread/INFO] [net.minecraft.advancements.AdvancementTree/]: Loaded 6481 advancements
[24Jun2026 12:24:49.800] [Server thread/INFO] [net.minecraft.advancements.AdvancementTree/]: Loaded 6481 advancements
[24Jun2026 12:24:49.801] [Server thread/INFO] [net.minecraft.advancements.AdvancementTree/]: Loaded 6481 advancements
[24Jun2026 12:24:49.801] [Server thread/INFO] [net.minecraft.advancements.AdvancementTree/]: Loaded 6481 advancements
[24Jun2026 12:24:49.803] [Server thread/INFO] [net.minecraft.advancements.AdvancementTree/]: Loaded 6481 advancements
[24Jun2026 12:24:49.803] [Server thread/INFO] [net.minecraft.advancements.AdvancementTree/]: Loaded 6481 advancements
[24Jun2026 12:24:49.803] [Server thread/INFO] [net.minecraft.advancements.AdvancementTree/]: Loaded 6481 advancements
[24Jun2026 12:24:49.803] [Server thread/INFO] [net.minecraft.advancements.AdvancementTree/]: Loaded 6481 advancements
[24Jun2026 12:24:49.803] [Server thread/INFO] [net.minecraft.advancements.AdvancementTree/]: Loaded 6481 advancements
[24Jun2026 12:24:49.804] [Server thread/INFO] [net.minecraft.advancements.AdvancementTree/]: Loaded 6481 advancements
[24Jun2026 12:24:49.804] [Server thread/INFO] [net.minecraft.advancements.AdvancementTree/]: Loaded 6481 advancements
[24Jun2026 12:24:49.806] [Server thread/INFO] [net.minecraft.advancements.AdvancementTree/]: Loaded 6481 advancements
[24Jun2026 12:24:49.806] [Server thread/INFO] [net.minecraft.advancements.AdvancementTree/]: Loaded 6481 advancements
[24Jun2026 12:24:49.806] [Server thread/INFO] [net.minecraft.advancements.AdvancementTree/]: Loaded 6481 advancements
[24Jun2026 12:24:49.807] [Server thread/INFO] [net.minecraft.advancements.AdvancementTree/]: Loaded 6481 advancements
[24Jun2026 12:24:49.809] [Server thread/INFO] [net.minecraft.advancements.AdvancementTree/]: Loaded 6481 advancements
[24Jun2026 12:24:49.809] [Server thread/INFO] [net.minecraft.advancements.AdvancementTree/]: Loaded 6481 advancements
[24Jun2026 12:24:49.809] [Server thread/INFO] [net.minecraft.advancements.AdvancementTree/]: Loaded 6481 advancements
[24Jun2026 12:24:49.810] [Server thread/INFO] [net.minecraft.advancements.AdvancementTree/]: Loaded 6481 advancements
[24Jun2026 12:24:49.810] [Server thread/INFO] [net.minecraft.advancements.AdvancementTree/]: Loaded 6481 advancements
[24Jun2026 12:24:49.865] [Server thread/ERROR] [io.wispforest.lmft.LMFTCommon/]: [Load My F***ing Tags]: It seems that some tags are a bit cooked. Look at the Logs for more details on broken functions. 
[24Jun2026 12:24:49.873] [Server thread/INFO] [net.minecraft.server.MinecraftServer/]: SkibidiMaster61 joined the game
[24Jun2026 12:24:49.882] [Server thread/INFO] [com.loadingprotection.LoadingProtectionMod/]: [LoadingProtection] onPlayerLogin event fired!
[24Jun2026 12:24:49.883] [Server thread/INFO] [com.loadingprotection.LoadingProtectionMod/]: [LoadingProtection] Player SkibidiMaster61 logged in, protection active for 30 seconds
[24Jun2026 12:24:49.897] [Server thread/INFO] [xaero.pac.OpenPartiesAndClaims/]: Updating all forceload tickets for 3ef18cef-0018-48a0-8dbb-e21de1f6e9db
[24Jun2026 12:24:49.919] [Server thread/INFO] [com.yanny.ali.network.AbstractServer/]: Started syncing loot info to SkibidiMaster61
[24Jun2026 12:24:49.921] [Server thread/INFO] [com.yanny.ali.network.AbstractServer/]: Finished syncing loot info to SkibidiMaster61
[24Jun2026 12:24:49.922] [Server thread/INFO] [dmr/]: Player logged in, syncing server configs
[24Jun2026 12:24:50.582] [Server thread/INFO] [pingwheel/]: Channel update: SkibidiMaster61 -> default
[24Jun2026 12:24:50.583] [Server thread/INFO] [com.b1n_ry.yigd.Yigd/]: Priority overwritten for player SkibidiMaster61. Claiming: GRAVE / Robbing: INVENTORY
[24Jun2026 12:25:19.885] [Server thread/INFO] [com.loadingprotection.LoadingProtectionMod/]: Loading protection expired. (player SkibidiMaster61)
[24Jun2026 12:25:30.388] [Server thread/INFO] [net.minecraft.server.MinecraftServer/]: SkibidiMaster61 was shot by Skeleton
[24Jun2026 12:25:43.885] [Server thread/INFO] [net.minecraft.server.network.ServerGamePacketListenerImpl/]: SkibidiMaster61 lost connection: Disconnected
[24Jun2026 12:25:43.885] [Server thread/INFO] [net.minecraft.server.MinecraftServer/]: SkibidiMaster61 left the game
[24Jun2026 12:25:43.885] [Server thread/INFO] [xaero.pac.OpenPartiesAndClaims/]: Updating all forceload tickets for 3ef18cef-0018-48a0-8dbb-e21de1f6e9db
[24Jun2026 12:28:45.141] [Server thread/INFO] [Chunk Activity Tracker/]: Saving data for 29 chunks for dimension 'overworld' took 5 milliseconds
[24Jun2026 12:33:45.153] [Server thread/INFO] [Chunk Activity Tracker/]: Saving data for 29 chunks for dimension 'overworld' took 2 milliseconds
[24Jun2026 12:33:45.326] [Server thread/INFO] [AllTheLeaks/]: Listing events...
[24Jun2026 12:33:45.326] [Server thread/INFO] [AllTheLeaks/]: Server Player Clone: 3
[24Jun2026 12:33:45.326] [Server thread/INFO] [AllTheLeaks/]: Server Player Logout: 4
[24Jun2026 12:33:45.326] [Server thread/INFO] [AllTheLeaks/]: Listing memory leaks so far...
[24Jun2026 12:33:45.326] [Server thread/INFO] [AllTheLeaks/]: Waiting to stabilize [0/10]
[24Jun2026 12:33:45.326] [Server thread/INFO] [AllTheLeaks/]: Memory Leaks detected: (/atl force_refresh to update)
[24Jun2026 12:33:45.326] [Server thread/INFO] [AllTheLeaks/]: | Player:
[24Jun2026 12:33:45.326] [Server thread/INFO] [AllTheLeaks/]: |- ServerPlayer (minecraft): 5
[24Jun2026 12:33:45.326] [Server thread/INFO] [AllTheLeaks/]: | ChunkAccess:
[24Jun2026 12:33:45.326] [Server thread/INFO] [AllTheLeaks/]: |- LevelChunk (minecraft): 82
[24Jun2026 12:38:45.136] [Server thread/INFO] [Chunk Activity Tracker/]: Saving data for 29 chunks for dimension 'overworld' took 1 milliseconds
[24Jun2026 12:43:45.142] [Server thread/INFO] [Chunk Activity Tracker/]: Saving data for 29 chunks for dimension 'overworld' took 1 milliseconds
[24Jun2026 12:43:45.376] [Server thread/INFO] [AllTheLeaks/]: Listing events...
[24Jun2026 12:43:45.376] [Server thread/INFO] [AllTheLeaks/]: Server Player Clone: 3
[24Jun2026 12:43:45.376] [Server thread/INFO] [AllTheLeaks/]: Server Player Logout: 4
[24Jun2026 12:43:45.376] [Server thread/INFO] [AllTheLeaks/]: Listing memory leaks so far...
[24Jun2026 12:43:45.376] [Server thread/INFO] [AllTheLeaks/]: Waiting to stabilize [0/10]
[24Jun2026 12:43:45.376] [Server thread/INFO] [AllTheLeaks/]: Memory Leaks detected: (/atl force_refresh to update)
[24Jun2026 12:43:45.376] [Server thread/INFO] [AllTheLeaks/]: | Player:
[24Jun2026 12:43:45.376] [Server thread/INFO] [AllTheLeaks/]: |- ServerPlayer (minecraft): 5
[24Jun2026 12:43:45.376] [Server thread/INFO] [AllTheLeaks/]: | ChunkAccess:
[24Jun2026 12:43:45.377] [Server thread/INFO] [AllTheLeaks/]: |- LevelChunk (minecraft): 82
[24Jun2026 12:48:45.140] [Server thread/INFO] [Chunk Activity Tracker/]: Saving data for 29 chunks for dimension 'overworld' took 1 milliseconds
[24Jun2026 12:53:45.138] [Server thread/INFO] [Chunk Activity Tracker/]: Saving data for 29 chunks for dimension 'overworld' took 0 milliseconds
[24Jun2026 12:53:45.426] [Server thread/INFO] [AllTheLeaks/]: Listing events...
[24Jun2026 12:53:45.426] [Server thread/INFO] [AllTheLeaks/]: Server Player Clone: 3
[24Jun2026 12:53:45.426] [Server thread/INFO] [AllTheLeaks/]: Server Player Logout: 4
[24Jun2026 12:53:45.426] [Server thread/INFO] [AllTheLeaks/]: Listing memory leaks so far...
[24Jun2026 12:53:45.426] [Server thread/INFO] [AllTheLeaks/]: Waiting to stabilize [0/10]
[24Jun2026 12:53:45.426] [Server thread/INFO] [AllTheLeaks/]: Memory Leaks detected: (/atl force_refresh to update)
[24Jun2026 12:53:45.427] [Server thread/INFO] [AllTheLeaks/]: | Player:
[24Jun2026 12:53:45.427] [Server thread/INFO] [AllTheLeaks/]: |- ServerPlayer (minecraft): 5
[24Jun2026 12:53:45.427] [Server thread/INFO] [AllTheLeaks/]: | ChunkAccess:
[24Jun2026 12:53:45.427] [Server thread/INFO] [AllTheLeaks/]: |- LevelChunk (minecraft): 82
[24Jun2026 12:58:45.145] [Server thread/INFO] [Chunk Activity Tracker/]: Saving data for 29 chunks for dimension 'overworld' took 3 milliseconds
[24Jun2026 13:03:45.135] [Server thread/INFO] [Chunk Activity Tracker/]: Saving data for 29 chunks for dimension 'overworld' took 1 milliseconds
[24Jun2026 13:03:45.476] [Server thread/INFO] [AllTheLeaks/]: Listing events...
[24Jun2026 13:03:45.476] [Server thread/INFO] [AllTheLeaks/]: Server Player Clone: 3
[24Jun2026 13:03:45.476] [Server thread/INFO] [AllTheLeaks/]: Server Player Logout: 4
[24Jun2026 13:03:45.476] [Server thread/INFO] [AllTheLeaks/]: Listing memory leaks so far...
[24Jun2026 13:03:45.476] [Server thread/INFO] [AllTheLeaks/]: Waiting to stabilize [0/10]
[24Jun2026 13:03:45.476] [Server thread/INFO] [AllTheLeaks/]: Memory Leaks detected: (/atl force_refresh to update)
[24Jun2026 13:03:45.476] [Server thread/INFO] [AllTheLeaks/]: | Player:
[24Jun2026 13:03:45.476] [Server thread/INFO] [AllTheLeaks/]: |- ServerPlayer (minecraft): 5
[24Jun2026 13:03:45.477] [Server thread/INFO] [AllTheLeaks/]: | ChunkAccess:
[24Jun2026 13:03:45.477] [Server thread/INFO] [AllTheLeaks/]: |- LevelChunk (minecraft): 82
[24Jun2026 13:08:07.128] [Server thread/INFO] [net.minecraft.server.MinecraftServer/]: Stopping the server
[24Jun2026 13:08:07.183] [Server thread/INFO] [com.yanny.aci.manager.CorePluginManager/]: Deregistering server plugin data...
[24Jun2026 13:08:07.186] [Server thread/INFO] [com.yanny.aci.manager.CorePluginManager/]: Deregistering server plugin data finished
[24Jun2026 13:08:07.190] [C2ME Storage #24/INFO] [C2ME Storage/]: Storage thread Thread[#141,C2ME Storage #24,5,SERVER] stopped
[24Jun2026 13:08:07.190] [C2ME Storage #23/INFO] [C2ME Storage/]: Storage thread Thread[#140,C2ME Storage #23,5,SERVER] stopped
[24Jun2026 13:08:07.190] [C2ME Storage #22/INFO] [C2ME Storage/]: Storage thread Thread[#139,C2ME Storage #22,5,SERVER] stopped
[24Jun2026 13:08:07.201] [Server thread/INFO] [net.minecraft.server.MinecraftServer/]: Stopping server
[24Jun2026 13:08:07.203] [Server thread/INFO] [net.minecraft.server.MinecraftServer/]: Saving players
[24Jun2026 13:08:07.203] [Server thread/INFO] [net.minecraft.server.MinecraftServer/]: Saving worlds
[24Jun2026 13:08:07.214] [Server thread/INFO] [net.minecraft.server.MinecraftServer/]: ServerLevel[world]/minecraft:overworld: waiting for 841 chunks to unload
[24Jun2026 13:08:07.467] [Server thread/INFO] [net.minecraft.server.MinecraftServer/]: Saving chunks for level 'ServerLevel[world]'/minecraft:overworld
[24Jun2026 13:08:07.752] [Server thread/INFO] [net.minecraft.server.MinecraftServer/]: Saving chunks for level 'ServerLevel[world]'/aether:the_aether
[24Jun2026 13:08:07.755] [Server thread/INFO] [net.minecraft.server.MinecraftServer/]: Saving chunks for level 'ServerLevel[world]'/deeperdarker:otherside
[24Jun2026 13:08:07.757] [Server thread/INFO] [net.minecraft.server.MinecraftServer/]: Saving chunks for level 'ServerLevel[world]'/minecraft:the_end
[24Jun2026 13:08:07.759] [Server thread/INFO] [net.minecraft.server.MinecraftServer/]: Saving chunks for level 'ServerLevel[world]'/minecraft:the_nether
[24Jun2026 13:08:07.760] [Server thread/INFO] [net.minecraft.server.MinecraftServer/]: Saving chunks for level 'ServerLevel[world]'/twilightforest:twilight_forest
[24Jun2026 13:08:07.766] [Server thread/INFO] [net.minecraft.server.MinecraftServer/]: ThreadedAnvilChunkStorage (world): All chunks are saved
[24Jun2026 13:08:07.766] [Server thread/INFO] [net.minecraft.server.MinecraftServer/]: ThreadedAnvilChunkStorage (the_aether): All chunks are saved
[24Jun2026 13:08:07.767] [Server thread/INFO] [net.minecraft.server.MinecraftServer/]: ThreadedAnvilChunkStorage (otherside): All chunks are saved
[24Jun2026 13:08:07.768] [Server thread/INFO] [net.minecraft.server.MinecraftServer/]: ThreadedAnvilChunkStorage (DIM1): All chunks are saved
[24Jun2026 13:08:07.768] [Server thread/INFO] [net.minecraft.server.MinecraftServer/]: ThreadedAnvilChunkStorage (DIM-1): All chunks are saved
[24Jun2026 13:08:07.769] [Server thread/INFO] [net.minecraft.server.MinecraftServer/]: ThreadedAnvilChunkStorage (twilight_forest): All chunks are saved
[24Jun2026 13:08:07.769] [Server thread/INFO] [net.minecraft.server.MinecraftServer/]: ThreadedAnvilChunkStorage: All dimensions are saved
[24Jun2026 13:08:07.780] [C2ME Storage #3/INFO] [C2ME Storage/]: Storage thread Thread[#95,C2ME Storage #3,5,SERVER] stopped
[24Jun2026 13:08:07.792] [C2ME Storage #2/INFO] [C2ME Storage/]: Storage thread Thread[#94,C2ME Storage #2,5,SERVER] stopped
[24Jun2026 13:08:07.804] [C2ME Storage #6/INFO] [C2ME Storage/]: Storage thread Thread[#111,C2ME Storage #6,5,SERVER] stopped
[24Jun2026 13:08:07.803] [C2ME Storage #1/INFO] [C2ME Storage/]: Storage thread Thread[#93,C2ME Storage #1,5,SERVER] stopped
[24Jun2026 13:08:07.805] [C2ME Storage #4/INFO] [C2ME Storage/]: Storage thread Thread[#97,C2ME Storage #4,5,SERVER] stopped
[24Jun2026 13:08:07.804] [C2ME Storage #5/INFO] [C2ME Storage/]: Storage thread Thread[#98,C2ME Storage #5,5,SERVER] stopped
[24Jun2026 13:08:07.813] [C2ME Storage #9/INFO] [C2ME Storage/]: Storage thread Thread[#115,C2ME Storage #9,5,SERVER] stopped
[24Jun2026 13:08:07.813] [C2ME Storage #8/INFO] [C2ME Storage/]: Storage thread Thread[#114,C2ME Storage #8,5,SERVER] stopped
[24Jun2026 13:08:07.815] [C2ME Storage #7/INFO] [C2ME Storage/]: Storage thread Thread[#113,C2ME Storage #7,5,SERVER] stopped
[24Jun2026 13:08:07.821] [C2ME Storage #11/INFO] [C2ME Storage/]: Storage thread Thread[#117,C2ME Storage #11,5,SERVER] stopped
[24Jun2026 13:08:07.821] [C2ME Storage #10/INFO] [C2ME Storage/]: Storage thread Thread[#116,C2ME Storage #10,5,SERVER] stopped
[24Jun2026 13:08:07.820] [C2ME Storage #12/INFO] [C2ME Storage/]: Storage thread Thread[#118,C2ME Storage #12,5,SERVER] stopped
[24Jun2026 13:08:07.822] [C2ME Storage #15/INFO] [C2ME Storage/]: Storage thread Thread[#121,C2ME Storage #15,5,SERVER] stopped
[24Jun2026 13:08:07.823] [C2ME Storage #14/INFO] [C2ME Storage/]: Storage thread Thread[#120,C2ME Storage #14,5,SERVER] stopped
[24Jun2026 13:08:07.823] [C2ME Storage #13/INFO] [C2ME Storage/]: Storage thread Thread[#119,C2ME Storage #13,5,SERVER] stopped
[24Jun2026 13:08:07.824] [C2ME Storage #18/INFO] [C2ME Storage/]: Storage thread Thread[#124,C2ME Storage #18,5,SERVER] stopped
[24Jun2026 13:08:07.825] [C2ME Storage #16/INFO] [C2ME Storage/]: Storage thread Thread[#122,C2ME Storage #16,5,SERVER] stopped
[24Jun2026 13:08:07.824] [C2ME Storage #17/INFO] [C2ME Storage/]: Storage thread Thread[#123,C2ME Storage #17,5,SERVER] stopped
[24Jun2026 13:08:08.850] [Server thread/INFO] [Framework/]: Unloading server configs...
[24Jun2026 13:08:08.856] [Server thread/INFO] [Framework/]: Sending config unload event for backpacked.server.toml
[24Jun2026 13:08:08.858] [Server thread/INFO] [Framework/]: Sending config unload event for goblintraders-entities.toml
[24Jun2026 13:08:08.858] [Server thread/INFO] [Framework/]: Finished unloading server configs
[24Jun2026 13:08:08.858] [Server thread/INFO] [Chunk Activity Tracker/]: Server stopping, clearing chunk activity tracking map.
[24Jun2026 13:08:08.861] [Server thread/INFO] [xaero.pac.OpenPartiesAndClaims/]: Stopping IO worker...
[24Jun2026 13:08:08.864] [Server thread/INFO] [xaero.pac.OpenPartiesAndClaims/]: Stopped IO worker!
[24Jun2026 13:08:08.876] [Server thread/INFO] [Puzzles Lib/]: Dispatching unloading event for config easyanvils-server.toml
[24Jun2026 13:08:08.878] [Server thread/INFO] [Puzzles Lib/]: Dispatching unloading event for config leavesbegone-server.toml
[24Jun2026 13:08:08.878] [Server thread/INFO] [Puzzles Lib/]: Dispatching unloading event for config netherchested-server.toml
[24Jun2026 13:08:08.879] [Server thread/INFO] [Puzzles Lib/]: Dispatching unloading event for config convenienteffects-server.toml
[24Jun2026 13:08:08.882] [Server thread/INFO] [Puzzles Lib/]: Dispatching unloading event for config illagerinvasion-server.toml
[24Jun2026 13:08:08.885] [Server thread/INFO] [Puzzles Lib/]: Dispatching unloading event for config tradingpost-server.toml
[24Jun2026 13:08:08.885] [Server thread/INFO] [Puzzles Lib/]: Dispatching unloading event for config easymagic-server.toml
[24Jun2026 13:08:08.885] [Server thread/INFO] [Puzzles Lib/]: Dispatching unloading event for config skeletonaifix-server.toml
[24Jun2026 13:08:08.885] [Server thread/INFO] [Puzzles Lib/]: Dispatching unloading event for config magnumtorch-server.toml
[24Jun2026 13:08:08.886] [Server thread/INFO] [Puzzles Lib/]: Dispatching unloading event for config barteringstation-server.toml
